사고번호,사고일시,요일,시군구,사고내용,사망자수,중상자수,경상자수,부상신고자수,사고유형,법규위반,노면상태,기상상태,도로형태,가해운전자 차종,가해운전자 성별,가해운전자 연령,가해운전자 상해정도,피해운전자 차종,피해운전자 성별,피해운전자 연령,피해운전자 상해정도
2020010700100143,2020년 1월 7일 08시,화요일,충청남도 천안시 서북구 불당동,경상사고,0,0,1,0,차량단독 - 기타,기타,젖음/습기,비,단일로 - 기타,승용,남,63세,상해없음,,,,
2020010700100144,2020년 1월 7일 08시,화요일,충청남도 천안시 서북구 입장면,경상사고,0,0,1,0,차대사람 - 차도통행중,안전운전불이행,젖음/습기,비,단일로 - 기타,승용,여,32세,상해없음,보행자,여,54세,경상
2020010700100171,2020년 1월 7일 09시,화요일,충청남도 천안시 서북구 두정동,경상사고,0,0,1,0,차대차 - 측면충돌,교차로운행방법위반,젖음/습기,비,교차로 - 교차로안,승용,남,67세,상해없음,승용,여,60세,경상
2020010700100172,2020년 1월 7일 09시,화요일,충청남도 천안시 서북구 불당동,중상사고,0,1,0,0,차대차 - 측면충돌,차로위반,젖음/습기,비,단일로 - 기타,화물,남,59세,상해없음,승용,여,38세,중상
2020010700100173,2020년 1월 7일 09시,화요일,충청남도 아산시 배방읍,경상사고,0,0,2,0,차대차 - 추돌,안전운전불이행,젖음/습기,비,교차로 - 교차로부근,화물,남,31세,상해없음,승용,남,51세,경상
2020010700100284,2020년 1월 7일 13시,화요일,충청남도 서산시 음암면,중상사고,0,1,0,0,차대사람 - 횡단중,안전운전불이행,젖음/습기,비,단일로 - 기타,화물,남,76세,상해없음,보행자,남,38세,중상
2020010700100285,2020년 1월 7일 13시,화요일,충청남도 천안시 동남구 신부동,중상사고,0,1,1,0,차대차 - 추돌,안전거리미확보,건조,맑음,교차로 - 교차로안,승합,남,26세,상해없음,승용,여,55세,경상
2020010700100318,2020년 1월 7일 14시,화요일,충청남도 천안시 서북구 두정동,경상사고,0,0,1,0,차대차 - 측면충돌,교차로운행방법위반,젖음/습기,비,교차로 - 교차로안,승용,남,29세,상해없음,이륜,남,19세,경상
2020010700100363,2020년 1월 7일 16시,화요일,충청남도 아산시 신창면,경상사고,0,0,1,0,차대차 - 기타,안전운전불이행,젖음/습기,비,교차로 - 교차로안,승용,남,73세,상해없음,승용,남,56세,경상
2020010700100422,2020년 1월 7일 17시,화요일,충청남도 서산시 동문동,경상사고,0,0,2,0,차대차 - 측면충돌,교차로운행방법위반,젖음/습기,비,교차로 - 교차로안,승용,여,53세,상해없음,승용,남,68세,경상
2020010700100423,2020년 1월 7일 17시,화요일,충청남도 홍성군 구항면,경상사고,0,0,1,0,차대차 - 측면충돌,중앙선침범,젖음/습기,비,기타 - 기타,승합,남,59세,상해없음,승용,남,67세,경상
2020010700100424,2020년 1월 7일 17시,화요일,충청남도 보령시 동대동,경상사고,0,0,1,0,차대사람 - 횡단중,보행자보호의무위반,건조,맑음,단일로 - 기타,승용,여,60세,상해없음,보행자,여,9세,경상
2020010700100425,2020년 1월 7일 17시,화요일,충청남도 예산군 예산읍,중상사고,0,1,2,0,차대차 - 정면충돌,직진우회전진행방해,젖음/습기,비,교차로 - 교차로안,승용,남,61세,경상,승용,남,19세,경상
2020010700100426,2020년 1월 7일 17시,화요일,충청남도 당진시 채운동,경상사고,0,0,1,0,차대차 - 측면충돌,차로위반,젖음/습기,비,단일로 - 기타,승용,여,79세,상해없음,승용,여,44세,경상
2020010700100427,2020년 1월 7일 17시,화요일,충청남도 당진시 송악읍,경상사고,0,0,5,0,차대차 - 정면충돌,중앙선침범,젖음/습기,비,단일로 - 기타,화물,남,63세,상해없음,승용,남,49세,경상
2020010700100487,2020년 1월 7일 18시,화요일,충청남도 천안시 서북구 불당동,경상사고,0,0,2,0,차대차 - 측면충돌,중앙선침범,젖음/습기,비,단일로 - 기타,승용,남,38세,상해없음,승합,남,49세,상해없음
2020010700100488,2020년 1월 7일 18시,화요일,충청남도 천안시 서북구 불당동,경상사고,0,0,1,0,차대차 - 측면충돌,중앙선침범,젖음/습기,비,단일로 - 기타,승용,여,46세,상해없음,승용,남,32세,경상
2020010700100489,2020년 1월 7일 18시,화요일,충청남도 아산시 음봉면,경상사고,0,0,1,0,차대차 - 기타,안전운전불이행,젖음/습기,비,교차로 - 교차로안,승용,남,35세,기타불명,승용,남,36세,경상
2020010700100490,2020년 1월 7일 18시,화요일,충청남도 천안시 동남구 청수동,중상사고,0,1,0,0,차대차 - 측면충돌,직진우회전진행방해,건조,맑음,교차로 - 교차로안,승용,남,65세,상해없음,이륜,남,49세,중상
2020010700100558,2020년 1월 7일 19시,화요일,충청남도 아산시 온천동,중상사고,0,1,0,0,차대사람 - 기타,보행자보호의무위반,젖음/습기,비,단일로 - 기타,기타불명,기타불명,미분류,기타불명,보행자,남,29세,중상
2020010700100611,2020년 1월 7일 20시,화요일,충청남도 천안시 서북구 성정동,중상사고,0,1,0,0,차대차 - 측면충돌,안전거리미확보,젖음/습기,비,단일로 - 기타,화물,남,58세,상해없음,이륜,남,37세,중상
2020010700100612,2020년 1월 7일 20시,화요일,충청남도 논산시 취암동,경상사고,0,0,1,0,차대사람 - 횡단중,안전운전불이행,젖음/습기,비,단일로 - 기타,이륜,남,17세,상해없음,보행자,남,45세,경상
2020010700100613,2020년 1월 7일 20시,화요일,충청남도 아산시 탕정면,경상사고,0,0,4,0,차대차 - 기타,중앙선침범,젖음/습기,흐림,단일로 - 기타,승합,남,60세,상해없음,승용,남,43세,경상
2020010700100614,2020년 1월 7일 20시,화요일,충청남도 보령시 동대동,중상사고,0,1,0,0,차대사람 - 횡단중,안전운전불이행,젖음/습기,비,단일로 - 기타,승용,여,63세,상해없음,보행자,여,76세,중상
2020010700100615,2020년 1월 7일 20시,화요일,충청남도 천안시 동남구 신방동,중상사고,0,1,1,0,차대차 - 측면충돌,안전운전불이행,젖음/습기,비,교차로 - 교차로안,승용,남,27세,상해없음,승용,여,31세,중상
2020010700100673,2020년 1월 7일 21시,화요일,충청남도 천안시 서북구 성정동,경상사고,0,0,1,0,차대사람 - 횡단중,안전운전불이행,젖음/습기,비,교차로 - 교차로안,승용,여,63세,상해없음,보행자,남,35세,경상
2020010700100743,2020년 1월 7일 23시,화요일,충청남도 천안시 서북구 두정동,경상사고,0,0,1,0,차대사람 - 기타,안전운전불이행,젖음/습기,비,교차로 - 교차로부근,승용,남,30세,상해없음,보행자,남,23세,경상
2020010700100744,2020년 1월 7일 23시,화요일,충청남도 천안시 서북구 불당동,경상사고,0,0,2,0,차대차 - 추돌,안전운전불이행,젖음/습기,비,교차로 - 교차로부근,승용,여,40세,상해없음,승용,남,21세,경상
2020010800100038,2020년 1월 8일 02시,수요일,충청남도 천안시 서북구 두정동,경상사고,0,0,1,0,차대차 - 정면충돌,안전운전불이행,젖음/습기,비,교차로 - 교차로안,승용,남,57세,상해없음,이륜,남,26세,경상
2020010800100056,2020년 1월 8일 04시,수요일,충청남도 당진시 시곡리,경상사고,0,0,1,0,차대차 - 후진중충돌,안전운전불이행,건조,맑음,단일로 - 기타,화물,남,28세,상해없음,승용,남,65세,경상
2020010800100075,2020년 1월 8일 06시,수요일,충청남도 천안시 서북구 두정동,경상사고,0,0,1,0,차대차 - 추돌,신호위반,젖음/습기,비,교차로 - 교차로안,승용,남,47세,상해없음,승용,남,39세,경상
2020010800100076,2020년 1월 8일 06시,수요일,충청남도 천안시 서북구 두정동,중상사고,0,1,1,0,차대차 - 기타,안전운전불이행,젖음/습기,비,단일로 - 기타,승용,남,55세,상해없음,승용,남,37세,중상
2020010800100108,2020년 1월 8일 07시,수요일,충청남도 아산시 배방읍,경상사고,0,0,2,0,차대차 - 기타,안전운전불이행,건조,맑음,단일로 - 기타,승용,여,38세,상해없음,화물,남,52세,경상
2020010800100109,2020년 1월 8일 07시,수요일,충청남도 아산시 염치읍,경상사고,0,0,1,0,차대차 - 측면충돌,안전운전불이행,건조,맑음,단일로 - 기타,승용,남,44세,상해없음,화물,남,35세,경상
2020010800100142,2020년 1월 8일 08시,수요일,충청남도 천안시 서북구 두정동,경상사고,0,0,3,0,차대차 - 측면충돌,안전운전불이행,젖음/습기,비,교차로 - 교차로안,승용,남,63세,경상,승용,남,40세,경상
2020010800100143,2020년 1월 8일 08시,수요일,충청남도 천안시 서북구 두정동,경상사고,0,0,1,0,차대차 - 추돌,안전거리미확보,젖음/습기,비,단일로 - 기타,이륜,남,25세,경상,승합,남,53세,상해없음
2020010800100144,2020년 1월 8일 08시,수요일,충청남도 금산군 추부면,경상사고,0,0,1,0,차량단독 - 전도전복 - 전복,안전운전불이행,건조,맑음,단일로 - 기타,승용,남,22세,경상,,,,
2020010800100177,2020년 1월 8일 09시,수요일,충청남도 당진시 대덕리,경상사고,0,0,1,0,차대차 - 기타,직진우회전진행방해,젖음/습기,비,교차로 - 교차로안,화물,남,49세,상해없음,자전거,남,51세,경상
2020010800100205,2020년 1월 8일 10시,수요일,충청남도 천안시 서북구 직산읍,경상사고,0,0,1,1,차대차 - 측면충돌,신호위반,젖음/습기,비,교차로 - 교차로안,승합,남,28세,부상신고,승용,남,39세,경상
2020010800100206,2020년 1월 8일 10시,수요일,충청남도 당진시 채운동,경상사고,0,0,2,0,차대차 - 측면충돌,신호위반,젖음/습기,비,교차로 - 교차로안,화물,남,70세,상해없음,승용,남,51세,경상
2020010800100232,2020년 1월 8일 11시,수요일,충청남도 천안시 서북구 성정동,중상사고,0,1,0,0,차대사람 - 횡단중,보행자보호의무위반,젖음/습기,흐림,교차로 - 교차로부근,화물,남,36세,상해없음,보행자,남,79세,중상
2020010800100233,2020년 1월 8일 11시,수요일,충청남도 서천군 장항읍,경상사고,0,0,1,0,차량단독 - 공작물충돌,안전운전불이행,젖음/습기,비,교차로 - 교차로부근,승용,남,43세,경상,,,,
2020010800100263,2020년 1월 8일 12시,수요일,충청남도 당진시 송산면,경상사고,0,0,5,0,차대차 - 측면충돌,직진우회전진행방해,젖음/습기,흐림,교차로 - 교차로안,승용,여,66세,경상,화물,남,58세,경상
2020010800100297,2020년 1월 8일 13시,수요일,충청남도 당진시 순성면,중상사고,0,2,0,0,차대차 - 측면충돌,직진우회전진행방해,건조,맑음,교차로 - 교차로안,승합,남,63세,상해없음,화물,남,75세,중상
2020010800100320,2020년 1월 8일 14시,수요일,충청남도 서산시 석림동,중상사고,0,1,0,0,차대차 - 기타,안전거리미확보,건조,맑음,교차로 - 교차로부근,화물,남,54세,상해없음,승합,남,55세,상해없음
2020010800100321,2020년 1월 8일 14시,수요일,충청남도 예산군 예산읍,경상사고,0,0,2,0,차대차 - 측면충돌,직진우회전진행방해,건조,맑음,교차로 - 교차로안,화물,남,71세,상해없음,승용,남,69세,상해없음
2020010800100322,2020년 1월 8일 14시,수요일,충청남도 부여군 석성면,중상사고,0,1,0,0,차대차 - 기타,중앙선침범,건조,흐림,단일로 - 기타,승용,남,53세,상해없음,화물,남,29세,중상
2020010800100350,2020년 1월 8일 15시,수요일,충청남도 서산시 동문동,중상사고,0,1,0,0,차대사람 - 보도통행중,기타,건조,흐림,교차로 - 교차로부근,화물,여,57세,상해없음,보행자,남,53세,중상
2020010800100373,2020년 1월 8일 16시,수요일,충청남도 천안시 서북구 성환읍,중상사고,0,1,0,0,차량단독 - 기타,신호위반,건조,맑음,교차로 - 교차로안,승합,남,50세,상해없음,,,,
2020010800100530,2020년 1월 8일 20시,수요일,충청남도 홍성군 광천읍,중상사고,0,1,1,0,차대차 - 측면충돌,신호위반,젖음/습기,흐림,교차로 - 교차로안,승용,남,26세,경상,승용,남,37세,중상
2020010800100531,2020년 1월 8일 20시,수요일,충청남도 당진시 송악읍,부상신고사고,0,0,0,1,차대차 - 측면충돌,직진우회전진행방해,건조,맑음,교차로 - 교차로안,승용,남,48세,상해없음,승합,남,53세,부상신고
2020010800100555,2020년 1월 8일 21시,수요일,충청남도 천안시 서북구 백석동,경상사고,0,0,1,0,차대차 - 추돌,안전운전불이행,건조,맑음,단일로 - 기타,승용,남,34세,상해없음,승용,남,35세,경상
2020010800100556,2020년 1월 8일 21시,수요일,충청남도 천안시 서북구 쌍용동,경상사고,0,0,1,0,차대차 - 기타,교차로운행방법위반,건조,맑음,교차로 - 교차로안,승용,남,27세,상해없음,이륜,남,42세,경상
2020010800100580,2020년 1월 8일 22시,수요일,충청남도 공주시 신관동,부상신고사고,0,0,0,1,차대사람 - 기타,안전운전불이행,건조,맑음,교차로 - 교차로안,승용,남,52세,상해없음,보행자,남,18세,부상신고
2020010900100053,2020년 1월 9일 06시,목요일,충청남도 아산시 배방읍,중상사고,0,1,1,0,차대차 - 측면충돌,신호위반,건조,맑음,교차로 - 교차로안,승용,남,57세,경상,승용,여,43세,중상
2020010900100098,2020년 1월 9일 08시,목요일,충청남도 천안시 서북구 불당동,경상사고,0,0,1,0,차대차 - 추돌,안전운전불이행,건조,맑음,단일로 - 기타,승용,남,30세,상해없음,승용,남,54세,경상
2020010900100150,2020년 1월 9일 10시,목요일,충청남도 천안시 서북구 불당동,경상사고,0,0,1,0,차대차 - 추돌,안전거리미확보,건조,맑음,교차로 - 교차로부근,승용,여,35세,상해없음,승용,남,27세,경상
2020010900100151,2020년 1월 9일 10시,목요일,충청남도 아산시 영인면,중상사고,0,1,3,0,차대차 - 추돌,안전운전불이행,건조,맑음,단일로 - 기타,화물,남,33세,중상,건설기계,남,54세,상해없음
2020010900100181,2020년 1월 9일 11시,목요일,충청남도 천안시 서북구 성정동,경상사고,0,0,1,0,차대차 - 측면충돌,차로위반,건조,맑음,교차로 - 교차로부근,특수,남,54세,상해없음,승용,여,51세,경상
2020010900100182,2020년 1월 9일 11시,목요일,충청남도 천안시 동남구 청당동,중상사고,0,1,0,0,차대차 - 측면충돌,안전운전불이행,건조,맑음,교차로 - 교차로안,승용,여,31세,상해없음,승용,남,65세,중상
2020010900100202,2020년 1월 9일 12시,목요일,충청남도 아산시 신창면,경상사고,0,0,1,0,차대차 - 측면충돌,안전운전불이행,건조,맑음,단일로 - 기타,승용,남,30세,상해없음,승용,남,41세,경상
2020010900100222,2020년 1월 9일 13시,목요일,충청남도 서산시 예천동,경상사고,0,0,3,0,차대차 - 추돌,안전운전불이행,건조,맑음,단일로 - 기타,승용,남,60세,상해없음,화물,남,37세,경상
2020010900100224,2020년 1월 9일 13시,목요일,충청남도 논산시 은진면,사망사고,1,0,0,0,차량단독 - 공작물충돌,안전운전불이행,건조,맑음,단일로 - 기타,이륜,남,75세,사망,,,,
2020010900100225,2020년 1월 9일 13시,목요일,충청남도 서천군 서천읍,경상사고,0,0,4,0,차대차 - 측면충돌,직진우회전진행방해,건조,맑음,교차로 - 교차로안,승용,남,27세,경상,승용,남,56세,경상
2020010900100226,2020년 1월 9일 13시,목요일,충청남도 예산군 덕산면,중상사고,0,1,2,0,차대차 - 측면충돌,직진우회전진행방해,건조,맑음,교차로 - 교차로부근,승용,여,39세,상해없음,승용,여,57세,경상
2020010900100227,2020년 1월 9일 13시,목요일,충청남도 태안군 태안읍,중상사고,0,1,0,0,차대사람 - 기타,안전운전불이행,기타,맑음,단일로 - 기타,화물,남,50세,상해없음,보행자,남,46세,중상
2020010900100327,2020년 1월 9일 16시,목요일,충청남도 예산군 삽교읍,경상사고,0,0,1,0,차대차 - 기타,불법유턴,건조,맑음,교차로 - 교차로부근,승용,남,31세,상해없음,승용,여,65세,경상
2020010900100358,2020년 1월 9일 17시,목요일,충청남도 서산시 갈산동,경상사고,0,0,2,0,차대차 - 기타,직진우회전진행방해,건조,맑음,교차로 - 교차로부근,승용,남,21세,경상,승용,남,51세,경상
2020010900100359,2020년 1월 9일 17시,목요일,충청남도 부여군 부여읍,경상사고,0,0,2,0,차대차 - 측면충돌,안전운전불이행,건조,맑음,주차장 - 주차장,화물,남,63세,상해없음,승용,남,22세,경상
2020010900100405,2020년 1월 9일 18시,목요일,충청남도 서산시 잠홍동,중상사고,0,1,0,0,차대차 - 기타,안전운전불이행,건조,맑음,단일로 - 기타,승용,남,51세,중상,승용,남,26세,상해없음
2020010900100406,2020년 1월 9일 18시,목요일,충청남도 천안시 서북구 성정동,경상사고,0,0,1,0,차대사람 - 기타,안전운전불이행,건조,맑음,교차로 - 교차로안,승용,남,28세,상해없음,보행자,남,70세,경상
2020010900100407,2020년 1월 9일 18시,목요일,충청남도 예산군 덕산면,중상사고,0,1,0,0,차대사람 - 길가장자리구역통행중,안전운전불이행,건조,맑음,주차장 - 주차장,승용,여,69세,상해없음,보행자,여,81세,중상
2020010900100457,2020년 1월 9일 19시,목요일,충청남도 천안시 서북구 성거읍,경상사고,0,0,1,0,차대차 - 정면충돌,안전운전불이행,건조,맑음,교차로 - 교차로안,승용,남,48세,상해없음,승용,여,71세,경상
2020010900100490,2020년 1월 9일 20시,목요일,충청남도 홍성군 홍북읍,경상사고,0,0,1,0,차대차 - 측면충돌,중앙선침범,건조,맑음,단일로 - 기타,승용,남,58세,상해없음,이륜,남,42세,경상
2020010900100491,2020년 1월 9일 20시,목요일,충청남도 서천군 마서면,경상사고,0,0,2,0,차대차 - 측면충돌,안전운전불이행,건조,맑음,교차로 - 교차로안,승용,남,35세,상해없음,승용,여,50세,경상
2020010900100517,2020년 1월 9일 21시,목요일,충청남도 천안시 서북구 성정동,경상사고,0,0,1,0,차대차 - 정면충돌,안전운전불이행,건조,맑음,교차로 - 교차로안,승용,남,29세,상해없음,승용,남,34세,경상
2020010900100532,2020년 1월 9일 22시,목요일,충청남도 공주시 신기동,경상사고,0,0,1,0,차대차 - 측면충돌,안전거리미확보,건조,맑음,단일로 - 기타,특수,남,54세,상해없음,화물,남,56세,경상
2020010900100554,2020년 1월 9일 23시,목요일,충청남도 아산시 용화동,중상사고,0,1,1,0,차대차 - 정면충돌,안전운전불이행,건조,맑음,교차로 - 교차로안,승용,남,37세,상해없음,승용,여,54세,중상
2020011000100016,2020년 1월 10일 01시,금요일,충청남도 아산시 탕정면,중상사고,0,1,0,0,차량단독 - 공작물충돌,안전운전불이행,건조,맑음,단일로 - 기타,승용,남,21세,상해없음,,,,
2020011000100027,2020년 1월 10일 02시,금요일,충청남도 서산시 성연면,중상사고,0,1,0,0,차대차 - 추돌,안전운전불이행,건조,맑음,단일로 - 기타,승용,남,17세,중상,승합,남,50세,기타불명
2020011000100050,2020년 1월 10일 05시,금요일,충청남도 천안시 동남구 동면,중상사고,0,1,0,0,차량단독 - 공작물충돌,안전운전불이행,서리/결빙,맑음,단일로 - 기타,화물,남,64세,중상,,,,
2020011000100065,2020년 1월 10일 06시,금요일,충청남도 서산시 읍내동,중상사고,0,1,0,0,차대사람 - 길가장자리구역통행중,안전운전불이행,건조,맑음,단일로 - 기타,승합,여,51세,상해없음,보행자,남,67세,중상
2020011000100066,2020년 1월 10일 06시,금요일,충청남도 서천군 장항읍,중상사고,0,1,0,0,차대사람 - 기타,안전운전불이행,건조,맑음,단일로 - 기타,승용,남,39세,상해없음,보행자,여,67세,중상
2020011000100143,2020년 1월 10일 09시,금요일,충청남도 서산시 수석동,경상사고,0,0,1,0,차대차 - 측면충돌,안전운전불이행,건조,맑음,교차로 - 교차로안,승용,여,56세,상해없음,승용,여,35세,경상
2020011000100144,2020년 1월 10일 09시,금요일,충청남도 아산시 용화동,경상사고,0,0,1,0,차대사람 - 기타,기타,건조,맑음,단일로 - 기타,원동기,남,53세,상해없음,보행자,남,3세,경상
2020011000100145,2020년 1월 10일 09시,금요일,충청남도 예산군 응봉면,경상사고,0,0,4,0,차대차 - 측면충돌,신호위반,건조,맑음,교차로 - 교차로안,승용,여,46세,상해없음,승용,여,37세,경상
2020011000100184,2020년 1월 10일 10시,금요일,충청남도 천안시 서북구 두정동,경상사고,0,0,1,0,차대차 - 측면충돌,직진우회전진행방해,건조,맑음,교차로 - 교차로안,화물,남,53세,상해없음,승용,남,32세,경상
2020011000100185,2020년 1월 10일 10시,금요일,충청남도 홍성군 갈산면,중상사고,0,1,0,0,차량단독 - 도로외이탈 - 추락,안전운전불이행,건조,맑음,단일로 - 기타,화물,남,81세,중상,,,,
2020011000100210,2020년 1월 10일 11시,금요일,충청남도 천안시 서북구 성정동,경상사고,0,0,3,0,차대차 - 측면충돌,신호위반,건조,맑음,교차로 - 교차로안,승용,남,66세,상해없음,승용,여,19세,경상
2020011000100247,2020년 1월 10일 12시,금요일,충청남도 보령시 동대동,중상사고,0,1,0,0,차대차 - 측면충돌,직진우회전진행방해,건조,맑음,교차로 - 교차로안,승용,여,29세,상해없음,이륜,남,59세,중상
2020011000100248,2020년 1월 10일 12시,금요일,충청남도 천안시 동남구 사직동,경상사고,0,0,1,0,차대사람 - 기타,안전운전불이행,건조,맑음,기타 - 기타,승합,남,77세,상해없음,보행자,여,69세,경상
2020011000100287,2020년 1월 10일 13시,금요일,충청남도 천안시 서북구 쌍용동,경상사고,0,0,1,0,차대차 - 측면충돌,직진우회전진행방해,건조,맑음,교차로 - 교차로안,승용,여,44세,상해없음,이륜,남,78세,경상
2020011000100288,2020년 1월 10일 13시,금요일,충청남도 홍성군 홍북읍,중상사고,0,1,0,0,차대차 - 측면충돌,안전운전불이행,건조,맑음,교차로 - 교차로안,승용,남,38세,상해없음,이륜,남,17세,중상
2020011000100289,2020년 1월 10일 13시,금요일,충청남도 당진시 석문면,중상사고,0,2,0,0,차대차 - 추돌,안전운전불이행,건조,맑음,교차로 - 교차로안,승용,남,70세,상해없음,승용,여,60세,중상
2020011000100318,2020년 1월 10일 14시,금요일,충청남도 예산군 예산읍,경상사고,0,0,1,0,차대차 - 측면충돌,안전운전불이행,건조,맑음,교차로 - 교차로부근,이륜,남,81세,상해없음,승용,여,26세,경상
2020011000100319,2020년 1월 10일 14시,금요일,충청남도 천안시 동남구 봉명동,경상사고,0,0,1,0,차대사람 - 기타,기타,건조,맑음,기타 - 기타,화물,남,67세,상해없음,보행자,여,75세,경상
2020011000100320,2020년 1월 10일 14시,금요일,충청남도 천안시 동남구 삼룡동,경상사고,0,0,1,0,차대차 - 추돌,안전운전불이행,건조,맑음,단일로 - 기타,승용,여,46세,상해없음,화물,남,44세,경상
2020011000100415,2020년 1월 10일 17시,금요일,충청남도 서산시 동문동,중상사고,0,1,0,0,차대차 - 추돌,안전거리미확보,건조,맑음,교차로 - 교차로안,승용,여,48세,상해없음,이륜,남,52세,중상
2020011000100416,2020년 1월 10일 17시,금요일,충청남도 서산시 해미면,사망사고,1,0,0,0,차대사람 - 길가장자리구역통행중,안전운전불이행,건조,맑음,교차로 - 교차로안,승합,여,56세,상해없음,보행자,여,7세,사망
2020011000100465,2020년 1월 10일 18시,금요일,충청남도 천안시 서북구 불당동,경상사고,0,0,2,0,차대차 - 측면충돌,중앙선침범,건조,맑음,교차로 - 교차로부근,승용,남,27세,상해없음,승용,남,60세,경상
2020011000100466,2020년 1월 10일 18시,금요일,충청남도 천안시 서북구 성거읍,중상사고,0,3,0,0,차대차 - 측면충돌,안전거리미확보,건조,맑음,교차로 - 교차로부근,승용,남,52세,상해없음,승용,남,42세,중상
2020011000100467,2020년 1월 10일 18시,금요일,충청남도 천안시 동남구 영성동,경상사고,0,0,1,0,차대사람 - 횡단중,보행자보호의무위반,건조,맑음,교차로 - 교차로횡단보도내,승용,남,72세,상해없음,보행자,남,73세,경상
2020011000100515,2020년 1월 10일 19시,금요일,충청남도 천안시 동남구 목천읍,중상사고,0,1,1,0,차대사람 - 횡단중,보행자보호의무위반,건조,맑음,교차로 - 교차로안,승용,남,53세,상해없음,보행자,남,53세,경상
2020011000100516,2020년 1월 10일 19시,금요일,충청남도 천안시 동남구 신방동,경상사고,0,0,1,0,차대차 - 후진중충돌,안전운전불이행,건조,맑음,단일로 - 기타,화물,남,68세,상해없음,이륜,남,40세,경상
2020011000100552,2020년 1월 10일 20시,금요일,충청남도 공주시 웅진동,경상사고,0,0,1,0,차대차 - 측면충돌,중앙선침범,건조,맑음,단일로 - 기타,승용,남,64세,상해없음,화물,남,63세,경상
2020011000100553,2020년 1월 10일 20시,금요일,충청남도 당진시 원당리,중상사고,0,1,0,0,차대차 - 기타,교차로운행방법위반,건조,맑음,교차로 - 교차로안,승용,남,21세,상해없음,이륜,남,44세,중상
2020011000100601,2020년 1월 10일 22시,금요일,충청남도 서산시 성연면,경상사고,0,0,1,0,차대차 - 추돌,안전운전불이행,건조,맑음,단일로 - 기타,승용,남,53세,상해없음,이륜,남,32세,경상
2020011100100031,2020년 1월 11일 01시,토요일,충청남도 천안시 서북구 성정동,경상사고,0,0,1,0,차대차 - 추돌,안전운전불이행,건조,맑음,교차로 - 교차로부근,승용,남,30세,상해없음,승용,남,42세,상해없음
2020011100100042,2020년 1월 11일 02시,토요일,충청남도 천안시 서북구 성정동,경상사고,0,0,1,0,차대사람 - 횡단중,보행자보호의무위반,건조,맑음,교차로 - 교차로횡단보도내,승용,남,26세,상해없음,보행자,여,23세,경상
2020011100100056,2020년 1월 11일 04시,토요일,충청남도 서산시 읍내동,경상사고,0,0,2,0,차대차 - 측면충돌,신호위반,건조,맑음,교차로 - 교차로안,승용,남,46세,상해없음,승용,남,42세,경상
2020011100100057,2020년 1월 11일 04시,토요일,충청남도 천안시 서북구 성정동,경상사고,0,0,1,0,차대차 - 정면충돌,안전운전불이행,건조,맑음,단일로 - 기타,승용,남,32세,상해없음,승용,남,35세,경상
2020011100100064,2020년 1월 11일 05시,토요일,충청남도 논산시 연산면,경상사고,0,0,2,0,차대차 - 정면충돌,중앙선침범,건조,맑음,단일로 - 기타,승용,남,23세,상해없음,화물,남,51세,경상
2020011100100065,2020년 1월 11일 05시,토요일,충청남도 공주시 금흥동,중상사고,0,1,0,0,차량단독 - 공작물충돌,안전운전불이행,건조,맑음,교차로 - 교차로안,승용,남,36세,중상,,,,
2020011100100087,2020년 1월 11일 07시,토요일,충청남도 천안시 동남구 안서동,중상사고,0,1,0,0,차대차 - 정면충돌,교차로운행방법위반,젖음/습기,흐림,교차로 - 교차로안,승용,남,62세,상해없음,승합,남,45세,상해없음
2020011100100100,2020년 1월 11일 08시,토요일,충청남도 천안시 서북구 쌍용동,경상사고,0,0,1,0,차대차 - 기타,안전거리미확보,건조,맑음,단일로 - 기타,승용,남,66세,상해없음,승용,여,51세,경상
2020011100100149,2020년 1월 11일 10시,토요일,충청남도 당진시 신평면,중상사고,0,1,2,0,차대차 - 정면충돌,교차로운행방법위반,건조,맑음,교차로 - 교차로안,승용,남,80세,상해없음,승용,여,58세,중상
2020011100100184,2020년 1월 11일 11시,토요일,충청남도 서천군 마서면,경상사고,0,0,3,0,차대차 - 측면충돌,안전운전불이행,건조,맑음,단일로 - 기타,승용,여,55세,경상,승용,남,24세,경상
2020011100100185,2020년 1월 11일 11시,토요일,충청남도 공주시 탄천면,경상사고,0,0,2,0,차대차 - 추돌,안전운전불이행,건조,맑음,기타 - 기타,승용,남,53세,상해없음,승용,남,67세,경상
2020011100100217,2020년 1월 11일 12시,토요일,충청남도 서산시 읍내동,중상사고,0,1,0,0,차량단독 - 기타,안전운전불이행,건조,맑음,교차로 - 교차로안,승용,남,49세,상해없음,,,,
2020011100100218,2020년 1월 11일 12시,토요일,충청남도 공주시 사곡면,중상사고,0,1,0,0,차대차 - 측면충돌,신호위반,건조,맑음,교차로 - 교차로안,승용,남,26세,상해없음,승용,여,63세,중상
2020011100100219,2020년 1월 11일 12시,토요일,충청남도 예산군 예산읍,경상사고,0,0,1,0,차대차 - 추돌,안전운전불이행,건조,맑음,교차로 - 교차로부근,승용,여,44세,상해없음,승용,여,52세,상해없음
2020011100100323,2020년 1월 11일 15시,토요일,충청남도 천안시 서북구 부대동,부상신고사고,0,0,0,1,차대사람 - 기타,안전운전불이행,젖음/습기,비,단일로 - 기타,기타불명,기타불명,미분류,기타불명,보행자,남,75세,부상신고