사고번호,사고일시,요일,시군구,사고내용,사망자수,중상자수,경상자수,부상신고자수,사고유형,법규위반,노면상태,기상상태,도로형태,가해운전자 차종,가해운전자 성별,가해운전자 연령,가해운전자 상해정도,피해운전자 차종,피해운전자 성별,피해운전자 연령,피해운전자 상해정도
2020011600100514,2020년 1월 16일 19시,목요일,충청남도 아산시 영인면,경상사고,0,0,2,0,차대차 - 기타,안전운전불이행,건조,흐림,단일로 - 기타,승용,남,23세,경상,승용,남,39세,상해없음
2020011600100515,2020년 1월 16일 19시,목요일,충청남도 당진시 신평면,경상사고,0,0,1,0,차량단독 - 공작물충돌,안전운전불이행,서리/결빙,맑음,단일로 - 기타,화물,남,64세,경상,,,,
2020011600100547,2020년 1월 16일 20시,목요일,충청남도 공주시 신관동,경상사고,0,0,1,0,차대차 - 측면충돌,안전운전불이행,건조,맑음,교차로 - 교차로안,승용,남,60세,상해없음,승합,남,53세,경상
2020011600100548,2020년 1월 16일 20시,목요일,충청남도 천안시 동남구 병천면,경상사고,0,0,1,0,차대차 - 기타,중앙선침범,건조,맑음,단일로 - 기타,승합,남,60세,상해없음,승용,여,57세,경상
2020011600100573,2020년 1월 16일 21시,목요일,충청남도 천안시 서북구 불당동,경상사고,0,0,2,0,차대차 - 측면충돌,안전운전불이행,건조,맑음,교차로 - 교차로안,승용,남,48세,상해없음,승용,남,23세,경상
2020011600100574,2020년 1월 16일 21시,목요일,충청남도 천안시 서북구 불당동,경상사고,0,0,1,0,차대차 - 추돌,안전운전불이행,건조,맑음,단일로 - 기타,승용,남,47세,상해없음,승용,여,36세,경상
2020011700100015,2020년 1월 17일 01시,금요일,충청남도 아산시 권곡동,경상사고,0,0,1,0,차대차 - 기타,중앙선침범,건조,맑음,단일로 - 기타,승용,남,52세,상해없음,승용,여,39세,경상
2020011700100077,2020년 1월 17일 07시,금요일,충청남도 서산시 수석동,중상사고,0,1,1,0,차대차 - 정면충돌,신호위반,건조,맑음,교차로 - 교차로안,승용,남,35세,상해없음,화물,남,23세,중상
2020011700100078,2020년 1월 17일 07시,금요일,충청남도 천안시 서북구 불당동,경상사고,0,0,1,0,차대차 - 측면충돌,교차로운행방법위반,건조,맑음,교차로 - 교차로안,승합,남,61세,상해없음,승용,남,38세,경상
2020011700100079,2020년 1월 17일 07시,금요일,충청남도 아산시 둔포면,경상사고,0,0,1,0,차대사람 - 기타,보행자보호의무위반,서리/결빙,흐림,교차로 - 교차로부근,이륜,남,68세,기타불명,보행자,여,52세,경상
2020011700100080,2020년 1월 17일 07시,금요일,충청남도 천안시 동남구 신방동,중상사고,0,1,0,0,차대사람 - 횡단중,보행자보호의무위반,건조,맑음,단일로 - 기타,승용,여,49세,상해없음,보행자,여,64세,중상
2020011700100104,2020년 1월 17일 08시,금요일,충청남도 홍성군 홍성읍,중상사고,0,1,0,0,차대사람 - 차도통행중,안전운전불이행,건조,맑음,단일로 - 기타,승용,여,50세,상해없음,보행자,여,56세,중상
2020011700100105,2020년 1월 17일 08시,금요일,충청남도 보령시 남포면,중상사고,0,1,0,0,차대사람 - 횡단중,안전운전불이행,건조,흐림,단일로 - 기타,화물,남,65세,상해없음,보행자,여,81세,중상
2020011700100154,2020년 1월 17일 10시,금요일,충청남도 천안시 서북구 성정동,경상사고,0,0,3,0,차대차 - 측면충돌,안전운전불이행,건조,맑음,교차로 - 교차로안,승용,남,57세,상해없음,승용,남,62세,경상
2020011700100203,2020년 1월 17일 12시,금요일,충청남도 천안시 서북구 성정동,경상사고,0,0,1,0,차대차 - 측면충돌,안전운전불이행,건조,맑음,교차로 - 교차로안,승합,남,65세,상해없음,승용,여,25세,경상
2020011700100204,2020년 1월 17일 12시,금요일,충청남도 천안시 동남구 동면,중상사고,0,1,0,0,차대차 - 기타,기타,건조,맑음,단일로 - 기타,특수,남,51세,상해없음,화물,남,40세,중상
2020011700100265,2020년 1월 17일 14시,금요일,충청남도 천안시 서북구 불당동,경상사고,0,0,1,0,차대차 - 측면충돌,안전운전불이행,건조,맑음,교차로 - 교차로안,승용,여,36세,상해없음,자전거,남,10세,경상
2020011700100266,2020년 1월 17일 14시,금요일,충청남도 보령시 청소면,중상사고,0,1,0,0,차대차 - 기타,중앙선침범,건조,맑음,단일로 - 기타,승용,남,71세,상해없음,승용,남,73세,상해없음
2020011700100309,2020년 1월 17일 15시,금요일,충청남도 천안시 서북구 백석동,중상사고,0,1,0,0,차대차 - 기타,신호위반,건조,맑음,단일로 - 기타,승용,여,78세,상해없음,자전거,남,85세,중상
2020011700100310,2020년 1월 17일 15시,금요일,충청남도 천안시 서북구 백석동,경상사고,0,0,5,0,차대차 - 기타,신호위반,건조,맑음,교차로 - 교차로안,승용,남,69세,상해없음,승용,남,36세,경상
2020011700100311,2020년 1월 17일 15시,금요일,충청남도 당진시 우강면,경상사고,0,0,2,0,차대차 - 측면충돌,신호위반,건조,맑음,교차로 - 교차로안,승용,여,44세,경상,승용,남,49세,경상
2020011700100432,2020년 1월 17일 18시,금요일,충청남도 아산시 탕정면,경상사고,0,0,1,0,차대차 - 기타,중앙선침범,건조,맑음,단일로 - 기타,승용,남,69세,상해없음,승용,남,46세,경상
2020011700100433,2020년 1월 17일 18시,금요일,충청남도 보령시 동대동,경상사고,0,0,1,0,차대사람 - 횡단중,안전운전불이행,건조,맑음,단일로 - 기타,승용,남,40세,상해없음,보행자,여,44세,경상
2020011700100434,2020년 1월 17일 18시,금요일,충청남도 공주시 금흥동,경상사고,0,0,2,0,차대차 - 측면충돌,직진우회전진행방해,건조,맑음,교차로 - 교차로안,승용,여,25세,상해없음,승합,남,50세,경상
2020011700100493,2020년 1월 17일 19시,금요일,충청남도 서산시 석림동,중상사고,0,1,0,0,차대사람 - 횡단중,신호위반,건조,흐림,교차로 - 교차로횡단보도내,화물,남,19세,상해없음,보행자,남,45세,중상
2020011700100536,2020년 1월 17일 20시,금요일,충청남도 서산시 읍내동,경상사고,0,0,1,0,차대차 - 정면충돌,안전운전불이행,건조,맑음,교차로 - 교차로부근,승용,남,48세,상해없음,이륜,남,42세,경상
2020011700100537,2020년 1월 17일 20시,금요일,충청남도 천안시 서북구 두정동,경상사고,0,0,1,0,차대차 - 추돌,안전운전불이행,건조,맑음,단일로 - 기타,승용,남,42세,상해없음,이륜,남,36세,경상
2020011700100605,2020년 1월 17일 22시,금요일,충청남도 금산군 부리면,경상사고,0,0,1,0,차량단독 - 도로외이탈 - 기타,안전운전불이행,건조,맑음,단일로 - 기타,승용,여,52세,경상,,,,
2020011700100606,2020년 1월 17일 22시,금요일,충청남도 천안시 동남구 원성동,사망사고,1,1,0,0,차대사람 - 횡단중,안전운전불이행,건조,맑음,교차로 - 교차로부근,승합,남,50세,상해없음,보행자,여,64세,사망
2020011800100021,2020년 1월 18일 01시,토요일,충청남도 서산시 예천동,중상사고,0,2,1,0,차대차 - 측면충돌,안전운전불이행,건조,맑음,교차로 - 교차로안,승용,남,30세,상해없음,승용,남,46세,중상
2020011800100059,2020년 1월 18일 05시,토요일,충청남도 홍성군 홍북읍,중상사고,0,1,1,0,차대차 - 측면충돌,신호위반,건조,맑음,교차로 - 교차로안,화물,여,70세,중상,화물,남,31세,경상
2020011800100077,2020년 1월 18일 06시,토요일,충청남도 천안시 서북구 백석동,사망사고,1,0,0,0,차대사람 - 횡단중,안전운전불이행,건조,맑음,교차로 - 교차로안,승용,여,54세,상해없음,보행자,여,20세,사망
2020011800100078,2020년 1월 18일 06시,토요일,충청남도 천안시 서북구 성환읍,경상사고,0,0,1,0,차대사람 - 횡단중,신호위반,건조,맑음,교차로 - 교차로안,승용,남,76세,상해없음,보행자,여,20세,경상
2020011800100130,2020년 1월 18일 09시,토요일,충청남도 공주시 산성동,중상사고,0,1,0,0,차대사람 - 횡단중,안전운전불이행,건조,맑음,교차로 - 교차로안,승용,남,57세,상해없음,보행자,여,72세,중상
2020011800100151,2020년 1월 18일 10시,토요일,충청남도 당진시 신평면,경상사고,0,0,1,0,차대차 - 추돌,안전운전불이행,건조,맑음,단일로 - 기타,승용,남,39세,상해없음,화물,남,24세,경상
2020011800100187,2020년 1월 18일 11시,토요일,충청남도 천안시 서북구 성환읍,중상사고,0,1,0,0,차량단독 - 기타,기타,건조,맑음,단일로 - 기타,승합,남,57세,상해없음,,,,
2020011800100188,2020년 1월 18일 11시,토요일,충청남도 태안군 태안읍,중상사고,0,1,0,0,차대사람 - 횡단중,보행자보호의무위반,건조,맑음,교차로 - 교차로횡단보도내,승용,여,60세,상해없음,보행자,남,56세,중상
2020011800100222,2020년 1월 18일 12시,토요일,충청남도 서산시 예천동,경상사고,0,0,2,0,차대차 - 정면충돌,안전운전불이행,건조,맑음,교차로 - 교차로횡단보도내,승용,남,55세,상해없음,승용,여,52세,경상
2020011800100223,2020년 1월 18일 12시,토요일,충청남도 서천군 장항읍,경상사고,0,0,1,0,차대차 - 기타,교차로운행방법위반,건조,맑음,교차로 - 교차로안,화물,남,50세,상해없음,자전거,남,71세,경상
2020011800100224,2020년 1월 18일 12시,토요일,충청남도 공주시 정안면,경상사고,0,0,1,0,차대차 - 측면충돌,안전운전불이행,건조,맑음,단일로 - 기타,승합,남,46세,상해없음,승용,남,35세,경상
2020011800100265,2020년 1월 18일 13시,토요일,충청남도 논산시 가야곡면,경상사고,0,0,2,0,차대차 - 측면충돌,교차로운행방법위반,건조,맑음,교차로 - 교차로안,이륜,남,80세,경상,승용,남,55세,경상
2020011800100266,2020년 1월 18일 13시,토요일,충청남도 홍성군 광천읍,중상사고,0,1,0,0,차대차 - 측면충돌,기타,건조,맑음,교차로 - 교차로안,승용,여,62세,상해없음,이륜,남,76세,중상
2020011800100267,2020년 1월 18일 13시,토요일,충청남도 보령시 대천동,중상사고,0,1,0,0,차대차 - 추돌,안전거리미확보,건조,맑음,단일로 - 기타,화물,남,51세,상해없음,이륜,남,50세,중상
2020011800100307,2020년 1월 18일 14시,토요일,충청남도 태안군 안면읍,경상사고,0,0,3,0,차대차 - 측면충돌,중앙선침범,건조,맑음,교차로 - 교차로안,승용,남,65세,상해없음,승용,남,69세,경상
2020011800100339,2020년 1월 18일 15시,토요일,충청남도 공주시 반포면,경상사고,0,0,2,0,차대차 - 추돌,안전거리미확보,건조,맑음,교차로 - 교차로부근,승용,남,34세,기타불명,승용,남,57세,경상
2020011800100340,2020년 1월 18일 15시,토요일,충청남도 천안시 동남구 대흥동,경상사고,0,0,2,0,차대차 - 기타,안전운전불이행,건조,맑음,교차로 - 교차로부근,승용,여,66세,상해없음,화물,남,36세,경상
2020011800100372,2020년 1월 18일 16시,토요일,충청남도 서산시 지곡면,중상사고,0,2,0,0,차량단독 - 공작물충돌,안전운전불이행,건조,맑음,교차로 - 교차로부근,승용,남,65세,중상,,,,
2020011800100373,2020년 1월 18일 16시,토요일,충청남도 논산시 취암동,중상사고,0,2,0,0,차대차 - 측면충돌,신호위반,건조,맑음,교차로 - 교차로안,승용,남,35세,상해없음,승용,남,65세,중상
2020011800100410,2020년 1월 18일 17시,토요일,충청남도 당진시 신평면,중상사고,0,3,0,0,차대차 - 추돌,안전운전불이행,건조,맑음,단일로 - 기타,승용,남,49세,상해없음,승용,여,48세,중상
2020011800100452,2020년 1월 18일 18시,토요일,충청남도 예산군 예산읍,경상사고,0,0,2,0,차대차 - 추돌,안전운전불이행,건조,맑음,교차로 - 교차로부근,화물,남,45세,상해없음,승용,남,26세,경상
2020011800100453,2020년 1월 18일 18시,토요일,충청남도 부여군 부여읍,중상사고,0,1,0,0,차대차 - 측면충돌,교차로운행방법위반,건조,맑음,교차로 - 교차로안,승용,여,70세,상해없음,승용,여,46세,중상
2020011800100454,2020년 1월 18일 18시,토요일,충청남도 천안시 동남구 목천읍,경상사고,0,0,4,0,차대차 - 측면충돌,직진우회전진행방해,건조,맑음,교차로 - 교차로안,승용,남,51세,상해없음,승용,남,65세,경상
2020011800100500,2020년 1월 18일 19시,토요일,충청남도 당진시 우강면,경상사고,0,0,1,0,차대사람 - 기타,안전운전불이행,건조,맑음,단일로 - 기타,승용,남,48세,상해없음,보행자,남,75세,경상
2020011800100552,2020년 1월 18일 21시,토요일,충청남도 천안시 동남구 청수동,중상사고,0,1,0,0,차대차 - 측면충돌,불법유턴,건조,맑음,단일로 - 기타,승용,남,23세,상해없음,이륜,남,36세,중상
2020011800100576,2020년 1월 18일 22시,토요일,충청남도 서산시 예천동,경상사고,0,0,2,0,차대차 - 정면충돌,중앙선침범,건조,맑음,교차로 - 교차로부근,승용,남,31세,상해없음,승용,여,27세,경상
2020011800100578,2020년 1월 18일 22시,토요일,충청남도 서천군 마서면,중상사고,0,1,0,0,차대차 - 측면충돌,안전운전불이행,건조,맑음,단일로 - 기타,승용,여,58세,상해없음,화물,남,20세,중상
2020011800100579,2020년 1월 18일 22시,토요일,충청남도 당진시 읍내리,경상사고,0,0,1,0,차대차 - 기타,신호위반,건조,맑음,교차로 - 교차로안,승용,여,22세,상해없음,이륜,남,22세,경상
2020011900100063,2020년 1월 19일 06시,일요일,충청남도 논산시 내동,사망사고,1,0,0,0,차대사람 - 횡단중,안전운전불이행,건조,맑음,교차로 - 교차로부근,화물,남,48세,상해없음,보행자,여,64세,사망
2020011900100064,2020년 1월 19일 06시,일요일,충청남도 천안시 서북구 성거읍,경상사고,0,0,1,0,차대차 - 기타,안전운전불이행,건조,맑음,단일로 - 기타,승용,남,30세,상해없음,화물,남,49세,경상
2020011900100074,2020년 1월 19일 07시,일요일,충청남도 아산시 온천동,중상사고,0,1,0,0,차대사람 - 횡단중,안전운전불이행,건조,맑음,교차로 - 교차로횡단보도내,승용,남,49세,상해없음,보행자,남,81세,중상
2020011900100075,2020년 1월 19일 07시,일요일,충청남도 천안시 동남구 광덕면,경상사고,0,0,2,0,차대차 - 추돌,안전운전불이행,건조,맑음,단일로 - 기타,승용,남,49세,경상,승용,남,52세,경상
2020011900100116,2020년 1월 19일 10시,일요일,충청남도 천안시 서북구 두정동,경상사고,0,0,1,0,차대차 - 측면충돌,직진우회전진행방해,건조,맑음,교차로 - 교차로안,승용,남,29세,상해없음,승용,여,55세,경상
2020011900100170,2020년 1월 19일 12시,일요일,충청남도 당진시 읍내리,중상사고,0,1,2,0,차대차 - 기타,안전운전불이행,건조,맑음,단일로 - 기타,승용,남,76세,상해없음,승용,남,71세,경상
2020011900100252,2020년 1월 19일 15시,일요일,충청남도 서산시 예천동,중상사고,0,2,0,0,차대차 - 정면충돌,안전운전불이행,젖음/습기,흐림,교차로 - 교차로안,승용,남,46세,중상,승용,여,59세,중상
2020011900100253,2020년 1월 19일 15시,일요일,충청남도 공주시 정안면,경상사고,0,0,4,0,차대차 - 추돌,안전운전불이행,건조,맑음,기타 - 기타,승용,남,72세,상해없음,승용,여,35세,경상
2020011900100280,2020년 1월 19일 16시,일요일,충청남도 청양군 정산면,경상사고,0,0,1,0,차대사람 - 보도통행중,안전운전불이행,건조,맑음,단일로 - 기타,화물,남,67세,상해없음,보행자,여,64세,경상
2020011900100300,2020년 1월 19일 17시,일요일,충청남도 아산시 용화동,경상사고,0,0,1,0,차대차 - 기타,신호위반,건조,맑음,교차로 - 교차로안,자전거,남,15세,상해없음,이륜,남,30세,경상
2020011900100301,2020년 1월 19일 17시,일요일,충청남도 보령시 주포면,중상사고,0,2,3,0,차대차 - 측면충돌,안전운전불이행,건조,맑음,단일로 - 기타,승용,남,27세,상해없음,승합,남,52세,경상
2020011900100333,2020년 1월 19일 18시,일요일,충청남도 공주시 금흥동,중상사고,0,1,0,0,차대사람 - 차도통행중,안전운전불이행,건조,맑음,교차로 - 교차로안,승용,남,71세,상해없음,보행자,여,71세,중상
2020011900100334,2020년 1월 19일 18시,일요일,충청남도 부여군 부여읍,경상사고,0,0,2,0,차대차 - 측면충돌,안전운전불이행,건조,맑음,교차로 - 교차로안,승용,남,33세,상해없음,승용,남,48세,경상
2020011900100335,2020년 1월 19일 18시,일요일,충청남도 태안군 태안읍,중상사고,0,1,3,0,차대차 - 측면충돌,신호위반,건조,맑음,교차로 - 교차로안,승용,남,41세,상해없음,승용,남,34세,경상
2020011900100374,2020년 1월 19일 19시,일요일,충청남도 천안시 서북구 쌍용동,경상사고,0,0,1,0,차대차 - 추돌,안전운전불이행,건조,맑음,교차로 - 교차로부근,승용,남,48세,상해없음,승용,남,51세,상해없음
2020011900100396,2020년 1월 19일 20시,일요일,충청남도 천안시 서북구 두정동,중상사고,0,1,0,0,차대차 - 추돌,안전거리미확보,건조,맑음,단일로 - 기타,화물,남,53세,상해없음,이륜,남,26세,중상
2020011900100417,2020년 1월 19일 21시,일요일,충청남도 서천군 장항읍,경상사고,0,0,1,0,차대사람 - 횡단중,안전운전불이행,건조,맑음,교차로 - 교차로안,승용,남,51세,상해없음,보행자,남,41세,경상
2020011900100434,2020년 1월 19일 22시,일요일,충청남도 서산시 대산읍,경상사고,0,0,1,0,차대차 - 추돌,안전운전불이행,건조,맑음,교차로 - 교차로안,승용,남,56세,상해없음,승용,남,41세,경상
2020012000100002,2020년 1월 20일 00시,월요일,충청남도 아산시 음봉면,경상사고,0,0,1,0,차대차 - 기타,안전운전불이행,건조,맑음,단일로 - 기타,기타불명,기타불명,미분류,기타불명,승용,여,54세,경상
2020012000100003,2020년 1월 20일 00시,월요일,충청남도 예산군 예산읍,중상사고,0,1,0,0,차대차 - 기타,안전운전불이행,건조,맑음,단일로 - 기타,승용,남,47세,상해없음,화물,남,19세,중상
2020012000100004,2020년 1월 20일 00시,월요일,충청남도 예산군 신암면,중상사고,0,1,0,0,차대차 - 측면충돌,신호위반,건조,맑음,교차로 - 교차로안,화물,남,63세,상해없음,승용,남,78세,중상
2020012000100027,2020년 1월 20일 04시,월요일,충청남도 서산시 석남동,중상사고,0,1,0,0,차대차 - 측면충돌,안전운전불이행,건조,맑음,교차로 - 교차로안,화물,남,43세,상해없음,화물,남,54세,중상
2020012000100060,2020년 1월 20일 06시,월요일,충청남도 아산시 모종동,경상사고,0,0,1,0,차대사람 - 기타,안전운전불이행,건조,맑음,교차로 - 교차로부근,승용,남,47세,상해없음,보행자,남,62세,경상
2020012000100084,2020년 1월 20일 07시,월요일,충청남도 당진시 고대면,경상사고,0,0,1,0,차대차 - 기타,안전운전불이행,서리/결빙,눈,단일로 - 기타,화물,남,58세,상해없음,승용,남,29세,경상
2020012000100085,2020년 1월 20일 07시,월요일,충청남도 당진시 수청리,중상사고,0,1,1,0,차대차 - 측면충돌,신호위반,서리/결빙,눈,교차로 - 교차로부근,승용,남,48세,상해없음,승용,남,78세,중상
2020012000100117,2020년 1월 20일 08시,월요일,충청남도 천안시 서북구 성거읍,경상사고,0,0,1,0,차대차 - 추돌,안전거리미확보,서리/결빙,눈,교차로 - 교차로부근,승용,여,29세,상해없음,승용,여,27세,경상
2020012000100118,2020년 1월 20일 08시,월요일,충청남도 당진시 고대면,중상사고,0,1,1,0,차대차 - 기타,안전운전불이행,서리/결빙,눈,기타 - 기타,승합,남,51세,상해없음,승용,남,40세,상해없음
2020012000100119,2020년 1월 20일 08시,월요일,충청남도 당진시 고대면,중상사고,0,1,3,0,차대차 - 기타,안전운전불이행,서리/결빙,눈,단일로 - 기타,승합,남,43세,상해없음,승용,남,35세,경상
2020012000100192,2020년 1월 20일 10시,월요일,충청남도 서천군 서천읍,중상사고,0,1,0,0,차대사람 - 횡단중,보행자보호의무위반,건조,맑음,교차로 - 교차로횡단보도내,승용,남,67세,상해없음,보행자,남,11세,중상
2020012000100193,2020년 1월 20일 10시,월요일,충청남도 부여군 홍산면,경상사고,0,0,1,0,차대차 - 측면충돌,교차로운행방법위반,건조,맑음,교차로 - 교차로안,이륜,남,83세,경상,화물,남,62세,상해없음
2020012000100194,2020년 1월 20일 10시,월요일,충청남도 태안군 태안읍,경상사고,0,0,1,0,차대차 - 측면충돌,교차로운행방법위반,건조,맑음,교차로 - 교차로안,이륜,남,77세,경상,승용,남,84세,상해없음
2020012000100227,2020년 1월 20일 11시,월요일,충청남도 천안시 서북구 두정동,경상사고,0,0,1,0,차대차 - 측면충돌,신호위반,건조,맑음,교차로 - 교차로안,승용,여,34세,상해없음,화물,남,49세,경상
2020012000100228,2020년 1월 20일 11시,월요일,충청남도 아산시 둔포면,중상사고,0,1,0,0,차대차 - 기타,신호위반,건조,맑음,교차로 - 교차로안,승용,남,54세,상해없음,이륜,여,71세,중상
2020012000100229,2020년 1월 20일 11시,월요일,충청남도 천안시 동남구 신부동,경상사고,0,0,2,0,차대차 - 측면충돌,안전운전불이행,건조,맑음,교차로 - 교차로부근,승합,남,51세,상해없음,승용,남,26세,경상
2020012000100273,2020년 1월 20일 12시,월요일,충청남도 천안시 서북구 성정동,경상사고,0,0,1,0,차대차 - 측면충돌,교차로운행방법위반,건조,맑음,교차로 - 교차로안,승합,남,63세,상해없음,승용,여,30세,경상
2020012000100274,2020년 1월 20일 12시,월요일,충청남도 천안시 동남구 원성동,경상사고,0,0,1,0,차대차 - 측면충돌,신호위반,건조,맑음,교차로 - 교차로안,승용,여,57세,상해없음,승용,여,50세,경상
2020012000100308,2020년 1월 20일 13시,월요일,충청남도 공주시 금흥동,경상사고,0,0,1,0,차대차 - 측면충돌,신호위반,건조,맑음,교차로 - 교차로안,승용,남,59세,상해없음,승용,남,45세,경상
2020012000100309,2020년 1월 20일 13시,월요일,충청남도 천안시 동남구 신방동,경상사고,0,0,1,0,차대차 - 기타,안전운전불이행,건조,맑음,단일로 - 기타,승용,여,52세,상해없음,승용,남,41세,경상
2020012000100310,2020년 1월 20일 13시,월요일,충청남도 태안군 태안읍,중상사고,0,1,0,0,차대차 - 정면충돌,중앙선침범,건조,맑음,교차로 - 교차로부근,승용,여,49세,중상,화물,남,60세,상해없음
2020012000100396,2020년 1월 20일 15시,월요일,충청남도 예산군 오가면,중상사고,0,2,3,0,차대차 - 추돌,안전거리미확보,건조,맑음,단일로 - 기타,승용,여,59세,상해없음,승용,남,57세,경상
2020012000100397,2020년 1월 20일 15시,월요일,충청남도 당진시 채운동,경상사고,0,0,2,0,차대차 - 정면충돌,교차로운행방법위반,젖음/습기,비,교차로 - 교차로안,승용,여,47세,상해없음,승용,남,59세,경상
2020012000100398,2020년 1월 20일 15시,월요일,충청남도 당진시 송악읍,경상사고,0,0,2,0,차대차 - 정면충돌,안전운전불이행,건조,맑음,단일로 - 기타,승용,남,54세,상해없음,화물,남,40세,경상
2020012000100437,2020년 1월 20일 16시,월요일,충청남도 아산시 둔포면,경상사고,0,0,2,0,차대차 - 기타,안전운전불이행,건조,맑음,단일로 - 기타,특수,남,36세,상해없음,승용,남,45세,경상
2020012000100480,2020년 1월 20일 17시,월요일,충청남도 계룡시 두마면,중상사고,0,1,0,0,차대사람 - 횡단중,보행자보호의무위반,건조,맑음,교차로 - 교차로횡단보도내,승용,여,34세,상해없음,보행자,남,67세,중상
2020012000100481,2020년 1월 20일 17시,월요일,충청남도 홍성군 홍성읍,경상사고,0,0,1,0,차대차 - 기타,교차로운행방법위반,건조,맑음,교차로 - 교차로안,승용,여,45세,상해없음,이륜,남,33세,경상
2020012000100482,2020년 1월 20일 17시,월요일,충청남도 아산시 영인면,경상사고,0,0,1,0,차대차 - 기타,안전운전불이행,건조,맑음,단일로 - 기타,승용,남,23세,상해없음,승용,남,38세,경상
2020012000100483,2020년 1월 20일 17시,월요일,충청남도 아산시 용화동,중상사고,0,1,0,0,차대차 - 기타,안전운전불이행,건조,맑음,교차로 - 교차로안,승용,남,28세,상해없음,승합,남,73세,중상
2020012000100484,2020년 1월 20일 17시,월요일,충청남도 천안시 동남구 광덕면,경상사고,0,0,1,0,차대차 - 추돌,안전운전불이행,건조,흐림,단일로 - 터널,화물,남,39세,상해없음,승용,남,59세,경상
2020012000100527,2020년 1월 20일 18시,월요일,충청남도 천안시 서북구 쌍용동,경상사고,0,0,1,0,차대사람 - 횡단중,보행자보호의무위반,건조,맑음,교차로 - 교차로횡단보도내,승용,남,76세,상해없음,보행자,여,45세,경상
2020012000100528,2020년 1월 20일 18시,월요일,충청남도 홍성군 홍성읍,경상사고,0,0,1,0,차대차 - 측면충돌,안전운전불이행,건조,맑음,교차로 - 교차로안,승용,남,55세,상해없음,승용,남,39세,경상
2020012000100529,2020년 1월 20일 18시,월요일,충청남도 아산시 온천동,경상사고,0,0,2,0,차대차 - 기타,안전운전불이행,건조,맑음,교차로 - 교차로안,승용,남,56세,상해없음,승용,여,48세,상해없음
2020012000100530,2020년 1월 20일 18시,월요일,충청남도 청양군 운곡면,중상사고,0,1,0,0,차대사람 - 기타,안전운전불이행,건조,맑음,단일로 - 기타,승합,남,36세,상해없음,보행자,남,77세,중상
2020012000100617,2020년 1월 20일 20시,월요일,충청남도 천안시 서북구 불당동,경상사고,0,0,1,0,차대차 - 측면충돌,신호위반,건조,맑음,교차로 - 교차로안,승용,남,43세,상해없음,승용,남,32세,경상
2020012000100645,2020년 1월 20일 21시,월요일,충청남도 당진시 송악읍,중상사고,0,2,0,0,차대차 - 추돌,안전운전불이행,건조,맑음,단일로 - 기타,승용,남,35세,상해없음,화물,남,59세,기타불명
2020012000100669,2020년 1월 20일 22시,월요일,충청남도 천안시 서북구 두정동,부상신고사고,0,0,0,1,차대차 - 측면충돌,안전운전불이행,건조,맑음,단일로 - 기타,자전거,여,57세,부상신고,이륜,남,20세,상해없음
2020012000100670,2020년 1월 20일 22시,월요일,충청남도 태안군 근흥면,부상신고사고,0,0,0,1,차대차 - 측면충돌,중앙선침범,건조,맑음,단일로 - 기타,이륜,남,83세,부상신고,승용,여,51세,상해없음
2020012000100692,2020년 1월 20일 23시,월요일,충청남도 홍성군 홍성읍,경상사고,0,0,1,0,차대차 - 추돌,안전운전불이행,건조,맑음,교차로 - 교차로부근,승용,남,43세,상해없음,승용,남,59세,경상
2020012000100693,2020년 1월 20일 23시,월요일,충청남도 보령시 대천동,경상사고,0,0,2,0,차대차 - 기타,직진우회전진행방해,건조,맑음,교차로 - 교차로안,승용,여,40세,상해없음,승용,남,36세,경상
2020012100100069,2020년 1월 21일 06시,화요일,충청남도 천안시 서북구 성성동,경상사고,0,0,1,0,차대차 - 측면충돌,신호위반,건조,맑음,교차로 - 교차로안,승용,남,64세,상해없음,승용,여,34세,경상
2020012100100124,2020년 1월 21일 08시,화요일,충청남도 서산시 지곡면,중상사고,0,1,0,0,차대사람 - 길가장자리구역통행중,안전운전불이행,건조,맑음,단일로 - 기타,승용,여,43세,상해없음,보행자,여,77세,중상
2020012100100125,2020년 1월 21일 08시,화요일,충청남도 천안시 서북구 직산읍,경상사고,0,0,1,0,차대차 - 추돌,안전운전불이행,건조,맑음,단일로 - 기타,승용,여,40세,상해없음,승용,여,55세,경상
2020012100100167,2020년 1월 21일 09시,화요일,충청남도 공주시 신관동,경상사고,0,0,1,0,차대차 - 측면충돌,교차로운행방법위반,건조,맑음,교차로 - 교차로안,화물,남,46세,상해없음,자전거,여,76세,경상
2020012100100368,2020년 1월 21일 14시,화요일,충청남도 서산시 석림동,경상사고,0,0,1,0,차대차 - 추돌,안전운전불이행,건조,맑음,단일로 - 기타,승용,남,53세,상해없음,승용,남,64세,경상
2020012100100369,2020년 1월 21일 14시,화요일,충청남도 보령시 대천동,중상사고,0,1,0,0,차대사람 - 횡단중,안전운전불이행,건조,맑음,단일로 - 기타,승용,여,43세,상해없음,보행자,남,71세,중상
2020012100100421,2020년 1월 21일 15시,화요일,충청남도 서산시 예천동,중상사고,0,1,1,1,차대차 - 측면충돌,신호위반,건조,맑음,교차로 - 교차로안,사륜오토바이(ATV),남,78세,경상,승용,여,31세,부상신고
2020012100100423,2020년 1월 21일 15시,화요일,충청남도 천안시 서북구 두정동,경상사고,0,0,2,0,차대차 - 측면충돌,교차로운행방법위반,건조,맑음,교차로 - 교차로안,승용,여,50세,경상,승용,남,26세,경상