사고번호,사고일시,요일,시군구,사고내용,사망자수,중상자수,경상자수,부상신고자수,사고유형,법규위반,노면상태,기상상태,도로형태,가해운전자 차종,가해운전자 성별,가해운전자 연령,가해운전자 상해정도,피해운전자 차종,피해운전자 성별,피해운전자 연령,피해운전자 상해정도
2020012600100324,2020년 1월 26일 22시,일요일,충청남도 천안시 서북구 불당동,경상사고,0,0,3,0,차대차 - 측면충돌,안전운전불이행,건조,맑음,단일로 - 기타,승용,남,24세,상해없음,승용,여,46세,경상
2020012600100341,2020년 1월 26일 23시,일요일,충청남도 천안시 동남구 병천면,사망사고,1,2,0,0,차대차 - 정면충돌,중앙선침범,건조,맑음,단일로 - 기타,승용,남,55세,사망,승용,남,33세,중상
2020012700100008,2020년 1월 27일 00시,월요일,충청남도 서산시 예천동,중상사고,0,1,0,0,차대차 - 측면충돌,안전운전불이행,건조,맑음,교차로 - 교차로안,승용,남,26세,상해없음,자전거,남,33세,중상
2020012700100025,2020년 1월 27일 01시,월요일,충청남도 당진시 신평면,경상사고,0,0,2,0,차대차 - 측면충돌,신호위반,건조,맑음,교차로 - 교차로안,승용,남,23세,상해없음,승용,남,22세,경상
2020012700100068,2020년 1월 27일 05시,월요일,충청남도 논산시 내동,경상사고,0,0,1,0,차대사람 - 기타,안전운전불이행,건조,맑음,단일로 - 기타,기타불명,기타불명,미분류,기타불명,보행자,남,29세,경상
2020012700100097,2020년 1월 27일 08시,월요일,충청남도 천안시 서북구 성정동,중상사고,0,1,3,0,차대차 - 측면충돌,안전운전불이행,건조,흐림,교차로 - 교차로안,승용,남,61세,상해없음,승용,남,58세,경상
2020012700100132,2020년 1월 27일 11시,월요일,충청남도 서산시 동문동,경상사고,0,0,1,0,차대차 - 측면충돌,직진우회전진행방해,건조,맑음,교차로 - 교차로안,이륜,남,49세,경상,화물,남,60세,상해없음
2020012700100133,2020년 1월 27일 11시,월요일,충청남도 청양군 화성면,중상사고,0,1,0,0,차대사람 - 기타,안전운전불이행,건조,맑음,교차로 - 교차로안,화물,남,60세,상해없음,보행자,여,81세,중상
2020012700100153,2020년 1월 27일 12시,월요일,충청남도 천안시 서북구 입장면,경상사고,0,0,1,0,차대사람 - 기타,안전운전불이행,건조,맑음,기타 - 기타,승용,남,61세,상해없음,보행자,여,57세,경상
2020012700100188,2020년 1월 27일 14시,월요일,충청남도 서산시 예천동,경상사고,0,0,1,0,차대차 - 측면충돌,기타,건조,맑음,교차로 - 교차로부근,특수,남,44세,상해없음,승용,여,51세,경상
2020012700100189,2020년 1월 27일 14시,월요일,충청남도 천안시 서북구 두정동,중상사고,0,1,0,0,차대차 - 기타,안전운전불이행,건조,맑음,교차로 - 교차로안,화물,남,64세,기타불명,승용,남,29세,중상
2020012700100190,2020년 1월 27일 14시,월요일,충청남도 공주시 우성면,경상사고,0,0,3,0,차대차 - 정면충돌,신호위반,젖음/습기,비,교차로 - 교차로안,승용,남,25세,상해없음,승용,남,65세,경상
2020012700100210,2020년 1월 27일 15시,월요일,충청남도 당진시 송산면,경상사고,0,0,1,0,차량단독 - 기타,안전운전불이행,건조,흐림,교차로 - 교차로부근,승용,남,75세,경상,,,,
2020012700100255,2020년 1월 27일 17시,월요일,충청남도 천안시 서북구 두정동,경상사고,0,0,1,0,차대사람 - 차도통행중,안전운전불이행,젖음/습기,비,단일로 - 기타,승용,남,22세,상해없음,보행자,여,36세,경상
2020012700100256,2020년 1월 27일 17시,월요일,충청남도 보령시 청라면,경상사고,0,0,1,0,차량단독 - 기타,안전운전불이행,젖음/습기,비,단일로 - 기타,농기계,남,71세,상해없음,,,,
2020012700100257,2020년 1월 27일 17시,월요일,충청남도 예산군 예산읍,경상사고,0,0,1,0,차대차 - 정면충돌,신호위반,젖음/습기,비,교차로 - 교차로안,승합,여,54세,상해없음,화물,남,55세,경상
2020012700100288,2020년 1월 27일 18시,월요일,충청남도 천안시 서북구 백석동,경상사고,0,0,3,0,차대차 - 정면충돌,교차로운행방법위반,젖음/습기,비,교차로 - 교차로안,승용,남,28세,상해없음,승용,여,50세,경상
2020012700100333,2020년 1월 27일 19시,월요일,충청남도 예산군 예산읍,경상사고,0,0,2,0,차대차 - 측면충돌,신호위반,젖음/습기,비,교차로 - 교차로안,화물,남,65세,경상,승용,남,39세,경상
2020012700100369,2020년 1월 27일 20시,월요일,충청남도 서산시 예천동,경상사고,0,0,1,0,차대차 - 측면충돌,안전운전불이행,젖음/습기,비,교차로 - 교차로부근,화물,남,61세,상해없음,승용,남,19세,경상
2020012700100409,2020년 1월 27일 21시,월요일,충청남도 서천군 서천읍,경상사고,0,0,1,0,차대사람 - 보도통행중,보행자보호의무위반,젖음/습기,비,교차로 - 교차로안,승용,남,54세,상해없음,보행자,여,52세,경상
2020012700100432,2020년 1월 27일 22시,월요일,충청남도 아산시 방축동,중상사고,0,1,2,0,차대차 - 기타,안전운전불이행,건조,맑음,교차로 - 교차로안,승용,남,40세,경상,승용,남,26세,중상
2020012700100433,2020년 1월 27일 22시,월요일,충청남도 아산시 권곡동,경상사고,0,0,1,0,차대사람 - 횡단중,보행자보호의무위반,기타,기타,기타 - 기타,승용,남,44세,상해없음,보행자,여,21세,경상
2020012700100434,2020년 1월 27일 22시,월요일,충청남도 천안시 동남구 봉명동,경상사고,0,0,1,0,차대차 - 측면충돌,중앙선침범,건조,맑음,단일로 - 기타,자전거,남,53세,경상,승용,남,46세,상해없음
2020012700100450,2020년 1월 27일 23시,월요일,충청남도 천안시 서북구 쌍용동,중상사고,0,1,0,0,차대사람 - 횡단중,과속,젖음/습기,비,교차로 - 교차로안,승용,남,59세,상해없음,보행자,여,26세,중상
2020012700100451,2020년 1월 27일 23시,월요일,충청남도 공주시 옥룡동,경상사고,0,0,1,0,차대차 - 기타,안전운전불이행,젖음/습기,비,단일로 - 기타,승합,남,58세,상해없음,승용,남,26세,경상
2020012800100073,2020년 1월 28일 07시,화요일,충청남도 예산군 예산읍,경상사고,0,0,1,0,차대차 - 측면충돌,신호위반,젖음/습기,흐림,교차로 - 교차로안,승용,여,58세,경상,승용,남,31세,상해없음
2020012800100074,2020년 1월 28일 07시,화요일,충청남도 천안시 동남구 신방동,경상사고,0,0,1,0,차대차 - 측면충돌,안전운전불이행,건조,맑음,교차로 - 교차로안,승용,남,43세,상해없음,승용,남,45세,경상
2020012800100104,2020년 1월 28일 08시,화요일,충청남도 당진시 송산면,중상사고,0,1,0,0,차대차 - 기타,안전운전불이행,건조,맑음,단일로 - 기타,화물,여,60세,중상,승용,남,30세,상해없음
2020012800100162,2020년 1월 28일 10시,화요일,충청남도 서천군 한산면,중상사고,0,1,0,0,차대차 - 측면충돌,기타,젖음/습기,흐림,교차로 - 교차로안,화물,남,64세,상해없음,이륜,남,52세,중상
2020012800100186,2020년 1월 28일 11시,화요일,충청남도 천안시 동남구 청당동,경상사고,0,0,1,0,차대차 - 측면충돌,안전운전불이행,건조,맑음,교차로 - 교차로부근,승용,남,46세,상해없음,승용,여,42세,경상
2020012800100187,2020년 1월 28일 11시,화요일,충청남도 천안시 동남구 목천읍,경상사고,0,0,1,0,차대차 - 측면충돌,안전운전불이행,건조,맑음,단일로 - 기타,승용,남,71세,상해없음,이륜,남,36세,경상
2020012800100243,2020년 1월 28일 13시,화요일,충청남도 아산시 온천동,경상사고,0,0,1,0,차대차 - 기타,신호위반,건조,맑음,교차로 - 교차로안,승용,남,74세,상해없음,승용,여,36세,경상
2020012800100244,2020년 1월 28일 13시,화요일,충청남도 공주시 금성동,경상사고,0,0,1,0,차대차 - 측면충돌,교차로운행방법위반,건조,맑음,교차로 - 교차로안,화물,남,63세,상해없음,승용,남,77세,경상
2020012800100272,2020년 1월 28일 14시,화요일,충청남도 천안시 동남구 신부동,경상사고,0,0,1,0,차대차 - 기타,안전운전불이행,건조,맑음,단일로 - 기타,승용,남,65세,상해없음,승합,남,43세,상해없음
2020012800100306,2020년 1월 28일 15시,화요일,충청남도 당진시 원당리,경상사고,0,0,2,0,차대차 - 측면충돌,안전운전불이행,건조,맑음,단일로 - 기타,특수,남,65세,상해없음,승용,남,63세,경상
2020012800100333,2020년 1월 28일 16시,화요일,충청남도 공주시 정안면,중상사고,0,1,0,0,차량단독 - 기타,안전운전불이행,건조,맑음,단일로 - 기타,이륜,남,53세,중상,,,,
2020012800100388,2020년 1월 28일 18시,화요일,충청남도 천안시 서북구 두정동,경상사고,0,0,1,0,차대차 - 측면충돌,안전거리미확보,건조,맑음,단일로 - 기타,승용,남,60세,상해없음,승용,남,32세,경상
2020012800100389,2020년 1월 28일 18시,화요일,충청남도 홍성군 홍성읍,경상사고,0,0,1,0,차대차 - 추돌,안전운전불이행,건조,맑음,단일로 - 기타,화물,남,80세,상해없음,승용,여,42세,경상
2020012800100390,2020년 1월 28일 18시,화요일,충청남도 태안군 태안읍,경상사고,0,0,3,0,차대차 - 추돌,안전거리미확보,건조,맑음,교차로 - 교차로부근,승용,여,27세,상해없음,승용,남,18세,경상
2020012800100482,2020년 1월 28일 21시,화요일,충청남도 아산시 인주면,경상사고,0,0,3,0,차대차 - 측면충돌,안전운전불이행,건조,맑음,단일로 - 교량,승용,남,59세,상해없음,승용,남,65세,경상
2020012900100058,2020년 1월 29일 06시,수요일,충청남도 예산군 예산읍,중상사고,0,1,0,0,차대사람 - 차도통행중,보행자보호의무위반,건조,맑음,교차로 - 교차로안,승용,남,70세,상해없음,보행자,남,51세,중상
2020012900100076,2020년 1월 29일 07시,수요일,충청남도 천안시 서북구 입장면,경상사고,0,0,1,0,차대차 - 기타,안전운전불이행,건조,맑음,단일로 - 기타,승용,남,32세,상해없음,화물,남,50세,경상
2020012900100125,2020년 1월 29일 09시,수요일,충청남도 천안시 동남구 사직동,중상사고,0,1,0,0,차대사람 - 횡단중,안전운전불이행,건조,맑음,교차로 - 교차로안,승용,여,48세,상해없음,보행자,여,67세,중상
2020012900100147,2020년 1월 29일 10시,수요일,충청남도 서산시 예천동,경상사고,0,0,1,0,차량단독 - 전도전복 - 전도,안전운전불이행,건조,맑음,단일로 - 기타,이륜,남,76세,경상,,,,
2020012900100165,2020년 1월 29일 11시,수요일,충청남도 천안시 서북구 쌍용동,경상사고,0,0,1,0,차대차 - 후진중충돌,안전운전불이행,건조,맑음,단일로 - 기타,승용,남,75세,상해없음,승용,여,29세,경상
2020012900100166,2020년 1월 29일 11시,수요일,충청남도 금산군 금산읍,중상사고,0,1,0,0,차대차 - 측면충돌,교차로운행방법위반,건조,맑음,교차로 - 교차로안,화물,남,64세,상해없음,이륜,남,70세,중상
2020012900100254,2020년 1월 29일 14시,수요일,충청남도 청양군 운곡면,경상사고,0,0,1,0,차량단독 - 전도전복 - 전도,안전운전불이행,건조,맑음,단일로 - 기타,이륜,남,78세,경상,,,,
2020012900100284,2020년 1월 29일 15시,수요일,충청남도 논산시 내동,중상사고,0,2,0,0,차대차 - 측면충돌,중앙선침범,건조,맑음,교차로 - 교차로부근,승용,남,51세,상해없음,이륜,남,71세,중상
2020012900100285,2020년 1월 29일 15시,수요일,충청남도 당진시 원당리,중상사고,0,1,0,0,차대차 - 추돌,안전운전불이행,건조,맑음,단일로 - 기타,승용,남,34세,상해없음,승용,여,42세,중상
2020012900100348,2020년 1월 29일 17시,수요일,충청남도 천안시 서북구 두정동,중상사고,0,1,0,0,차대차 - 추돌,안전운전불이행,건조,맑음,교차로 - 교차로부근,승용,여,55세,상해없음,승용,여,41세,중상
2020012900100382,2020년 1월 29일 18시,수요일,충청남도 천안시 서북구 백석동,경상사고,0,0,1,0,차대차 - 측면충돌,안전운전불이행,건조,맑음,교차로 - 교차로안,승용,남,34세,상해없음,원동기,남,28세,경상
2020012900100448,2020년 1월 29일 20시,수요일,충청남도 천안시 서북구 쌍용동,경상사고,0,0,3,1,차대차 - 측면충돌,직진우회전진행방해,건조,맑음,교차로 - 교차로안,승용,여,51세,부상신고,승용,남,18세,경상
2020012900100449,2020년 1월 29일 20시,수요일,충청남도 천안시 서북구 성환읍,경상사고,0,0,1,0,차대사람 - 횡단중,안전운전불이행,건조,맑음,교차로 - 교차로안,승용,남,62세,상해없음,보행자,남,19세,경상
2020012900100466,2020년 1월 29일 21시,수요일,충청남도 천안시 서북구 쌍용동,경상사고,0,0,1,0,차대차 - 기타,안전운전불이행,건조,맑음,교차로 - 교차로안,승용,남,41세,상해없음,승용,남,31세,경상
2020012900100467,2020년 1월 29일 21시,수요일,충청남도 논산시 취암동,경상사고,0,0,3,0,차대차 - 측면충돌,직진우회전진행방해,건조,맑음,교차로 - 교차로안,승용,여,57세,상해없음,승용,남,59세,경상
2020012900100468,2020년 1월 29일 21시,수요일,충청남도 당진시 읍내리,경상사고,0,0,4,0,차대차 - 측면충돌,교차로운행방법위반,건조,맑음,교차로 - 교차로안,승용,남,61세,상해없음,승용,남,22세,경상
2020012900100509,2020년 1월 29일 23시,수요일,충청남도 천안시 서북구 두정동,경상사고,0,0,2,0,차대차 - 측면충돌,신호위반,건조,맑음,교차로 - 교차로안,승용,여,41세,상해없음,승용,남,22세,경상
2020013000100057,2020년 1월 30일 06시,목요일,충청남도 아산시 탕정면,경상사고,0,0,1,0,차대차 - 기타,안전운전불이행,건조,맑음,교차로 - 교차로안,건설기계,남,53세,상해없음,승용,남,61세,경상
2020013000100081,2020년 1월 30일 07시,목요일,충청남도 아산시 배방읍,경상사고,0,0,1,0,차대차 - 기타,안전운전불이행,건조,맑음,단일로 - 기타,승합,남,65세,상해없음,승용,남,49세,경상
2020013000100109,2020년 1월 30일 08시,목요일,충청남도 서산시 읍내동,경상사고,0,0,1,0,차대사람 - 횡단중,보행자보호의무위반,건조,맑음,교차로 - 교차로횡단보도내,승용,여,61세,상해없음,보행자,여,67세,경상
2020013000100110,2020년 1월 30일 08시,목요일,충청남도 천안시 서북구 쌍용동,경상사고,0,0,1,0,차대차 - 측면충돌,신호위반,건조,맑음,교차로 - 교차로안,승합,여,55세,상해없음,승용,남,42세,경상
2020013000100111,2020년 1월 30일 08시,목요일,충청남도 아산시 방축동,중상사고,0,2,0,0,차대사람 - 기타,안전운전불이행,건조,맑음,단일로 - 기타,승용,남,78세,상해없음,보행자,여,80세,중상
2020013000100112,2020년 1월 30일 08시,목요일,충청남도 아산시 용화동,경상사고,0,0,2,0,차대차 - 기타,안전운전불이행,건조,맑음,교차로 - 교차로부근,승용,남,37세,상해없음,승용,남,30세,경상
2020013000100148,2020년 1월 30일 09시,목요일,충청남도 공주시 계룡면,경상사고,0,0,1,0,차대사람 - 기타,안전운전불이행,건조,맑음,기타 - 기타,승용,남,64세,상해없음,보행자,여,58세,경상
2020013000100149,2020년 1월 30일 09시,목요일,충청남도 예산군 예산읍,중상사고,0,1,0,0,차대차 - 측면충돌,직진우회전진행방해,건조,맑음,교차로 - 교차로부근,승용,남,64세,상해없음,이륜,남,79세,중상
2020013000100185,2020년 1월 30일 10시,목요일,충청남도 서산시 팔봉면,중상사고,0,1,0,0,차대차 - 측면충돌,직진우회전진행방해,건조,맑음,교차로 - 교차로안,사륜오토바이(ATV),여,67세,중상,화물,남,74세,상해없음
2020013000100186,2020년 1월 30일 10시,목요일,충청남도 천안시 서북구 두정동,경상사고,0,0,1,0,차대차 - 정면충돌,신호위반,건조,맑음,교차로 - 교차로안,화물,남,25세,경상,승합,남,49세,상해없음
2020013000100216,2020년 1월 30일 11시,목요일,충청남도 천안시 동남구 청수동,경상사고,0,0,1,0,차대차 - 측면충돌,직진우회전진행방해,건조,맑음,교차로 - 교차로부근,승용,남,50세,경상,화물,남,72세,상해없음
2020013000100217,2020년 1월 30일 11시,목요일,충청남도 태안군 안면읍,중상사고,0,2,0,0,차대차 - 측면충돌,중앙선침범,건조,맑음,단일로 - 기타,승용,남,71세,중상,승용,남,36세,중상
2020013000100278,2020년 1월 30일 13시,목요일,충청남도 아산시 배방읍,경상사고,0,0,1,0,차대차 - 기타,중앙선침범,건조,맑음,단일로 - 기타,승용,남,55세,상해없음,이륜,남,36세,경상
2020013000100279,2020년 1월 30일 13시,목요일,충청남도 천안시 동남구 청당동,경상사고,0,0,2,0,차대차 - 측면충돌,안전운전불이행,건조,맑음,교차로 - 교차로안,승용,여,38세,경상,승용,남,55세,경상
2020013000100356,2020년 1월 30일 15시,목요일,충청남도 아산시 온천동,중상사고,0,2,0,0,차대차 - 기타,안전운전불이행,건조,맑음,교차로 - 교차로횡단보도내,원동기,여,60세,중상,이륜,남,19세,중상
2020013000100357,2020년 1월 30일 15시,목요일,충청남도 부여군 홍산면,중상사고,0,1,0,0,차대사람 - 기타,안전운전불이행,건조,맑음,단일로 - 기타,승용,여,69세,상해없음,보행자,여,54세,중상
2020013000100379,2020년 1월 30일 16시,목요일,충청남도 천안시 서북구 쌍용동,중상사고,0,1,0,0,차대차 - 측면충돌,직진우회전진행방해,건조,맑음,교차로 - 교차로안,승용,여,51세,상해없음,이륜,남,31세,중상
2020013000100414,2020년 1월 30일 17시,목요일,충청남도 공주시 산성동,경상사고,0,0,1,0,차대차 - 추돌,안전운전불이행,건조,맑음,단일로 - 기타,승용,남,44세,상해없음,화물,남,49세,경상
2020013000100415,2020년 1월 30일 17시,목요일,충청남도 당진시 송악읍,경상사고,0,0,1,0,차대차 - 측면충돌,교차로운행방법위반,건조,맑음,교차로 - 교차로안,승용,남,37세,상해없음,승용,여,33세,경상
2020013000100445,2020년 1월 30일 18시,목요일,충청남도 아산시 권곡동,중상사고,0,1,0,0,차대차 - 기타,안전운전불이행,건조,맑음,교차로 - 교차로안,승용,남,41세,상해없음,승용,여,32세,중상
2020013000100481,2020년 1월 30일 19시,목요일,충청남도 천안시 동남구 목천읍,중상사고,0,1,0,0,차대사람 - 횡단중,안전운전불이행,건조,맑음,단일로 - 기타,승용,남,27세,상해없음,보행자,남,74세,중상
2020013000100534,2020년 1월 30일 21시,목요일,충청남도 천안시 서북구 성정동,부상신고사고,0,0,0,1,차대차 - 추돌,안전운전불이행,건조,맑음,단일로 - 기타,승용,여,40세,상해없음,승합,여,51세,부상신고
2020013000100535,2020년 1월 30일 21시,목요일,충청남도 아산시 배방읍,경상사고,0,0,1,0,차대차 - 추돌,안전운전불이행,건조,맑음,단일로 - 기타,승용,남,32세,상해없음,승용,여,44세,경상
2020013000100557,2020년 1월 30일 22시,목요일,충청남도 천안시 서북구 성거읍,중상사고,0,1,0,0,차대차 - 기타,안전운전불이행,건조,맑음,단일로 - 기타,승용,남,41세,상해없음,승용,남,51세,중상
2020013100100018,2020년 1월 31일 01시,금요일,충청남도 천안시 서북구 쌍용동,중상사고,0,1,0,0,차대차 - 정면충돌,안전운전불이행,건조,맑음,교차로 - 교차로안,승용,여,24세,상해없음,승용,남,48세,중상
2020013100100035,2020년 1월 31일 04시,금요일,충청남도 천안시 동남구 신방동,경상사고,0,0,1,0,차대사람 - 기타,안전운전불이행,건조,맑음,단일로 - 기타,승용,남,23세,상해없음,보행자,남,41세,경상
2020013100100054,2020년 1월 31일 06시,금요일,충청남도 천안시 서북구 성정동,경상사고,0,0,1,0,차대사람 - 기타,안전운전불이행,건조,맑음,교차로 - 교차로안,승용,남,35세,상해없음,보행자,남,38세,경상
2020013100100055,2020년 1월 31일 06시,금요일,충청남도 천안시 동남구 신부동,경상사고,0,0,1,0,차대차 - 추돌,안전운전불이행,건조,맑음,교차로 - 교차로부근,승용,남,51세,상해없음,승합,남,49세,경상
2020013100100056,2020년 1월 31일 06시,금요일,충청남도 공주시 정안면,사망사고,1,0,0,0,차대차 - 추돌,안전운전불이행,건조,맑음,기타 - 기타,승용,남,29세,상해없음,화물,남,65세,사망
2020013100100097,2020년 1월 31일 08시,금요일,충청남도 당진시 송악읍,경상사고,0,0,1,0,차대차 - 측면충돌,안전거리미확보,건조,맑음,단일로 - 기타,승용,남,39세,상해없음,승용,남,21세,경상
2020013100100119,2020년 1월 31일 09시,금요일,충청남도 아산시 장존동,경상사고,0,0,3,0,차대차 - 기타,안전운전불이행,건조,기타,교차로 - 교차로부근,화물,남,70세,상해없음,승용,여,35세,경상
2020013100100178,2020년 1월 31일 11시,금요일,충청남도 논산시 연무읍,경상사고,0,0,1,0,차대차 - 측면충돌,중앙선침범,건조,맑음,교차로 - 교차로부근,승용,남,75세,상해없음,화물,남,40세,경상
2020013100100208,2020년 1월 31일 12시,금요일,충청남도 천안시 서북구 쌍용동,경상사고,0,0,1,0,차대차 - 추돌,안전운전불이행,건조,맑음,단일로 - 기타,승용,남,75세,상해없음,승용,여,36세,경상
2020013100100209,2020년 1월 31일 12시,금요일,충청남도 천안시 동남구 구룡동,중상사고,0,1,0,0,차대차 - 기타,안전운전불이행,건조,맑음,단일로 - 지하차도(도로)내,승용,남,75세,상해없음,자전거,남,55세,중상
2020013100100241,2020년 1월 31일 13시,금요일,충청남도 천안시 서북구 두정동,경상사고,0,0,3,0,차대차 - 측면충돌,안전운전불이행,건조,맑음,단일로 - 기타,이륜,남,40세,상해없음,승용,여,27세,경상
2020013100100333,2020년 1월 31일 16시,금요일,충청남도 서산시 석림동,부상신고사고,0,0,0,1,차대차 - 측면충돌,중앙선침범,건조,맑음,교차로 - 교차로부근,자전거,남,13세,부상신고,기타불명,기타불명,미분류,기타불명
2020013100100364,2020년 1월 31일 17시,금요일,충청남도 천안시 서북구 두정동,부상신고사고,0,0,0,1,차대사람 - 횡단중,안전운전불이행,건조,맑음,단일로 - 기타,승용,남,51세,기타불명,보행자,남,70세,부상신고
2020013100100401,2020년 1월 31일 18시,금요일,충청남도 천안시 서북구 두정동,중상사고,0,1,0,0,차대차 - 기타,중앙선침범,건조,맑음,교차로 - 교차로부근,승용,남,53세,상해없음,승용,여,37세,중상
2020013100100402,2020년 1월 31일 18시,금요일,충청남도 청양군 운곡면,경상사고,0,0,1,0,차대차 - 측면충돌,안전운전불이행,건조,맑음,기타 - 기타,이륜,남,85세,경상,승용,남,23세,상해없음
2020013100100452,2020년 1월 31일 19시,금요일,충청남도 공주시 유구읍,중상사고,0,1,0,0,차대사람 - 횡단중,과속,건조,맑음,단일로 - 기타,승용,남,59세,상해없음,보행자,남,63세,중상
2020013100100544,2020년 1월 31일 23시,금요일,충청남도 천안시 서북구 성정동,경상사고,0,0,1,0,차대차 - 측면충돌,안전거리미확보,건조,맑음,교차로 - 교차로안,자전거,남,59세,경상,승용,남,61세,상해없음
2020013100100545,2020년 1월 31일 23시,금요일,충청남도 아산시 둔포면,중상사고,0,1,0,0,차대사람 - 기타,안전운전불이행,건조,맑음,교차로 - 교차로부근,화물,남,38세,상해없음,보행자,여,40세,중상
2020013100100546,2020년 1월 31일 23시,금요일,충청남도 당진시 읍내리,중상사고,0,1,0,0,차대차 - 측면충돌,신호위반,건조,맑음,교차로 - 교차로안,승용,남,26세,상해없음,승용,남,29세,상해없음
2020020100100011,2020년 2월 1일 00시,토요일,충청남도 당진시 신평면,사망사고,1,0,1,0,차대차 - 추돌,과속,건조,맑음,단일로 - 기타,승용,남,57세,경상,자전거,남,29세,사망
2020020100100051,2020년 2월 1일 03시,토요일,충청남도 당진시 고대면,중상사고,0,1,0,0,차량단독 - 공작물충돌,안전운전불이행,건조,맑음,교차로 - 교차로안,승용,남,29세,상해없음,,,,
2020020100100079,2020년 2월 1일 07시,토요일,충청남도 아산시 득산동,중상사고,0,1,0,0,차량단독 - 공작물충돌,안전운전불이행,건조,맑음,단일로 - 기타,승용,남,41세,중상,,,,
2020020100100146,2020년 2월 1일 11시,토요일,충청남도 공주시 산성동,중상사고,0,1,0,0,차대사람 - 횡단중,보행자보호의무위반,건조,맑음,단일로 - 기타,승용,남,69세,상해없음,보행자,여,73세,중상
2020020100100179,2020년 2월 1일 12시,토요일,충청남도 천안시 서북구 성거읍,중상사고,0,1,0,0,차대차 - 측면충돌,신호위반,건조,맑음,교차로 - 교차로안,승용,여,45세,상해없음,이륜,남,71세,중상
2020020100100180,2020년 2월 1일 12시,토요일,충청남도 천안시 서북구 두정동,경상사고,0,0,1,0,차대차 - 측면충돌,안전운전불이행,건조,맑음,교차로 - 교차로안,승용,남,58세,상해없음,승용,여,50세,경상
2020020100100181,2020년 2월 1일 12시,토요일,충청남도 논산시 취암동,중상사고,0,2,0,0,차대차 - 기타,안전운전불이행,건조,맑음,교차로 - 교차로부근,승용,남,45세,상해없음,승용,남,25세,중상
2020020100100182,2020년 2월 1일 12시,토요일,충청남도 아산시 온천동,중상사고,0,1,0,0,차대차 - 기타,안전운전불이행,건조,맑음,교차로 - 교차로안,승용,남,62세,상해없음,이륜,남,17세,중상
2020020100100236,2020년 2월 1일 14시,토요일,충청남도 당진시 원당리,경상사고,0,0,2,0,차대차 - 기타,교차로운행방법위반,건조,맑음,교차로 - 교차로안,승용,남,47세,상해없음,승용,남,21세,경상
2020020100100266,2020년 2월 1일 15시,토요일,충청남도 부여군 부여읍,중상사고,0,1,2,0,차대차 - 추돌,안전운전불이행,건조,맑음,단일로 - 기타,승용,남,41세,상해없음,승용,여,34세,중상
2020020100100300,2020년 2월 1일 16시,토요일,충청남도 아산시 신창면,경상사고,0,0,1,0,차대차 - 후진중충돌,안전운전불이행,건조,맑음,주차장 - 주차장,승용,여,42세,상해없음,승용,남,64세,경상
2020020100100321,2020년 2월 1일 17시,토요일,충청남도 천안시 동남구 봉명동,경상사고,0,0,1,0,차대차 - 기타,교차로운행방법위반,건조,맑음,교차로 - 교차로안,자전거,남,35세,경상,승용,남,55세,상해없음
2020020100100346,2020년 2월 1일 18시,토요일,충청남도 논산시 연무읍,중상사고,0,1,0,0,차대차 - 측면충돌,차로위반,건조,맑음,단일로 - 기타,기타불명,기타불명,미분류,기타불명,승용,여,29세,중상
2020020100100436,2020년 2월 1일 22시,토요일,충청남도 천안시 동남구 신방동,경상사고,0,0,1,0,차대사람 - 기타,안전운전불이행,건조,맑음,단일로 - 기타,승용,남,46세,상해없음,보행자,남,40세,경상
2020020200100013,2020년 2월 2일 00시,일요일,충청남도 아산시 방축동,중상사고,0,1,2,0,차대차 - 추돌,안전운전불이행,건조,맑음,단일로 - 기타,승용,남,36세,상해없음,승용,남,40세,중상
2020020200100041,2020년 2월 2일 02시,일요일,충청남도 천안시 동남구 사직동,경상사고,0,0,1,0,차대차 - 추돌,안전운전불이행,건조,맑음,단일로 - 기타,승용,남,53세,상해없음,승용,남,41세,상해없음
2020020200100073,2020년 2월 2일 06시,일요일,충청남도 천안시 동남구 청당동,경상사고,0,0,2,0,차대차 - 추돌,안전운전불이행,건조,맑음,교차로 - 교차로부근,승용,남,23세,기타불명,승용,남,46세,경상
2020020200100092,2020년 2월 2일 08시,일요일,충청남도 천안시 서북구 두정동,경상사고,0,0,1,1,차대차 - 측면충돌,신호위반,건조,맑음,단일로 - 기타,승용,남,61세,부상신고,승용,남,27세,경상
2020020200100122,2020년 2월 2일 10시,일요일,충청남도 천안시 서북구 백석동,경상사고,0,0,1,0,차대차 - 추돌,안전운전불이행,건조,맑음,교차로 - 교차로부근,승용,남,24세,상해없음,승용,여,49세,경상
2020020200100123,2020년 2월 2일 10시,일요일,충청남도 천안시 서북구 성환읍,경상사고,0,0,1,0,차대차 - 측면충돌,안전운전불이행,건조,맑음,단일로 - 기타,화물,여,64세,경상,승용,남,54세,상해없음
2020020200100139,2020년 2월 2일 11시,일요일,충청남도 공주시 신관동,경상사고,0,0,1,0,차대차 - 추돌,안전운전불이행,건조,맑음,단일로 - 기타,승용,남,64세,상해없음,승용,여,45세,경상
2020020200100140,2020년 2월 2일 11시,일요일,충청남도 부여군 규암면,경상사고,0,0,1,0,차대차 - 측면충돌,교차로운행방법위반,건조,맑음,교차로 - 교차로안,화물,남,71세,기타불명,승용,여,58세,경상