사고번호,사고일시,요일,시군구,사고내용,사망자수,중상자수,경상자수,부상신고자수,사고유형,법규위반,노면상태,기상상태,도로형태,가해운전자 차종,가해운전자 성별,가해운전자 연령,가해운전자 상해정도,피해운전자 차종,피해운전자 성별,피해운전자 연령,피해운전자 상해정도
2020021800100428,2020년 2월 18일 16시,화요일,충청남도 천안시 서북구 쌍용동,경상사고,0,0,2,0,차대차 - 추돌,안전거리미확보,건조,맑음,교차로 - 교차로부근,승용,여,59세,상해없음,승용,남,76세,상해없음
2020021800100480,2020년 2월 18일 17시,화요일,충청남도 천안시 서북구 성정동,경상사고,0,0,1,0,차대차 - 측면충돌,교차로운행방법위반,건조,맑음,교차로 - 교차로안,이륜,남,25세,경상,승용,남,47세,상해없음
2020021800100481,2020년 2월 18일 17시,화요일,충청남도 천안시 서북구 성거읍,경상사고,0,0,1,0,차량단독 - 기타,안전운전불이행,건조,맑음,교차로 - 교차로부근,승합,남,48세,상해없음,,,,
2020021800100549,2020년 2월 18일 18시,화요일,충청남도 천안시 서북구 성거읍,경상사고,0,0,1,0,차대차 - 기타,중앙선침범,건조,맑음,단일로 - 기타,승용,남,29세,상해없음,이륜,남,58세,경상
2020021800100550,2020년 2월 18일 18시,화요일,충청남도 천안시 서북구 불당동,경상사고,0,0,1,0,차대차 - 기타,신호위반,건조,맑음,교차로 - 교차로안,기타불명,기타불명,미분류,기타불명,승용,남,44세,경상
2020021800100551,2020년 2월 18일 18시,화요일,충청남도 공주시 옥룡동,경상사고,0,0,1,0,차대차 - 추돌,신호위반,건조,맑음,기타 - 기타,승용,여,73세,상해없음,승용,남,33세,경상
2020021800100552,2020년 2월 18일 18시,화요일,충청남도 태안군 태안읍,경상사고,0,0,1,0,차대차 - 측면충돌,안전운전불이행,건조,맑음,교차로 - 교차로안,승용,남,41세,상해없음,승용,남,28세,경상
2020021800100667,2020년 2월 18일 20시,화요일,충청남도 서산시 대산읍,경상사고,0,0,1,0,차대차 - 측면충돌,안전운전불이행,건조,맑음,단일로 - 기타,승용,남,55세,상해없음,승용,남,21세,경상
2020021800100668,2020년 2월 18일 20시,화요일,충청남도 아산시 염치읍,경상사고,0,0,1,0,차대차 - 측면충돌,안전운전불이행,건조,맑음,단일로 - 기타,승용,남,27세,경상,화물,남,67세,기타불명
2020021800100669,2020년 2월 18일 20시,화요일,충청남도 천안시 동남구 청당동,경상사고,0,0,1,0,차대차 - 측면충돌,안전운전불이행,건조,맑음,교차로 - 교차로부근,승용,남,48세,상해없음,이륜,여,22세,경상
2020021800100737,2020년 2월 18일 22시,화요일,충청남도 천안시 서북구 두정동,경상사고,0,0,1,0,차대차 - 측면충돌,기타,건조,맑음,교차로 - 교차로횡단보도내,승용,남,27세,상해없음,이륜,남,32세,경상
2020021900100035,2020년 2월 19일 02시,수요일,충청남도 천안시 서북구 쌍용동,사망사고,1,3,1,0,차대차 - 정면충돌,중앙선침범,건조,맑음,단일로 - 기타,승용,남,46세,사망,승용,남,59세,중상
2020021900100065,2020년 2월 19일 06시,수요일,충청남도 아산시 탕정면,중상사고,0,1,0,0,차대사람 - 횡단중,안전운전불이행,건조,맑음,단일로 - 기타,승용,남,36세,상해없음,보행자,남,36세,중상
2020021900100085,2020년 2월 19일 07시,수요일,충청남도 서산시 석림동,경상사고,0,0,1,0,차대차 - 측면충돌,신호위반,건조,맑음,교차로 - 교차로안,승합,남,58세,상해없음,승용,여,60세,경상
2020021900100086,2020년 2월 19일 07시,수요일,충청남도 천안시 서북구 성정동,중상사고,0,1,0,0,차대사람 - 기타,안전운전불이행,건조,맑음,단일로 - 기타,승용,남,40세,상해없음,보행자,남,53세,중상
2020021900100087,2020년 2월 19일 07시,수요일,충청남도 천안시 서북구 두정동,중상사고,0,1,0,0,차대차 - 정면충돌,신호위반,건조,맑음,교차로 - 교차로안,승용,남,42세,상해없음,승용,남,66세,중상
2020021900100118,2020년 2월 19일 08시,수요일,충청남도 아산시 용화동,중상사고,0,1,0,0,차대사람 - 기타,과속,건조,맑음,교차로 - 교차로안,승용,남,53세,상해없음,보행자,여,54세,중상
2020021900100151,2020년 2월 19일 09시,수요일,충청남도 서산시 동문동,경상사고,0,0,2,0,차대차 - 추돌,안전운전불이행,건조,맑음,단일로 - 기타,승용,남,79세,상해없음,승용,남,53세,경상
2020021900100177,2020년 2월 19일 10시,수요일,충청남도 천안시 서북구 직산읍,경상사고,0,0,1,0,차대차 - 측면충돌,안전운전불이행,건조,맑음,교차로 - 교차로부근,승용,여,65세,기타불명,승용,여,41세,경상
2020021900100178,2020년 2월 19일 10시,수요일,충청남도 보령시 대천동,중상사고,0,1,0,0,차대사람 - 횡단중,보행자보호의무위반,건조,맑음,교차로 - 교차로부근,승용,여,49세,상해없음,보행자,여,80세,중상
2020021900100219,2020년 2월 19일 11시,수요일,충청남도 서천군 마서면,중상사고,0,1,0,0,차대차 - 측면충돌,안전운전불이행,건조,맑음,단일로 - 기타,화물,남,58세,상해없음,이륜,남,83세,중상
2020021900100251,2020년 2월 19일 12시,수요일,충청남도 서산시 읍내동,경상사고,0,0,1,0,차대사람 - 횡단중,보행자보호의무위반,건조,맑음,교차로 - 교차로횡단보도내,승용,남,21세,상해없음,보행자,여,46세,경상
2020021900100252,2020년 2월 19일 12시,수요일,충청남도 아산시 모종동,경상사고,0,0,1,0,차대차 - 기타,중앙선침범,서리/결빙,맑음,교차로 - 교차로부근,승용,여,51세,상해없음,승용,남,61세,상해없음
2020021900100253,2020년 2월 19일 12시,수요일,충청남도 보령시 명천동,경상사고,0,0,1,0,차대차 - 기타,안전운전불이행,건조,맑음,단일로 - 기타,승용,여,47세,상해없음,이륜,남,41세,경상
2020021900100328,2020년 2월 19일 14시,수요일,충청남도 서산시 음암면,경상사고,0,0,1,0,차대차 - 추돌,안전거리미확보,건조,맑음,교차로 - 교차로부근,승용,남,24세,상해없음,승용,남,53세,경상
2020021900100329,2020년 2월 19일 14시,수요일,충청남도 홍성군 홍동면,부상신고사고,0,0,0,1,차대차 - 기타,안전운전불이행,건조,맑음,교차로 - 교차로부근,승용,여,58세,기타불명,이륜,남,64세,부상신고
2020021900100369,2020년 2월 19일 15시,수요일,충청남도 천안시 동남구 오룡동,중상사고,0,1,0,0,차대차 - 기타,중앙선침범,건조,맑음,기타 - 기타,화물,남,73세,상해없음,이륜,남,57세,중상
2020021900100416,2020년 2월 19일 16시,수요일,충청남도 공주시 유구읍,경상사고,0,0,1,0,차대차 - 측면충돌,중앙선침범,젖음/습기,흐림,단일로 - 기타,승용,남,58세,기타불명,승용,여,66세,경상
2020021900100611,2020년 2월 19일 20시,수요일,충청남도 아산시 배방읍,중상사고,0,1,0,0,차대차 - 기타,신호위반,건조,맑음,교차로 - 교차로안,기타불명,기타불명,미분류,기타불명,이륜,남,52세,중상
2020021900100612,2020년 2월 19일 20시,수요일,충청남도 천안시 동남구 원성동,중상사고,0,1,0,0,차대차 - 기타,신호위반,건조,맑음,교차로 - 교차로안,이륜,남,29세,기타불명,이륜,남,40세,중상
2020021900100676,2020년 2월 19일 22시,수요일,충청남도 천안시 동남구 안서동,경상사고,0,0,1,1,차대차 - 측면충돌,안전운전불이행,젖음/습기,흐림,교차로 - 교차로안,승용,남,31세,상해없음,승용,남,33세,경상
2020021900100704,2020년 2월 19일 23시,수요일,충청남도 천안시 서북구 쌍용동,경상사고,0,0,1,0,차대차 - 기타,안전운전불이행,건조,맑음,단일로 - 기타,승용,남,50세,상해없음,승용,여,36세,기타불명
2020022000100028,2020년 2월 20일 01시,목요일,충청남도 당진시 시곡리,경상사고,0,0,1,0,차대차 - 측면충돌,안전운전불이행,건조,맑음,단일로 - 기타,승용,남,37세,상해없음,승용,여,51세,경상
2020022000100049,2020년 2월 20일 04시,목요일,충청남도 당진시 합덕읍,경상사고,0,0,1,0,차대사람 - 보도통행중,안전운전불이행,건조,맑음,단일로 - 기타,화물,여,41세,상해없음,보행자,남,69세,경상
2020022000100067,2020년 2월 20일 06시,목요일,충청남도 천안시 서북구 두정동,중상사고,0,1,0,0,차대사람 - 횡단중,보행자보호의무위반,건조,맑음,단일로 - 기타,승용,여,40세,상해없음,보행자,여,73세,중상
2020022000100068,2020년 2월 20일 06시,목요일,충청남도 아산시 신창면,중상사고,0,1,0,0,차대사람 - 횡단중,보행자보호의무위반,건조,맑음,교차로 - 교차로횡단보도내,승용,남,39세,상해없음,보행자,여,49세,중상
2020022000100080,2020년 2월 20일 07시,목요일,충청남도 천안시 서북구 성정동,경상사고,0,0,1,0,차대사람 - 횡단중,안전운전불이행,건조,맑음,교차로 - 교차로안,승용,여,29세,상해없음,보행자,여,17세,경상
2020022000100162,2020년 2월 20일 09시,목요일,충청남도 논산시 취암동,중상사고,0,1,0,0,차량단독 - 기타,신호위반,건조,맑음,단일로 - 기타,승합,남,44세,상해없음,,,,
2020022000100192,2020년 2월 20일 10시,목요일,충청남도 아산시 풍기동,경상사고,0,0,1,0,차대차 - 기타,안전운전불이행,건조,맑음,교차로 - 교차로부근,승용,남,37세,상해없음,승용,여,62세,경상
2020022000100193,2020년 2월 20일 10시,목요일,충청남도 천안시 동남구 봉명동,중상사고,0,1,0,0,차대사람 - 횡단중,보행자보호의무위반,건조,맑음,교차로 - 교차로안,승용,남,58세,상해없음,보행자,남,7세,중상
2020022000100220,2020년 2월 20일 11시,목요일,충청남도 아산시 음봉면,경상사고,0,0,2,0,차대차 - 기타,안전운전불이행,건조,맑음,기타 - 기타,화물,남,60세,상해없음,화물,남,33세,경상
2020022000100333,2020년 2월 20일 14시,목요일,충청남도 공주시 정안면,경상사고,0,0,1,0,차대차 - 추돌,안전운전불이행,건조,맑음,단일로 - 기타,승합,남,32세,상해없음,승용,남,51세,경상
2020022000100419,2020년 2월 20일 16시,목요일,충청남도 아산시 모종동,경상사고,0,0,1,0,차대차 - 기타,안전운전불이행,건조,맑음,교차로 - 교차로안,승용,여,53세,상해없음,승용,여,53세,경상
2020022000100420,2020년 2월 20일 16시,목요일,충청남도 아산시 온천동,경상사고,0,0,1,0,차대차 - 기타,안전운전불이행,건조,맑음,교차로 - 교차로안,승용,남,85세,경상,승합,남,25세,상해없음
2020022000100458,2020년 2월 20일 17시,목요일,충청남도 아산시 탕정면,경상사고,0,0,1,0,차대차 - 기타,안전운전불이행,건조,맑음,교차로 - 교차로안,승용,남,32세,상해없음,이륜,남,55세,경상
2020022000100509,2020년 2월 20일 18시,목요일,충청남도 아산시 배방읍,중상사고,0,1,0,0,차대차 - 기타,안전운전불이행,건조,맑음,기타 - 기타,이륜,남,72세,중상,승용,남,31세,상해없음
2020022000100510,2020년 2월 20일 18시,목요일,충청남도 당진시 면천면,경상사고,0,0,1,0,차대차 - 정면충돌,중앙선침범,건조,맑음,단일로 - 기타,승용,기타불명,미분류,기타불명,승용,남,45세,경상
2020022000100561,2020년 2월 20일 19시,목요일,충청남도 서산시 석림동,중상사고,0,1,0,0,차대차 - 기타,안전거리미확보,건조,맑음,단일로 - 기타,승용,남,35세,상해없음,이륜,남,58세,중상
2020022000100562,2020년 2월 20일 19시,목요일,충청남도 천안시 서북구 성정동,경상사고,0,0,1,0,차대차 - 추돌,안전운전불이행,건조,맑음,교차로 - 교차로부근,승용,여,26세,상해없음,승용,남,34세,경상
2020022000100563,2020년 2월 20일 19시,목요일,충청남도 논산시 채운면,사망사고,1,0,0,0,차대사람 - 차도통행중,안전운전불이행,건조,맑음,단일로 - 기타,승용,여,27세,기타불명,보행자,여,49세,사망
2020022000100564,2020년 2월 20일 19시,목요일,충청남도 아산시 온천동,중상사고,0,1,0,0,차대사람 - 횡단중,안전운전불이행,건조,맑음,교차로 - 교차로횡단보도내,승용,여,31세,상해없음,보행자,여,62세,중상
2020022000100565,2020년 2월 20일 19시,목요일,충청남도 보령시 대천동,경상사고,0,0,1,0,차량단독 - 기타,안전운전불이행,젖음/습기,맑음,교차로 - 교차로안,이륜,남,20세,경상,,,,
2020022000100603,2020년 2월 20일 20시,목요일,충청남도 논산시 광석면,부상신고사고,0,0,0,1,차대차 - 추돌,안전운전불이행,건조,맑음,단일로 - 기타,승용,남,37세,상해없음,화물,남,60세,부상신고
2020022000100604,2020년 2월 20일 20시,목요일,충청남도 아산시 배방읍,경상사고,0,0,1,0,차대사람 - 횡단중,안전운전불이행,건조,맑음,교차로 - 교차로안,이륜,남,44세,상해없음,보행자,남,49세,경상
2020022000100647,2020년 2월 20일 21시,목요일,충청남도 천안시 서북구 성정동,경상사고,0,0,1,0,차대차 - 측면충돌,신호위반,건조,맑음,교차로 - 교차로안,승용,여,49세,상해없음,이륜,남,20세,경상
2020022000100671,2020년 2월 20일 22시,목요일,충청남도 당진시 읍내리,경상사고,0,0,1,0,차대사람 - 차도통행중,안전운전불이행,건조,맑음,교차로 - 교차로안,승용,남,19세,상해없음,보행자,남,37세,경상
2020022000100697,2020년 2월 20일 23시,목요일,충청남도 천안시 서북구 백석동,경상사고,0,0,3,0,차대차 - 측면충돌,중앙선침범,건조,맑음,교차로 - 교차로부근,승용,여,28세,상해없음,승용,남,25세,경상
2020022000100698,2020년 2월 20일 23시,목요일,충청남도 천안시 서북구 백석동,경상사고,0,0,1,0,차대차 - 추돌,안전운전불이행,건조,맑음,교차로 - 교차로부근,승용,남,29세,상해없음,승용,여,36세,경상
2020022100100026,2020년 2월 21일 01시,금요일,충청남도 당진시 읍내리,경상사고,0,0,1,0,차대차 - 측면충돌,직진우회전진행방해,건조,맑음,교차로 - 교차로안,승용,남,30세,상해없음,승용,남,62세,경상
2020022100100074,2020년 2월 21일 05시,금요일,충청남도 천안시 서북구 성정동,중상사고,0,1,0,0,차대사람 - 기타,안전운전불이행,건조,맑음,기타 - 기타,승용,남,44세,상해없음,보행자,남,43세,중상
2020022100100107,2020년 2월 21일 07시,금요일,충청남도 공주시 무릉동,경상사고,0,0,2,0,차대차 - 기타,안전운전불이행,건조,맑음,단일로 - 기타,승용,남,54세,상해없음,승용,여,25세,경상
2020022100100146,2020년 2월 21일 08시,금요일,충청남도 서산시 해미면,경상사고,0,0,1,0,차대차 - 추돌,안전운전불이행,건조,맑음,교차로 - 교차로부근,승용,남,41세,상해없음,승용,여,49세,경상
2020022100100147,2020년 2월 21일 08시,금요일,충청남도 천안시 서북구 불당동,경상사고,0,0,1,0,차대차 - 측면충돌,교차로운행방법위반,건조,맑음,교차로 - 교차로안,화물,남,53세,상해없음,승용,여,29세,경상
2020022100100148,2020년 2월 21일 08시,금요일,충청남도 태안군 남면,중상사고,0,2,1,0,차대차 - 측면충돌,신호위반,건조,맑음,교차로 - 교차로안,화물,남,60세,중상,화물,남,55세,경상
2020022100100209,2020년 2월 21일 10시,금요일,충청남도 서산시 운산면,중상사고,0,1,0,0,차량단독 - 공작물충돌,안전운전불이행,건조,맑음,단일로 - 기타,화물,남,69세,중상,,,,
2020022100100262,2020년 2월 21일 12시,금요일,충청남도 부여군 규암면,중상사고,0,2,0,0,차대차 - 후진중충돌,직진우회전진행방해,건조,맑음,교차로 - 교차로안,화물,남,36세,상해없음,이륜,남,83세,중상
2020022100100322,2020년 2월 21일 14시,금요일,충청남도 서산시 대산읍,부상신고사고,0,0,0,1,차량단독 - 공작물충돌,안전운전불이행,건조,맑음,교차로 - 교차로부근,특수,남,60세,부상신고,,,,
2020022100100426,2020년 2월 21일 17시,금요일,충청남도 천안시 서북구 직산읍,경상사고,0,0,2,0,차대차 - 추돌,안전운전불이행,건조,맑음,단일로 - 교량,화물,남,53세,상해없음,승용,여,31세,경상
2020022100100427,2020년 2월 21일 17시,금요일,충청남도 서천군 종천면,경상사고,0,0,1,0,차대차 - 측면충돌,신호위반,건조,맑음,교차로 - 교차로안,승용,남,50세,상해없음,승용,남,59세,경상
2020022100100464,2020년 2월 21일 18시,금요일,충청남도 논산시 내동,경상사고,0,0,1,0,차대차 - 측면충돌,신호위반,건조,맑음,교차로 - 교차로안,화물,남,76세,상해없음,승용,남,64세,경상
2020022100100514,2020년 2월 21일 19시,금요일,충청남도 천안시 서북구 두정동,경상사고,0,0,1,0,차대차 - 측면충돌,신호위반,건조,맑음,단일로 - 기타,이륜,남,35세,경상,승용,남,71세,상해없음
2020022100100515,2020년 2월 21일 19시,금요일,충청남도 천안시 동남구 다가동,경상사고,0,0,1,0,차대사람 - 횡단중,안전운전불이행,젖음/습기,맑음,단일로 - 교량,화물,남,51세,상해없음,보행자,남,87세,경상
2020022100100572,2020년 2월 21일 20시,금요일,충청남도 아산시 둔포면,경상사고,0,0,2,0,차대차 - 기타,신호위반,젖음/습기,흐림,교차로 - 교차로안,승용,남,21세,경상,승용,여,23세,경상
2020022100100573,2020년 2월 21일 20시,금요일,충청남도 아산시 배방읍,경상사고,0,0,2,0,차대차 - 추돌,안전운전불이행,젖음/습기,비,교차로 - 교차로안,승용,남,38세,상해없음,승용,남,59세,경상
2020022100100574,2020년 2월 21일 20시,금요일,충청남도 보령시 신흑동,경상사고,0,0,1,0,차대차 - 기타,직진우회전진행방해,젖음/습기,비,교차로 - 교차로안,이륜,남,19세,경상,승용,남,24세,상해없음
2020022100100575,2020년 2월 21일 20시,금요일,충청남도 금산군 추부면,중상사고,0,1,0,0,차대차 - 측면충돌,신호위반,젖음/습기,비,교차로 - 교차로안,화물,남,56세,상해없음,승용,여,42세,중상
2020022100100612,2020년 2월 21일 21시,금요일,충청남도 서산시 성연면,중상사고,0,1,0,0,차량단독 - 공작물충돌,안전운전불이행,젖음/습기,비,교차로 - 교차로안,승용,남,28세,중상,,,,
2020022100100651,2020년 2월 21일 22시,금요일,충청남도 천안시 동남구 구성동,경상사고,0,0,1,0,차대사람 - 횡단중,보행자보호의무위반,젖음/습기,비,단일로 - 기타,승합,남,66세,기타불명,보행자,여,72세,경상
2020022200100020,2020년 2월 22일 00시,토요일,충청남도 천안시 서북구 입장면,경상사고,0,0,1,0,차대차 - 기타,안전운전불이행,젖음/습기,비,단일로 - 기타,승용,남,55세,상해없음,승용,여,51세,경상
2020022200100052,2020년 2월 22일 01시,토요일,충청남도 천안시 서북구 두정동,경상사고,0,0,1,0,차대차 - 추돌,안전운전불이행,젖음/습기,비,단일로 - 기타,승용,남,38세,상해없음,이륜,남,52세,경상
2020022200100082,2020년 2월 22일 04시,토요일,충청남도 천안시 서북구 두정동,경상사고,0,0,1,0,차대사람 - 길가장자리구역통행중,안전운전불이행,건조,맑음,단일로 - 기타,화물,남,39세,상해없음,보행자,남,22세,경상
2020022200100088,2020년 2월 22일 05시,토요일,충청남도 보령시 신흑동,중상사고,0,1,3,0,차량단독 - 기타,과속,건조,맑음,단일로 - 기타,승용,남,21세,상해없음,,,,
2020022200100101,2020년 2월 22일 06시,토요일,충청남도 아산시 둔포면,경상사고,0,0,1,0,차대차 - 기타,신호위반,젖음/습기,맑음,교차로 - 교차로안,승용,남,50세,상해없음,승용,남,34세,경상
2020022200100128,2020년 2월 22일 08시,토요일,충청남도 보령시 대천동,경상사고,0,0,1,0,차대사람 - 횡단중,보행자보호의무위반,건조,맑음,교차로 - 교차로부근,승용,여,61세,상해없음,보행자,여,21세,경상
2020022200100158,2020년 2월 22일 10시,토요일,충청남도 천안시 동남구 수신면,중상사고,0,1,0,0,차대차 - 추돌,안전운전불이행,건조,맑음,단일로 - 기타,승용,남,38세,상해없음,승용,남,27세,중상
2020022200100272,2020년 2월 22일 14시,토요일,충청남도 천안시 서북구 불당동,경상사고,0,0,2,0,차대차 - 측면충돌,신호위반,건조,맑음,교차로 - 교차로안,승용,남,34세,상해없음,승용,남,58세,경상
2020022200100273,2020년 2월 22일 14시,토요일,충청남도 아산시 염치읍,중상사고,0,1,0,0,차대차 - 측면충돌,신호위반,건조,맑음,교차로 - 교차로안,승용,남,32세,상해없음,승용,여,29세,중상
2020022200100274,2020년 2월 22일 14시,토요일,충청남도 천안시 서북구 성거읍,경상사고,0,0,1,0,차대차 - 추돌,안전운전불이행,건조,맑음,단일로 - 기타,승용,남,52세,상해없음,승용,남,44세,경상
2020022200100304,2020년 2월 22일 15시,토요일,충청남도 서산시 석남동,경상사고,0,0,2,0,차대차 - 추돌,안전운전불이행,건조,맑음,단일로 - 기타,승용,남,48세,상해없음,승용,여,52세,경상
2020022200100402,2020년 2월 22일 19시,토요일,충청남도 홍성군 홍성읍,경상사고,0,0,1,0,차대사람 - 횡단중,보행자보호의무위반,건조,맑음,교차로 - 교차로안,승용,여,49세,상해없음,보행자,여,38세,경상
2020022200100487,2020년 2월 22일 23시,토요일,충청남도 천안시 동남구 신방동,경상사고,0,0,1,0,차대차 - 추돌,교차로운행방법위반,건조,맑음,교차로 - 교차로안,승용,남,34세,상해없음,승용,남,32세,경상
2020022300100010,2020년 2월 23일 00시,일요일,충청남도 아산시 온천동,경상사고,0,0,1,0,차대차 - 기타,안전운전불이행,건조,맑음,교차로 - 교차로부근,승용,남,28세,상해없음,승용,남,21세,경상
2020022300100076,2020년 2월 23일 09시,일요일,충청남도 공주시 사곡면,중상사고,0,1,0,0,차대차 - 측면충돌,안전운전불이행,건조,맑음,교차로 - 교차로안,승용,남,68세,상해없음,이륜,남,68세,중상
2020022300100127,2020년 2월 23일 12시,일요일,충청남도 홍성군 은하면,경상사고,0,0,1,0,차대차 - 추돌,안전운전불이행,건조,맑음,단일로 - 기타,이륜,남,47세,경상,승용,남,48세,상해없음
2020022300100128,2020년 2월 23일 12시,일요일,충청남도 예산군 신암면,경상사고,0,0,1,0,차대차 - 측면충돌,직진우회전진행방해,건조,맑음,교차로 - 교차로부근,화물,남,76세,상해없음,화물,남,63세,경상
2020022300100148,2020년 2월 23일 13시,일요일,충청남도 천안시 동남구 신부동,경상사고,0,0,1,0,차대사람 - 길가장자리구역통행중,안전운전불이행,건조,맑음,단일로 - 기타,승용,남,31세,상해없음,보행자,남,28세,경상
2020022300100149,2020년 2월 23일 13시,일요일,충청남도 천안시 동남구 청당동,경상사고,0,0,1,0,차량단독 - 공작물충돌,안전운전불이행,건조,맑음,기타 - 기타,승용,남,72세,경상,,,,
2020022300100150,2020년 2월 23일 13시,일요일,충청남도 공주시 정안면,경상사고,0,0,9,0,차대차 - 추돌,안전운전불이행,건조,맑음,기타 - 기타,승용,남,47세,상해없음,승용,여,47세,경상
2020022300100190,2020년 2월 23일 15시,일요일,충청남도 부여군 부여읍,중상사고,0,1,0,0,차대차 - 측면충돌,교차로운행방법위반,건조,맑음,교차로 - 교차로안,승합,남,56세,상해없음,자전거,남,51세,중상
2020022300100191,2020년 2월 23일 15시,일요일,충청남도 천안시 동남구 신부동,경상사고,0,0,1,0,차대사람 - 기타,안전운전불이행,건조,맑음,단일로 - 기타,승용,여,55세,상해없음,보행자,남,26세,경상
2020022300100193,2020년 2월 23일 15시,일요일,충청남도 당진시 송악읍,중상사고,0,2,7,0,차대차 - 추돌,안전운전불이행,건조,맑음,단일로 - 기타,승용,남,24세,상해없음,승용,남,30세,중상
2020022300100207,2020년 2월 23일 16시,일요일,충청남도 논산시 광석면,중상사고,0,1,0,0,차대차 - 측면충돌,교차로운행방법위반,건조,맑음,교차로 - 교차로안,승용,남,51세,상해없음,승용,남,76세,중상
2020022300100282,2020년 2월 23일 19시,일요일,충청남도 서산시 해미면,경상사고,0,0,1,0,차대차 - 측면충돌,신호위반,건조,맑음,교차로 - 교차로안,화물,남,40세,상해없음,승용,남,39세,경상
2020022300100283,2020년 2월 23일 19시,일요일,충청남도 천안시 서북구 쌍용동,중상사고,0,1,1,0,차대차 - 측면충돌,중앙선침범,건조,맑음,교차로 - 교차로안,승용,남,47세,경상,이륜,남,52세,중상
2020022300100284,2020년 2월 23일 19시,일요일,충청남도 부여군 구룡면,중상사고,0,2,0,0,차대차 - 정면충돌,중앙선침범,건조,맑음,단일로 - 기타,승용,남,60세,상해없음,승용,남,52세,중상
2020022300100285,2020년 2월 23일 19시,일요일,충청남도 천안시 동남구 영성동,경상사고,0,0,1,0,차대차 - 기타,안전운전불이행,건조,맑음,주차장 - 주차장,화물,남,55세,상해없음,승용,남,41세,경상
2020022300100308,2020년 2월 23일 20시,일요일,충청남도 예산군 오가면,중상사고,0,1,0,0,차대차 - 측면충돌,신호위반,건조,맑음,교차로 - 교차로안,승용,남,36세,상해없음,승용,여,55세,중상
2020022300100329,2020년 2월 23일 21시,일요일,충청남도 태안군 태안읍,경상사고,0,0,1,0,차대차 - 측면충돌,신호위반,건조,맑음,교차로 - 교차로안,승용,남,54세,기타불명,승용,남,47세,경상
2020022300100349,2020년 2월 23일 22시,일요일,충청남도 아산시 배미동,경상사고,0,0,2,0,차대차 - 측면충돌,안전운전불이행,건조,기타,교차로 - 교차로부근,승용,남,25세,상해없음,승용,남,44세,경상
2020022300100359,2020년 2월 23일 23시,일요일,충청남도 공주시 우성면,중상사고,0,1,0,0,차대차 - 기타,안전운전불이행,건조,맑음,단일로 - 기타,승용,남,26세,상해없음,승합,남,54세,중상
2020022400100005,2020년 2월 24일 00시,월요일,충청남도 천안시 서북구 불당동,경상사고,0,0,1,0,차대차 - 측면충돌,교차로운행방법위반,건조,맑음,교차로 - 교차로안,승용,여,50세,상해없음,승용,남,67세,상해없음
2020022400100017,2020년 2월 24일 03시,월요일,충청남도 공주시 계룡면,경상사고,0,0,2,0,차량단독 - 전도전복 - 전복,안전운전불이행,서리/결빙,흐림,단일로 - 기타,승용,남,28세,경상,,,,
2020022400100047,2020년 2월 24일 06시,월요일,충청남도 서산시 온석동,경상사고,0,0,1,0,차대차 - 정면충돌,안전운전불이행,건조,맑음,교차로 - 교차로안,승용,남,33세,상해없음,승용,여,56세,경상
2020022400100068,2020년 2월 24일 07시,월요일,충청남도 당진시 순성면,중상사고,0,2,0,0,차대차 - 정면충돌,중앙선침범,건조,맑음,단일로 - 기타,승용,남,22세,중상,승용,여,37세,중상
2020022400100093,2020년 2월 24일 08시,월요일,충청남도 아산시 온천동,경상사고,0,0,1,0,차대사람 - 횡단중,보행자보호의무위반,건조,맑음,교차로 - 교차로횡단보도내,승합,남,34세,상해없음,보행자,여,23세,경상
2020022400100124,2020년 2월 24일 09시,월요일,충청남도 천안시 동남구 원성동,중상사고,0,1,0,0,차대차 - 측면충돌,교차로운행방법위반,건조,맑음,교차로 - 교차로안,화물,남,59세,상해없음,자전거,남,84세,중상
2020022400100143,2020년 2월 24일 10시,월요일,충청남도 당진시 순성면,사망사고,1,0,0,0,차량단독 - 도로외이탈 - 추락,안전운전불이행,건조,맑음,단일로 - 기타,이륜,남,77세,사망,,,,
2020022400100170,2020년 2월 24일 11시,월요일,충청남도 천안시 서북구 신당동,경상사고,0,0,1,0,차대차 - 측면충돌,안전거리미확보,건조,맑음,단일로 - 기타,승용,남,56세,상해없음,화물,남,53세,경상
2020022400100171,2020년 2월 24일 11시,월요일,충청남도 예산군 예산읍,경상사고,0,0,2,0,차대차 - 측면충돌,신호위반,건조,맑음,교차로 - 교차로안,승합,남,39세,상해없음,승용,남,56세,경상
2020022400100209,2020년 2월 24일 12시,월요일,충청남도 서산시 석남동,경상사고,0,0,1,0,차대차 - 측면충돌,안전거리미확보,건조,맑음,단일로 - 기타,승용,여,42세,상해없음,승용,여,34세,경상
2020022400100210,2020년 2월 24일 12시,월요일,충청남도 천안시 서북구 불당동,경상사고,0,0,2,0,차대차 - 측면충돌,신호위반,건조,맑음,교차로 - 교차로안,이륜,남,59세,경상,승용,남,27세,경상
2020022400100211,2020년 2월 24일 12시,월요일,충청남도 청양군 청양읍,중상사고,0,3,0,0,차대차 - 측면충돌,안전운전불이행,건조,맑음,교차로 - 교차로안,승용,여,50세,상해없음,화물,남,67세,중상