사고번호,사고일시,요일,시군구,사고내용,사망자수,중상자수,경상자수,부상신고자수,사고유형,법규위반,노면상태,기상상태,도로형태,가해운전자 차종,가해운전자 성별,가해운전자 연령,가해운전자 상해정도,피해운전자 차종,피해운전자 성별,피해운전자 연령,피해운전자 상해정도
2020022400100212,2020년 2월 24일 12시,월요일,충청남도 태안군 태안읍,경상사고,0,0,2,0,차대차 - 측면충돌,직진우회전진행방해,건조,맑음,교차로 - 교차로안,승용,남,42세,경상,승용,여,62세,경상
2020022400100310,2020년 2월 24일 15시,월요일,충청남도 서산시 읍내동,중상사고,0,1,0,0,차대사람 - 횡단중,보행자보호의무위반,건조,맑음,교차로 - 교차로안,화물,남,48세,상해없음,보행자,여,71세,중상
2020022400100311,2020년 2월 24일 15시,월요일,충청남도 천안시 서북구 성환읍,경상사고,0,0,1,0,차대차 - 측면충돌,직진우회전진행방해,건조,맑음,교차로 - 교차로안,승용,여,53세,상해없음,이륜,남,82세,경상
2020022400100312,2020년 2월 24일 15시,월요일,충청남도 아산시 둔포면,경상사고,0,0,3,0,차대차 - 기타,안전운전불이행,건조,맑음,단일로 - 기타,승용,남,35세,경상,승용,남,30세,경상
2020022400100358,2020년 2월 24일 17시,월요일,충청남도 아산시 좌부동,경상사고,0,0,1,0,차대사람 - 기타,안전운전불이행,건조,맑음,주차장 - 주차장,화물,남,46세,상해없음,보행자,남,70세,경상
2020022400100383,2020년 2월 24일 18시,월요일,충청남도 천안시 서북구 직산읍,경상사고,0,0,1,0,차대차 - 측면충돌,안전운전불이행,건조,맑음,단일로 - 기타,승용,여,51세,상해없음,승용,남,35세,경상
2020022400100420,2020년 2월 24일 19시,월요일,충청남도 천안시 서북구 백석동,부상신고사고,0,0,0,1,차대차 - 기타,안전운전불이행,건조,맑음,단일로 - 기타,승용,남,42세,상해없음,승용,남,32세,상해없음
2020022400100421,2020년 2월 24일 19시,월요일,충청남도 공주시 신관동,경상사고,0,0,1,0,차대사람 - 기타,기타,건조,맑음,교차로 - 교차로부근,승합,남,64세,상해없음,보행자,남,55세,경상
2020022400100422,2020년 2월 24일 19시,월요일,충청남도 당진시 합덕읍,중상사고,0,1,0,0,차대차 - 추돌,안전운전불이행,건조,맑음,단일로 - 기타,이륜,남,63세,중상,화물,여,47세,기타불명
2020022400100459,2020년 2월 24일 20시,월요일,충청남도 서산시 예천동,경상사고,0,0,1,0,차대차 - 측면충돌,안전운전불이행,건조,맑음,교차로 - 교차로부근,승용,남,55세,상해없음,승용,여,38세,경상
2020022400100460,2020년 2월 24일 20시,월요일,충청남도 서산시 동문동,중상사고,0,1,0,0,차대사람 - 횡단중,신호위반,건조,맑음,교차로 - 교차로안,기타불명,기타불명,미분류,기타불명,보행자,여,55세,중상
2020022400100484,2020년 2월 24일 21시,월요일,충청남도 서산시 성연면,중상사고,0,1,2,0,차대차 - 정면충돌,안전운전불이행,건조,맑음,단일로 - 기타,승용,남,29세,상해없음,승용,여,38세,경상
2020022400100485,2020년 2월 24일 21시,월요일,충청남도 천안시 서북구 성거읍,경상사고,0,0,2,0,차대차 - 추돌,안전운전불이행,건조,맑음,단일로 - 기타,승용,남,39세,상해없음,화물,남,32세,경상
2020022400100512,2020년 2월 24일 23시,월요일,충청남도 서산시 동문동,중상사고,0,1,0,0,차대차 - 기타,안전운전불이행,젖음/습기,비,단일로 - 기타,승용,여,31세,상해없음,승용,남,62세,중상
2020022400100513,2020년 2월 24일 23시,월요일,충청남도 천안시 서북구 성정동,경상사고,0,0,1,0,차대차 - 기타,안전운전불이행,젖음/습기,비,교차로 - 교차로안,승용,남,46세,상해없음,원동기,남,28세,경상
2020022400100514,2020년 2월 24일 23시,월요일,충청남도 보령시 동대동,경상사고,0,0,4,0,차대사람 - 횡단중,신호위반,젖음/습기,맑음,교차로 - 교차로안,승용,남,38세,상해없음,보행자,남,19세,경상
2020022500100011,2020년 2월 25일 00시,화요일,충청남도 천안시 서북구 성정동,경상사고,0,0,1,0,차대사람 - 기타,안전운전불이행,젖음/습기,비,교차로 - 교차로안,승용,남,63세,상해없음,보행자,남,53세,경상
2020022500100049,2020년 2월 25일 05시,화요일,충청남도 보령시 청소면,중상사고,0,1,0,0,차대차 - 추돌,안전운전불이행,젖음/습기,비,단일로 - 기타,화물,남,51세,상해없음,이륜,남,36세,중상
2020022500100100,2020년 2월 25일 08시,화요일,충청남도 부여군 장암면,경상사고,0,0,1,0,차대차 - 측면충돌,차로위반,젖음/습기,비,단일로 - 기타,승용,남,40세,상해없음,승용,여,50세,경상
2020022500100131,2020년 2월 25일 09시,화요일,충청남도 당진시 순성면,경상사고,0,0,1,0,차대차 - 측면충돌,중앙선침범,젖음/습기,비,교차로 - 교차로부근,화물,남,46세,상해없음,승용,여,25세,경상
2020022500100176,2020년 2월 25일 11시,화요일,충청남도 천안시 서북구 불당동,경상사고,0,0,1,0,차대차 - 기타,안전운전불이행,젖음/습기,비,교차로 - 교차로안,승용,여,44세,상해없음,승용,여,42세,경상
2020022500100224,2020년 2월 25일 13시,화요일,충청남도 천안시 서북구 차암동,경상사고,0,0,1,0,차대차 - 측면충돌,직진우회전진행방해,젖음/습기,비,교차로 - 교차로안,승용,남,47세,상해없음,특수,남,55세,경상
2020022500100268,2020년 2월 25일 15시,화요일,충청남도 천안시 서북구 두정동,경상사고,0,0,2,0,차대차 - 기타,중앙선침범,건조,맑음,단일로 - 기타,승용,남,57세,상해없음,승용,남,35세,경상
2020022500100269,2020년 2월 25일 15시,화요일,충청남도 예산군 대술면,사망사고,1,1,0,0,차량단독 - 도로외이탈 - 기타,안전운전불이행,젖음/습기,비,단일로 - 기타,승용,남,82세,상해없음,,,,
2020022500100314,2020년 2월 25일 17시,화요일,충청남도 아산시 탕정면,경상사고,0,0,1,0,차대차 - 기타,안전운전불이행,건조,맑음,단일로 - 기타,승용,여,52세,상해없음,승용,남,58세,경상
2020022500100347,2020년 2월 25일 18시,화요일,충청남도 천안시 서북구 두정동,경상사고,0,0,1,0,차대차 - 측면충돌,안전운전불이행,건조,흐림,단일로 - 기타,승용,남,26세,상해없음,이륜,남,24세,경상
2020022500100379,2020년 2월 25일 19시,화요일,충청남도 서산시 예천동,경상사고,0,0,3,0,차대차 - 정면충돌,신호위반,젖음/습기,흐림,교차로 - 교차로부근,승용,남,65세,상해없음,승용,남,56세,경상
2020022500100380,2020년 2월 25일 19시,화요일,충청남도 논산시 취암동,경상사고,0,0,1,0,차대사람 - 횡단중,보행자보호의무위반,젖음/습기,비,교차로 - 교차로횡단보도내,승합,남,59세,상해없음,보행자,여,66세,경상
2020022500100381,2020년 2월 25일 19시,화요일,충청남도 예산군 예산읍,경상사고,0,0,1,0,차대차 - 측면충돌,안전운전불이행,젖음/습기,흐림,교차로 - 교차로안,승용,여,40세,상해없음,이륜,여,61세,경상
2020022500100413,2020년 2월 25일 20시,화요일,충청남도 천안시 서북구 불당동,경상사고,0,0,1,0,차대차 - 측면충돌,안전운전불이행,건조,맑음,교차로 - 교차로안,승용,남,30세,상해없음,원동기,남,20세,경상
2020022500100435,2020년 2월 25일 21시,화요일,충청남도 천안시 서북구 성정동,경상사고,0,0,1,0,차대차 - 추돌,안전운전불이행,건조,맑음,교차로 - 교차로부근,승합,남,30세,상해없음,승용,여,39세,경상
2020022500100450,2020년 2월 25일 22시,화요일,충청남도 서산시 동문동,경상사고,0,0,3,0,차대차 - 추돌,안전운전불이행,젖음/습기,흐림,단일로 - 기타,승용,여,47세,상해없음,승용,남,35세,경상
2020022500100451,2020년 2월 25일 22시,화요일,충청남도 천안시 서북구 두정동,중상사고,0,2,0,0,차대사람 - 횡단중,신호위반,건조,맑음,단일로 - 기타,승용,남,27세,상해없음,보행자,남,24세,중상
2020022500100466,2020년 2월 25일 23시,화요일,충청남도 당진시 읍내리,중상사고,0,1,0,0,차대차 - 측면충돌,신호위반,건조,맑음,교차로 - 교차로안,승용,남,32세,상해없음,승용,남,48세,중상
2020022600100056,2020년 2월 26일 06시,수요일,충청남도 당진시 합덕읍,경상사고,0,0,1,0,차대사람 - 기타,보행자보호의무위반,건조,맑음,교차로 - 교차로횡단보도내,승용,남,46세,상해없음,보행자,남,59세,경상
2020022600100096,2020년 2월 26일 08시,수요일,충청남도 아산시 권곡동,중상사고,0,1,0,0,차대사람 - 차도통행중,교차로운행방법위반,건조,맑음,교차로 - 교차로안,승용,남,29세,상해없음,보행자,여,64세,중상
2020022600100122,2020년 2월 26일 09시,수요일,충청남도 아산시 권곡동,경상사고,0,0,1,0,차대차 - 측면충돌,안전운전불이행,건조,맑음,교차로 - 교차로부근,승용,여,48세,상해없음,이륜,남,69세,경상
2020022600100123,2020년 2월 26일 09시,수요일,충청남도 아산시 둔포면,중상사고,0,1,2,0,차대차 - 추돌,안전운전불이행,건조,맑음,단일로 - 기타,화물,남,54세,상해없음,화물,남,31세,중상
2020022600100142,2020년 2월 26일 10시,수요일,충청남도 아산시 둔포면,중상사고,0,3,2,0,차대차 - 추돌,안전운전불이행,건조,맑음,단일로 - 기타,화물,남,49세,상해없음,승용,남,44세,중상
2020022600100143,2020년 2월 26일 10시,수요일,충청남도 당진시 송악읍,경상사고,0,0,2,0,차대차 - 정면충돌,신호위반,건조,맑음,교차로 - 교차로안,승용,남,49세,경상,화물,남,36세,경상
2020022600100187,2020년 2월 26일 12시,수요일,충청남도 천안시 서북구 쌍용동,경상사고,0,0,1,0,차대차 - 추돌,안전운전불이행,건조,맑음,기타 - 기타,이륜,남,35세,기타불명,승용,여,35세,경상
2020022600100188,2020년 2월 26일 12시,수요일,충청남도 서천군 장항읍,경상사고,0,0,1,0,차대차 - 기타,안전운전불이행,건조,맑음,단일로 - 기타,화물,남,64세,경상,승용,여,37세,상해없음
2020022600100233,2020년 2월 26일 14시,수요일,충청남도 천안시 동남구 구성동,부상신고사고,0,0,0,1,차대차 - 측면충돌,직진우회전진행방해,건조,맑음,교차로 - 교차로안,승용,여,73세,상해없음,이륜,여,65세,부상신고
2020022600100287,2020년 2월 26일 17시,수요일,충청남도 홍성군 홍성읍,경상사고,0,0,1,0,차대차 - 측면충돌,신호위반,건조,맑음,교차로 - 교차로안,승용,남,55세,상해없음,승용,여,55세,경상
2020022600100289,2020년 2월 26일 17시,수요일,충청남도 태안군 태안읍,중상사고,0,1,0,0,차대차 - 측면충돌,신호위반,건조,맑음,교차로 - 교차로안,이륜,남,49세,상해없음,이륜,남,65세,중상
2020022600100331,2020년 2월 26일 18시,수요일,충청남도 천안시 서북구 성정동,부상신고사고,0,0,0,1,차대차 - 측면충돌,교차로운행방법위반,건조,맑음,교차로 - 교차로안,승용,남,51세,상해없음,이륜,남,27세,부상신고
2020022600100332,2020년 2월 26일 18시,수요일,충청남도 천안시 서북구 불당동,경상사고,0,0,1,0,차대차 - 측면충돌,신호위반,건조,맑음,단일로 - 기타,승합,남,61세,상해없음,승용,여,43세,경상
2020022600100415,2020년 2월 26일 20시,수요일,충청남도 천안시 서북구 성정동,경상사고,0,0,1,0,차대차 - 측면충돌,교차로운행방법위반,건조,맑음,교차로 - 교차로안,이륜,남,21세,상해없음,승용,남,57세,경상
2020022600100416,2020년 2월 26일 20시,수요일,충청남도 예산군 광시면,경상사고,0,0,1,0,차대사람 - 차도통행중,안전운전불이행,건조,맑음,단일로 - 기타,승용,여,59세,상해없음,보행자,여,58세,경상
2020022600100434,2020년 2월 26일 21시,수요일,충청남도 아산시 둔포면,경상사고,0,0,2,0,차대차 - 추돌,안전운전불이행,건조,맑음,기타 - 기타,승용,남,42세,상해없음,승용,여,44세,경상
2020022700100020,2020년 2월 27일 01시,목요일,충청남도 천안시 서북구 불당동,경상사고,0,0,1,0,차대사람 - 기타,안전운전불이행,건조,맑음,기타 - 기타,승용,남,37세,기타불명,보행자,남,39세,경상
2020022700100026,2020년 2월 27일 02시,목요일,충청남도 청양군 비봉면,중상사고,0,1,0,0,차량단독 - 도로외이탈 - 추락,안전운전불이행,건조,맑음,교차로 - 교차로안,승용,남,25세,중상,,,,
2020022700100059,2020년 2월 27일 06시,목요일,충청남도 서산시 잠홍동,사망사고,1,0,1,0,차대차 - 추돌,안전운전불이행,건조,맑음,단일로 - 기타,승용,남,35세,사망,건설기계,남,48세,경상
2020022700100060,2020년 2월 27일 06시,목요일,충청남도 천안시 서북구 쌍용동,경상사고,0,0,1,0,차대차 - 정면충돌,신호위반,건조,맑음,교차로 - 교차로안,승용,남,38세,상해없음,승용,남,58세,경상
2020022700100061,2020년 2월 27일 06시,목요일,충청남도 공주시 신관동,경상사고,0,0,1,0,차대차 - 기타,안전운전불이행,건조,맑음,교차로 - 교차로안,승합,남,53세,경상,승합,남,29세,상해없음
2020022700100103,2020년 2월 27일 08시,목요일,충청남도 천안시 서북구 성정동,경상사고,0,0,2,0,차대차 - 측면충돌,신호위반,건조,맑음,교차로 - 교차로부근,승합,남,60세,상해없음,승용,남,26세,경상
2020022700100104,2020년 2월 27일 08시,목요일,충청남도 아산시 송악면,중상사고,0,1,0,0,차대차 - 기타,안전운전불이행,건조,맑음,교차로 - 교차로안,승용,여,29세,상해없음,승용,여,55세,중상
2020022700100105,2020년 2월 27일 08시,목요일,충청남도 공주시 교동,경상사고,0,0,1,0,차대차 - 측면충돌,신호위반,건조,맑음,교차로 - 교차로안,화물,남,73세,기타불명,승용,남,72세,경상
2020022700100106,2020년 2월 27일 08시,목요일,충청남도 천안시 동남구 청당동,경상사고,0,0,1,0,차대차 - 측면충돌,신호위반,건조,맑음,교차로 - 교차로안,승용,남,57세,상해없음,승용,남,35세,경상
2020022700100148,2020년 2월 27일 10시,목요일,충청남도 홍성군 구항면,경상사고,0,0,1,0,차대차 - 추돌,안전운전불이행,건조,맑음,단일로 - 기타,승용,여,63세,상해없음,화물,남,28세,상해없음
2020022700100160,2020년 2월 27일 11시,목요일,충청남도 아산시 염치읍,경상사고,0,0,1,0,차대차 - 측면충돌,차로위반,건조,맑음,교차로 - 교차로안,화물,남,55세,상해없음,승용,남,28세,경상
2020022700100181,2020년 2월 27일 12시,목요일,충청남도 서산시 예천동,경상사고,0,0,1,0,차대차 - 측면충돌,신호위반,건조,맑음,교차로 - 교차로안,승용,남,71세,상해없음,이륜,남,35세,경상
2020022700100182,2020년 2월 27일 12시,목요일,충청남도 공주시 금성동,경상사고,0,0,1,0,차대차 - 후진중충돌,안전운전불이행,건조,맑음,교차로 - 교차로안,승용,남,39세,상해없음,승용,여,56세,경상
2020022700100281,2020년 2월 27일 16시,목요일,충청남도 공주시 금흥동,중상사고,0,2,0,0,차대차 - 측면충돌,중앙선침범,건조,맑음,교차로 - 교차로안,승용,여,70세,중상,승용,남,40세,중상
2020022700100329,2020년 2월 27일 18시,목요일,충청남도 서산시 대산읍,중상사고,0,1,0,0,차대사람 - 보도통행중,신호위반,건조,맑음,교차로 - 교차로안,승용,남,67세,상해없음,보행자,남,38세,중상
2020022700100330,2020년 2월 27일 18시,목요일,충청남도 서산시 지곡면,중상사고,0,1,0,0,차대차 - 측면충돌,신호위반,건조,맑음,교차로 - 교차로안,승용,남,39세,상해없음,승용,남,39세,중상
2020022700100331,2020년 2월 27일 18시,목요일,충청남도 천안시 서북구 두정동,경상사고,0,0,1,0,차대사람 - 횡단중,보행자보호의무위반,건조,맑음,교차로 - 교차로횡단보도내,승용,남,32세,상해없음,보행자,남,49세,경상
2020022700100332,2020년 2월 27일 18시,목요일,충청남도 당진시 읍내리,경상사고,0,0,1,0,차대사람 - 기타,안전운전불이행,건조,맑음,단일로 - 기타,승용,여,31세,상해없음,보행자,여,81세,경상
2020022700100354,2020년 2월 27일 19시,목요일,충청남도 홍성군 홍북읍,경상사고,0,0,1,0,차대차 - 측면충돌,신호위반,건조,맑음,교차로 - 교차로안,승용,남,61세,상해없음,이륜,남,33세,경상
2020022700100355,2020년 2월 27일 19시,목요일,충청남도 아산시 도고면,경상사고,0,0,3,0,차대차 - 추돌,안전운전불이행,건조,기타,교차로 - 교차로부근,승용,남,76세,상해없음,승용,남,28세,경상
2020022700100419,2020년 2월 27일 22시,목요일,충청남도 당진시 읍내리,경상사고,0,0,1,0,차대차 - 측면충돌,차로위반,건조,맑음,단일로 - 기타,승용,여,48세,상해없음,승용,남,22세,경상
2020022700100431,2020년 2월 27일 23시,목요일,충청남도 논산시 채운면,중상사고,0,4,1,0,차대차 - 기타,과속,건조,맑음,단일로 - 기타,승용,남,61세,상해없음,승용,남,49세,중상
2020022800100027,2020년 2월 28일 03시,금요일,충청남도 아산시 둔포면,부상신고사고,0,0,0,1,차량단독 - 전도전복 - 전복,안전운전불이행,건조,맑음,기타 - 기타,승용,남,40세,부상신고,,,,
2020022800100060,2020년 2월 28일 07시,금요일,충청남도 당진시 송악읍,경상사고,0,0,1,0,차대차 - 정면충돌,중앙선침범,건조,맑음,단일로 - 기타,승용,남,36세,상해없음,승용,여,55세,경상
2020022800100097,2020년 2월 28일 09시,금요일,충청남도 천안시 서북구 성성동,경상사고,0,0,2,0,차대차 - 기타,안전거리미확보,건조,맑음,단일로 - 기타,화물,남,38세,경상,승용,남,59세,경상
2020022800100098,2020년 2월 28일 09시,금요일,충청남도 당진시 석문면,경상사고,0,0,2,0,차대차 - 측면충돌,신호위반,젖음/습기,비,교차로 - 교차로안,승용,여,59세,경상,승용,남,51세,경상
2020022800100118,2020년 2월 28일 10시,금요일,충청남도 아산시 신창면,경상사고,0,0,1,0,차대차 - 기타,안전운전불이행,젖음/습기,비,단일로 - 기타,화물,남,72세,상해없음,승용,여,48세,경상
2020022800100119,2020년 2월 28일 10시,금요일,충청남도 공주시 신기동,부상신고사고,0,0,0,1,차대차 - 측면충돌,안전운전불이행,젖음/습기,비,단일로 - 기타,승용,여,23세,상해없음,이륜,남,48세,부상신고
2020022800100135,2020년 2월 28일 11시,금요일,충청남도 천안시 서북구 불당동,부상신고사고,0,0,0,1,차대차 - 후진중충돌,안전운전불이행,젖음/습기,비,교차로 - 교차로안,화물,남,38세,상해없음,이륜,남,40세,부상신고
2020022800100136,2020년 2월 28일 11시,금요일,충청남도 천안시 동남구 용곡동,경상사고,0,0,1,0,차대차 - 기타,안전운전불이행,젖음/습기,비,교차로 - 교차로안,특수,남,54세,상해없음,승용,남,33세,경상
2020022800100137,2020년 2월 28일 11시,금요일,충청남도 천안시 동남구 청수동,경상사고,0,0,1,0,차대차 - 후진중충돌,안전운전불이행,젖음/습기,비,교차로 - 교차로부근,승용,남,62세,상해없음,승용,남,48세,경상
2020022800100158,2020년 2월 28일 12시,금요일,충청남도 아산시 탕정면,경상사고,0,0,1,0,차대차 - 기타,신호위반,젖음/습기,비,교차로 - 교차로안,승합,남,31세,상해없음,승용,여,31세,경상
2020022800100205,2020년 2월 28일 14시,금요일,충청남도 당진시 채운동,중상사고,0,1,0,0,차대차 - 측면충돌,신호위반,젖음/습기,비,교차로 - 교차로안,화물,남,63세,상해없음,승용,남,47세,중상
2020022800100249,2020년 2월 28일 16시,금요일,충청남도 아산시 둔포면,경상사고,0,0,1,0,차대차 - 측면충돌,안전운전불이행,건조,맑음,단일로 - 기타,승용,남,28세,상해없음,승용,남,58세,경상
2020022800100309,2020년 2월 28일 18시,금요일,충청남도 천안시 동남구 청당동,경상사고,0,0,1,0,차대차 - 측면충돌,안전운전불이행,건조,맑음,단일로 - 기타,화물,남,33세,상해없음,승용,여,44세,경상
2020022800100354,2020년 2월 28일 19시,금요일,충청남도 서산시 대산읍,경상사고,0,0,1,0,차대차 - 추돌,안전거리미확보,젖음/습기,흐림,단일로 - 기타,화물,남,29세,상해없음,승용,여,65세,경상
2020022800100355,2020년 2월 28일 19시,금요일,충청남도 논산시 취암동,중상사고,0,1,0,1,차대차 - 측면충돌,중앙선침범,건조,맑음,단일로 - 기타,이륜,남,50세,부상신고,이륜,남,40세,중상
2020022800100437,2020년 2월 28일 22시,금요일,충청남도 천안시 서북구 성거읍,경상사고,0,0,1,0,차대차 - 추돌,안전운전불이행,건조,맑음,교차로 - 교차로부근,화물,남,49세,상해없음,승용,남,38세,경상
2020022800100459,2020년 2월 28일 23시,금요일,충청남도 당진시 송산면,중상사고,0,1,0,0,차대사람 - 길가장자리구역통행중,중앙선침범,건조,맑음,단일로 - 기타,승용,남,37세,상해없음,보행자,남,41세,중상
2020022900100015,2020년 2월 29일 00시,토요일,충청남도 천안시 서북구 성정동,경상사고,0,0,1,0,차대사람 - 기타,안전운전불이행,건조,맑음,교차로 - 교차로안,승용,남,57세,상해없음,보행자,남,24세,경상
2020022900100016,2020년 2월 29일 00시,토요일,충청남도 아산시 도고면,경상사고,0,0,1,0,차대차 - 기타,안전운전불이행,건조,맑음,단일로 - 기타,승용,남,53세,상해없음,특수,남,68세,경상
2020022900100017,2020년 2월 29일 00시,토요일,충청남도 서천군 서면,중상사고,0,1,0,0,차량단독 - 공작물충돌,안전운전불이행,젖음/습기,흐림,교차로 - 교차로안,승용,남,41세,중상,,,,
2020022900100030,2020년 2월 29일 01시,토요일,충청남도 공주시 신관동,경상사고,0,0,1,0,차대차 - 측면충돌,신호위반,건조,맑음,교차로 - 교차로안,승용,여,38세,기타불명,승용,남,60세,경상
2020022900100077,2020년 2월 29일 06시,토요일,충청남도 보령시 죽정동,경상사고,0,0,1,0,차대차 - 측면충돌,안전운전불이행,건조,맑음,단일로 - 기타,승합,남,62세,상해없음,승용,여,67세,경상
2020022900100117,2020년 2월 29일 10시,토요일,충청남도 천안시 서북구 쌍용동,경상사고,0,0,1,0,차대차 - 측면충돌,안전운전불이행,건조,맑음,교차로 - 교차로안,승용,여,69세,상해없음,승용,남,29세,경상
2020022900100160,2020년 2월 29일 12시,토요일,충청남도 아산시 배방읍,경상사고,0,0,2,0,차대차 - 기타,신호위반,건조,맑음,교차로 - 교차로안,승용,남,32세,상해없음,승용,여,44세,경상
2020022900100161,2020년 2월 29일 12시,토요일,충청남도 예산군 덕산면,경상사고,0,0,3,0,차대차 - 측면충돌,직진우회전진행방해,건조,맑음,교차로 - 교차로안,승용,남,59세,상해없음,승용,남,41세,경상
2020022900100230,2020년 2월 29일 15시,토요일,충청남도 논산시 부적면,경상사고,0,0,4,0,차대차 - 측면충돌,안전운전불이행,건조,맑음,교차로 - 교차로안,승용,여,56세,상해없음,승용,여,59세,경상
2020022900100231,2020년 2월 29일 15시,토요일,충청남도 예산군 예산읍,경상사고,0,0,1,0,차대차 - 측면충돌,직진우회전진행방해,건조,맑음,교차로 - 교차로안,화물,남,64세,상해없음,승용,남,35세,경상
2020022900100257,2020년 2월 29일 16시,토요일,충청남도 보령시 신흑동,경상사고,0,0,2,0,차대차 - 기타,직진우회전진행방해,건조,맑음,교차로 - 교차로안,승용,남,28세,경상,승용,남,14세,상해없음
2020022900100273,2020년 2월 29일 17시,토요일,충청남도 아산시 탕정면,경상사고,0,0,3,0,차대차 - 기타,차로위반,건조,맑음,단일로 - 기타,승용,여,36세,상해없음,승용,남,48세,경상
2020022900100274,2020년 2월 29일 17시,토요일,충청남도 당진시 채운동,경상사고,0,0,4,0,차대차 - 정면충돌,중앙선침범,건조,맑음,단일로 - 기타,승용,남,70세,상해없음,승용,여,31세,경상
2020022900100296,2020년 2월 29일 18시,토요일,충청남도 태안군 태안읍,사망사고,1,0,1,0,차대차 - 정면충돌,중앙선침범,건조,맑음,단일로 - 기타,이륜,남,71세,사망,승용,여,58세,경상
2020022900100322,2020년 2월 29일 19시,토요일,충청남도 천안시 서북구 입장면,중상사고,0,1,0,0,차대사람 - 기타,안전운전불이행,건조,맑음,교차로 - 교차로안,승용,남,49세,상해없음,보행자,남,53세,중상
2020022900100323,2020년 2월 29일 19시,토요일,충청남도 천안시 서북구 불당동,중상사고,0,1,1,0,차대차 - 정면충돌,신호위반,건조,맑음,교차로 - 교차로안,원동기,남,37세,중상,승용,남,51세,경상
2020022900100387,2020년 2월 29일 22시,토요일,충청남도 천안시 서북구 쌍용동,경상사고,0,0,1,0,차대차 - 정면충돌,신호위반,건조,맑음,교차로 - 교차로안,승용,남,26세,상해없음,승용,여,38세,경상
2020030100100005,2020년 3월 1일 00시,일요일,충청남도 아산시 온천동,경상사고,0,0,2,0,차대차 - 기타,신호위반,건조,맑음,교차로 - 교차로안,승용,남,49세,상해없음,승용,남,56세,경상
2020030100100006,2020년 3월 1일 00시,일요일,충청남도 아산시 둔포면,경상사고,0,0,1,0,차대차 - 기타,안전운전불이행,건조,맑음,교차로 - 교차로안,승용,남,43세,상해없음,승용,남,42세,경상
2020030100100026,2020년 3월 1일 02시,일요일,충청남도 천안시 서북구 두정동,경상사고,0,0,2,0,차대차 - 추돌,안전운전불이행,건조,맑음,단일로 - 기타,승용,여,25세,상해없음,승용,남,26세,경상
2020030100100049,2020년 3월 1일 06시,일요일,충청남도 서천군 서면,중상사고,0,1,0,0,차대사람 - 차도통행중,안전운전불이행,건조,맑음,단일로 - 기타,승용,남,52세,상해없음,보행자,남,58세,중상
2020030100100057,2020년 3월 1일 08시,일요일,충청남도 홍성군 구항면,중상사고,0,1,0,0,차대차 - 정면충돌,안전운전불이행,건조,맑음,교차로 - 교차로안,화물,남,55세,상해없음,자전거,남,66세,중상
2020030100100060,2020년 3월 1일 09시,일요일,충청남도 청양군 청양읍,경상사고,0,0,1,0,차대차 - 측면충돌,안전운전불이행,건조,맑음,교차로 - 교차로안,승용,남,51세,상해없음,승용,남,59세,경상
2020030100100096,2020년 3월 1일 12시,일요일,충청남도 논산시 연무읍,중상사고,0,1,2,0,차대차 - 측면충돌,과속,건조,맑음,교차로 - 교차로안,승용,남,21세,경상,승용,남,66세,경상
2020030100100097,2020년 3월 1일 12시,일요일,충청남도 아산시 배방읍,경상사고,0,0,1,0,차대차 - 추돌,안전거리미확보,건조,맑음,단일로 - 기타,승용,남,27세,상해없음,건설기계,남,45세,경상
2020030100100120,2020년 3월 1일 13시,일요일,충청남도 아산시 용화동,경상사고,0,0,1,0,차대차 - 기타,안전운전불이행,건조,맑음,교차로 - 교차로안,승용,남,63세,상해없음,이륜,남,37세,경상
2020030100100154,2020년 3월 1일 15시,일요일,충청남도 논산시 은진면,경상사고,0,0,3,0,차대차 - 추돌,직진우회전진행방해,건조,맑음,교차로 - 교차로안,승용,남,62세,상해없음,승용,여,47세,경상
2020030100100185,2020년 3월 1일 17시,일요일,충청남도 아산시 배방읍,경상사고,0,0,2,0,차대차 - 추돌,안전운전불이행,건조,맑음,단일로 - 기타,화물,남,49세,상해없음,승용,여,42세,경상
2020030100100203,2020년 3월 1일 18시,일요일,충청남도 서산시 예천동,경상사고,0,0,1,0,차대차 - 측면충돌,불법유턴,건조,맑음,교차로 - 교차로부근,승용,남,25세,상해없음,이륜,남,30세,경상
2020030100100204,2020년 3월 1일 18시,일요일,충청남도 서산시 운산면,중상사고,0,1,0,0,차대사람 - 기타,안전운전불이행,건조,맑음,단일로 - 기타,승용,남,36세,상해없음,보행자,여,53세,중상
2020030100100205,2020년 3월 1일 18시,일요일,충청남도 천안시 서북구 성정동,경상사고,0,0,1,0,차대차 - 측면충돌,안전운전불이행,건조,맑음,교차로 - 교차로안,자전거,남,47세,경상,승용,남,61세,상해없음
2020030100100224,2020년 3월 1일 19시,일요일,충청남도 예산군 삽교읍,경상사고,0,0,2,0,차량단독 - 공작물충돌,안전운전불이행,건조,맑음,단일로 - 기타,승용,여,46세,경상,,,,
2020030200100003,2020년 3월 2일 00시,월요일,충청남도 천안시 서북구 성정동,경상사고,0,0,1,0,차대차 - 측면충돌,직진우회전진행방해,건조,맑음,교차로 - 교차로안,승용,남,26세,상해없음,이륜,남,27세,경상
2020030200100041,2020년 3월 2일 06시,월요일,충청남도 천안시 서북구 불당동,중상사고,0,1,0,0,차대차 - 측면충돌,중앙선침범,건조,맑음,단일로 - 기타,승용,남,39세,상해없음,승용,남,68세,중상