사고번호,사고일시,요일,시군구,사고내용,사망자수,중상자수,경상자수,부상신고자수,사고유형,법규위반,노면상태,기상상태,도로형태,가해운전자 차종,가해운전자 성별,가해운전자 연령,가해운전자 상해정도,피해운전자 차종,피해운전자 성별,피해운전자 연령,피해운전자 상해정도
2020030200100058,2020년 3월 2일 07시,월요일,충청남도 서산시 석남동,경상사고,0,0,2,0,차대차 - 추돌,안전운전불이행,건조,맑음,교차로 - 교차로부근,특수,남,49세,경상,승용,남,47세,경상
2020030200100059,2020년 3월 2일 07시,월요일,충청남도 천안시 서북구 성정동,경상사고,0,0,2,0,차대차 - 추돌,안전거리미확보,건조,맑음,교차로 - 교차로부근,승용,남,34세,상해없음,승용,남,30세,경상
2020030200100060,2020년 3월 2일 07시,월요일,충청남도 천안시 동남구 광덕면,중상사고,0,1,0,0,차대사람 - 기타,기타,건조,맑음,단일로 - 기타,화물,남,45세,상해없음,보행자,여,68세,중상
2020030200100081,2020년 3월 2일 08시,월요일,충청남도 천안시 서북구 성거읍,중상사고,0,2,1,1,차대차 - 측면충돌,과속,건조,맑음,교차로 - 교차로안,승용,남,29세,상해없음,승용,남,42세,중상
2020030200100102,2020년 3월 2일 09시,월요일,충청남도 천안시 서북구 성거읍,중상사고,0,1,0,0,차량단독 - 기타,안전운전불이행,건조,맑음,단일로 - 기타,승용,남,63세,중상,,,,
2020030200100130,2020년 3월 2일 10시,월요일,충청남도 서산시 동문동,중상사고,0,1,1,0,차대차 - 측면충돌,안전운전불이행,건조,맑음,교차로 - 교차로안,이륜,남,26세,중상,승용,남,25세,경상
2020030200100157,2020년 3월 2일 11시,월요일,충청남도 서산시 인지면,중상사고,0,1,0,0,차대차 - 정면충돌,중앙선침범,건조,맑음,단일로 - 기타,화물,남,50세,상해없음,화물,남,59세,중상
2020030200100158,2020년 3월 2일 11시,월요일,충청남도 보령시 대천동,경상사고,0,0,2,0,차대차 - 기타,직진우회전진행방해,건조,맑음,교차로 - 교차로안,승용,남,57세,경상,승용,남,45세,경상
2020030200100159,2020년 3월 2일 11시,월요일,충청남도 청양군 청양읍,중상사고,0,1,0,0,차대차 - 측면충돌,기타,건조,맑음,교차로 - 교차로안,화물,남,60세,상해없음,이륜,남,78세,중상
2020030200100257,2020년 3월 2일 15시,월요일,충청남도 천안시 서북구 두정동,경상사고,0,0,1,0,차대차 - 측면충돌,안전운전불이행,건조,맑음,교차로 - 교차로안,승용,남,32세,상해없음,승용,남,29세,경상
2020030200100346,2020년 3월 2일 18시,월요일,충청남도 천안시 서북구 쌍용동,중상사고,0,1,0,0,차대차 - 측면충돌,안전운전불이행,건조,맑음,단일로 - 기타,승용,여,50세,상해없음,개인형이동수단(PM),남,43세,중상
2020030200100347,2020년 3월 2일 18시,월요일,충청남도 천안시 서북구 직산읍,경상사고,0,0,3,0,차대차 - 정면충돌,안전운전불이행,건조,맑음,단일로 - 기타,화물,여,64세,경상,승용,남,52세,경상
2020030200100426,2020년 3월 2일 21시,월요일,충청남도 서산시 대산읍,중상사고,0,1,0,0,차대차 - 기타,중앙선침범,건조,맑음,단일로 - 기타,승용,남,47세,상해없음,승용,남,33세,중상
2020030300100050,2020년 3월 3일 06시,화요일,충청남도 천안시 서북구 두정동,중상사고,0,1,0,0,차대차 - 측면충돌,기타,건조,맑음,단일로 - 기타,승용,여,28세,상해없음,원동기,남,41세,중상
2020030300100174,2020년 3월 3일 12시,화요일,충청남도 태안군 태안읍,경상사고,0,0,1,0,차대사람 - 횡단중,안전운전불이행,건조,맑음,단일로 - 기타,승용,남,58세,상해없음,보행자,여,86세,경상
2020030300100209,2020년 3월 3일 14시,화요일,충청남도 아산시 음봉면,경상사고,0,0,1,0,차대차 - 기타,신호위반,건조,맑음,교차로 - 교차로안,승용,남,32세,상해없음,승용,남,41세,경상
2020030300100210,2020년 3월 3일 14시,화요일,충청남도 보령시 내항동,중상사고,0,2,3,0,차대차 - 측면충돌,과속,건조,맑음,교차로 - 교차로안,승용,남,27세,경상,승용,남,27세,중상
2020030300100351,2020년 3월 3일 20시,화요일,충청남도 아산시 배방읍,중상사고,0,1,0,0,차대차 - 기타,안전운전불이행,건조,맑음,교차로 - 교차로안,특수,남,28세,상해없음,이륜,남,34세,중상
2020030300100352,2020년 3월 3일 20시,화요일,충청남도 당진시 읍내리,경상사고,0,0,1,0,차대차 - 측면충돌,교차로운행방법위반,건조,맑음,교차로 - 교차로안,승용,남,19세,상해없음,자전거,남,20세,경상
2020030300100370,2020년 3월 3일 21시,화요일,충청남도 예산군 오가면,경상사고,0,0,3,0,차대차 - 측면충돌,신호위반,건조,맑음,교차로 - 교차로안,승용,남,39세,상해없음,승용,여,34세,경상
2020030300100387,2020년 3월 3일 22시,화요일,충청남도 천안시 서북구 두정동,경상사고,0,0,1,0,차대차 - 기타,안전거리미확보,건조,맑음,미분류 - 미분류,승용,남,36세,상해없음,승용,남,25세,경상
2020030400100011,2020년 3월 4일 00시,수요일,충청남도 당진시 합덕읍,부상신고사고,0,0,0,2,차대차 - 정면충돌,안전운전불이행,건조,맑음,단일로 - 기타,승용,여,31세,상해없음,승용,남,33세,부상신고
2020030400100041,2020년 3월 4일 06시,수요일,충청남도 예산군 예산읍,경상사고,0,0,1,0,차대사람 - 횡단중,안전운전불이행,건조,맑음,단일로 - 기타,승용,남,65세,상해없음,보행자,남,61세,경상
2020030400100053,2020년 3월 4일 07시,수요일,충청남도 홍성군 금마면,중상사고,0,1,0,0,차대차 - 측면충돌,교차로운행방법위반,건조,맑음,교차로 - 교차로안,승용,남,44세,상해없음,농기계,남,61세,중상
2020030400100066,2020년 3월 4일 08시,수요일,충청남도 서천군 서천읍,경상사고,0,0,1,0,차량단독 - 공작물충돌,안전운전불이행,건조,맑음,단일로 - 기타,승용,남,34세,경상,,,,
2020030400100122,2020년 3월 4일 11시,수요일,충청남도 서산시 읍내동,경상사고,0,0,2,0,차대차 - 추돌,안전거리미확보,건조,맑음,교차로 - 교차로안,승용,여,58세,상해없음,승용,여,65세,경상
2020030400100238,2020년 3월 4일 16시,수요일,충청남도 서산시 석남동,중상사고,0,1,2,0,차대차 - 측면충돌,안전거리미확보,건조,맑음,교차로 - 교차로부근,승용,남,48세,상해없음,화물,남,61세,경상
2020030400100239,2020년 3월 4일 16시,수요일,충청남도 논산시 연산면,경상사고,0,0,1,0,차량단독 - 도로외이탈 - 추락,안전운전불이행,건조,맑음,단일로 - 기타,화물,남,60세,경상,,,,
2020030400100298,2020년 3월 4일 18시,수요일,충청남도 천안시 서북구 성정동,부상신고사고,0,0,0,1,차대차 - 측면충돌,안전운전불이행,건조,맑음,단일로 - 기타,승용,여,63세,상해없음,이륜,남,28세,부상신고
2020030400100299,2020년 3월 4일 18시,수요일,충청남도 보령시 동대동,중상사고,0,1,0,0,차대차 - 측면충돌,안전운전불이행,젖음/습기,눈,단일로 - 기타,승용,여,34세,상해없음,이륜,남,28세,중상
2020030400100300,2020년 3월 4일 18시,수요일,충청남도 공주시 신관동,중상사고,0,1,1,0,차대차 - 측면충돌,차로위반,건조,맑음,단일로 - 기타,승용,남,40세,경상,승용,여,65세,중상
2020030400100337,2020년 3월 4일 19시,수요일,충청남도 보령시 동대동,경상사고,0,0,1,0,차대사람 - 횡단중,보행자보호의무위반,젖음/습기,눈,교차로 - 교차로부근,승용,남,70세,상해없음,보행자,여,79세,경상
2020030400100338,2020년 3월 4일 19시,수요일,충청남도 태안군 태안읍,사망사고,1,0,4,0,차대차 - 추돌,안전운전불이행,젖음/습기,흐림,교차로 - 교차로부근,화물,남,77세,사망,화물,남,47세,경상
2020030400100368,2020년 3월 4일 20시,수요일,충청남도 아산시 배방읍,중상사고,0,1,0,0,차대차 - 기타,차로위반,건조,맑음,단일로 - 기타,승용,남,43세,상해없음,승용,여,44세,중상
2020030400100397,2020년 3월 4일 21시,수요일,충청남도 보령시 명천동,경상사고,0,0,2,0,차대차 - 추돌,안전운전불이행,건조,맑음,교차로 - 교차로부근,승용,남,49세,상해없음,승용,남,38세,경상
2020030400100420,2020년 3월 4일 22시,수요일,충청남도 천안시 서북구 두정동,부상신고사고,0,0,0,1,차대차 - 측면충돌,안전거리미확보,건조,맑음,단일로 - 기타,이륜,남,60세,부상신고,승용,남,23세,상해없음
2020030400100440,2020년 3월 4일 23시,수요일,충청남도 천안시 동남구 다가동,경상사고,0,0,1,0,차대차 - 기타,직진우회전진행방해,건조,맑음,교차로 - 교차로안,승용,여,20세,상해없음,승용,여,39세,경상
2020030500100018,2020년 3월 5일 01시,목요일,충청남도 천안시 서북구 쌍용동,경상사고,0,0,1,0,차대차 - 추돌,안전운전불이행,건조,맑음,교차로 - 교차로안,승용,남,24세,상해없음,원동기,남,32세,경상
2020030500100039,2020년 3월 5일 04시,목요일,충청남도 보령시 동대동,중상사고,0,1,0,0,차대차 - 추돌,안전운전불이행,건조,맑음,교차로 - 교차로부근,승용,남,27세,상해없음,화물,남,48세,중상
2020030500100074,2020년 3월 5일 07시,목요일,충청남도 아산시 장존동,경상사고,0,0,1,0,차대차 - 기타,차로위반,건조,맑음,단일로 - 기타,승용,여,56세,상해없음,특수,남,51세,경상
2020030500100100,2020년 3월 5일 08시,목요일,충청남도 천안시 서북구 쌍용동,경상사고,0,0,1,0,차대차 - 기타,안전운전불이행,건조,맑음,단일로 - 기타,승용,여,31세,상해없음,승용,남,53세,상해없음
2020030500100165,2020년 3월 5일 11시,목요일,충청남도 공주시 우성면,경상사고,0,0,1,0,차대차 - 추돌,안전운전불이행,건조,맑음,단일로 - 기타,화물,남,49세,상해없음,화물,남,51세,경상
2020030500100218,2020년 3월 5일 13시,목요일,충청남도 서산시 읍내동,부상신고사고,0,0,0,1,차량단독 - 공작물충돌,안전운전불이행,건조,맑음,교차로 - 교차로안,이륜,남,81세,상해없음,,,,
2020030500100240,2020년 3월 5일 14시,목요일,충청남도 천안시 동남구 신방동,경상사고,0,0,1,0,차대차 - 기타,중앙선침범,건조,맑음,단일로 - 기타,승용,여,57세,상해없음,이륜,남,27세,경상
2020030500100267,2020년 3월 5일 15시,목요일,충청남도 홍성군 홍성읍,경상사고,0,0,2,0,차대차 - 측면충돌,신호위반,건조,맑음,교차로 - 교차로안,이륜,남,18세,상해없음,승용,남,59세,경상
2020030500100268,2020년 3월 5일 15시,목요일,충청남도 홍성군 결성면,사망사고,1,0,0,0,차량단독 - 전도전복 - 전도,안전운전불이행,건조,맑음,단일로 - 기타,화물,남,64세,사망,,,,
2020030500100269,2020년 3월 5일 15시,목요일,충청남도 천안시 동남구 영성동,경상사고,0,0,1,0,차대차 - 측면충돌,교차로운행방법위반,건조,맑음,교차로 - 교차로안,승용,남,82세,상해없음,승합,남,51세,상해없음
2020030500100307,2020년 3월 5일 17시,목요일,충청남도 서천군 장항읍,경상사고,0,0,1,0,차대차 - 추돌,안전거리미확보,건조,맑음,단일로 - 기타,승용,남,47세,상해없음,승용,남,28세,경상
2020030500100357,2020년 3월 5일 18시,목요일,충청남도 천안시 동남구 사직동,중상사고,0,1,0,0,차대차 - 기타,안전운전불이행,건조,맑음,단일로 - 기타,이륜,남,61세,중상,승용,남,54세,상해없음
2020030500100400,2020년 3월 5일 19시,목요일,충청남도 논산시 광석면,경상사고,0,0,4,0,차대차 - 측면충돌,차로위반,건조,맑음,단일로 - 기타,승용,남,38세,기타불명,승용,여,69세,상해없음
2020030500100401,2020년 3월 5일 19시,목요일,충청남도 천안시 동남구 구성동,중상사고,0,1,0,0,차대사람 - 보도통행중,기타,건조,맑음,단일로 - 기타,승용,남,54세,상해없음,보행자,남,62세,중상
2020030500100449,2020년 3월 5일 21시,목요일,충청남도 서산시 읍내동,경상사고,0,0,1,0,차대사람 - 횡단중,보행자보호의무위반,건조,맑음,교차로 - 교차로횡단보도내,승용,여,38세,기타불명,보행자,남,29세,경상
2020030500100450,2020년 3월 5일 21시,목요일,충청남도 천안시 서북구 직산읍,중상사고,0,1,0,0,차대차 - 추돌,안전운전불이행,건조,맑음,단일로 - 기타,승용,남,37세,상해없음,이륜,남,59세,중상
2020030500100473,2020년 3월 5일 22시,목요일,충청남도 천안시 서북구 불당동,경상사고,0,0,2,0,차대차 - 추돌,안전운전불이행,건조,맑음,교차로 - 교차로안,승용,여,51세,상해없음,승용,남,49세,경상
2020030500100474,2020년 3월 5일 22시,목요일,충청남도 아산시 모종동,경상사고,0,0,2,0,차대차 - 측면충돌,안전운전불이행,건조,맑음,교차로 - 교차로안,승용,남,34세,기타불명,승용,남,31세,경상
2020030600100006,2020년 3월 6일 00시,금요일,충청남도 서산시 동문동,경상사고,0,0,1,0,차대차 - 추돌,안전거리미확보,건조,맑음,단일로 - 기타,승용,남,54세,상해없음,승용,남,26세,경상
2020030600100007,2020년 3월 6일 00시,금요일,충청남도 천안시 서북구 성정동,부상신고사고,0,0,0,1,차대차 - 측면충돌,교차로운행방법위반,건조,맑음,교차로 - 교차로안,이륜,남,27세,부상신고,승용,남,50세,상해없음
2020030600100018,2020년 3월 6일 01시,금요일,충청남도 천안시 서북구 두정동,경상사고,0,0,1,0,차대차 - 추돌,안전운전불이행,건조,맑음,교차로 - 교차로안,승용,남,29세,상해없음,승용,여,25세,경상
2020030600100036,2020년 3월 6일 04시,금요일,충청남도 논산시 취암동,경상사고,0,0,1,0,차대사람 - 기타,안전운전불이행,건조,맑음,교차로 - 교차로안,승용,남,50세,상해없음,보행자,남,37세,경상
2020030600100075,2020년 3월 6일 07시,금요일,충청남도 천안시 동남구 목천읍,경상사고,0,0,1,0,차대사람 - 기타,안전운전불이행,건조,맑음,기타 - 기타,화물,남,54세,상해없음,보행자,여,67세,경상
2020030600100105,2020년 3월 6일 08시,금요일,충청남도 태안군 태안읍,중상사고,0,1,0,0,차대차 - 측면충돌,신호위반,건조,맑음,교차로 - 교차로안,화물,남,58세,상해없음,화물,남,69세,중상
2020030600100137,2020년 3월 6일 09시,금요일,충청남도 아산시 영인면,중상사고,0,1,0,0,차대사람 - 기타,안전운전불이행,건조,맑음,단일로 - 기타,화물,남,51세,상해없음,보행자,여,57세,중상
2020030600100239,2020년 3월 6일 13시,금요일,충청남도 아산시 신창면,중상사고,0,2,0,0,차대차 - 측면충돌,직진우회전진행방해,건조,맑음,교차로 - 교차로안,사륜오토바이(ATV),남,70세,중상,화물,남,48세,상해없음
2020030600100273,2020년 3월 6일 14시,금요일,충청남도 천안시 서북구 두정동,경상사고,0,0,2,0,차대차 - 측면충돌,신호위반,건조,맑음,교차로 - 교차로안,이륜,남,26세,경상,화물,남,41세,경상
2020030600100274,2020년 3월 6일 14시,금요일,충청남도 아산시 인주면,경상사고,0,0,2,0,차대차 - 추돌,안전운전불이행,건조,맑음,단일로 - 기타,화물,남,44세,상해없음,승용,남,66세,경상
2020030600100339,2020년 3월 6일 16시,금요일,충청남도 아산시 배방읍,경상사고,0,0,2,0,차대차 - 측면충돌,안전운전불이행,건조,맑음,단일로 - 기타,승용,여,54세,상해없음,승용,남,26세,경상
2020030600100340,2020년 3월 6일 16시,금요일,충청남도 당진시 석문면,경상사고,0,0,1,0,차대차 - 측면충돌,안전운전불이행,건조,맑음,단일로 - 기타,승용,남,37세,상해없음,승용,여,61세,경상
2020030600100387,2020년 3월 6일 17시,금요일,충청남도 보령시 죽정동,경상사고,0,0,3,0,차대차 - 기타,안전운전불이행,건조,맑음,단일로 - 기타,승용,남,48세,경상,승용,여,60세,경상
2020030600100388,2020년 3월 6일 17시,금요일,충청남도 당진시 석문면,경상사고,0,0,1,0,차대차 - 측면충돌,안전운전불이행,건조,맑음,단일로 - 기타,승용,남,29세,상해없음,승용,남,47세,경상
2020030600100434,2020년 3월 6일 18시,금요일,충청남도 천안시 서북구 두정동,경상사고,0,0,1,0,차대차 - 측면충돌,교차로운행방법위반,건조,맑음,교차로 - 교차로안,승용,남,61세,상해없음,승용,남,59세,경상
2020030600100435,2020년 3월 6일 18시,금요일,충청남도 청양군 청양읍,중상사고,0,1,0,0,차대차 - 측면충돌,안전운전불이행,건조,맑음,단일로 - 기타,승용,남,28세,상해없음,화물,남,69세,중상
2020030600100469,2020년 3월 6일 19시,금요일,충청남도 서산시 잠홍동,중상사고,0,1,0,0,차대차 - 측면충돌,안전거리미확보,건조,맑음,교차로 - 교차로부근,승용,여,42세,상해없음,승용,남,48세,중상
2020030600100470,2020년 3월 6일 19시,금요일,충청남도 계룡시 금암동,경상사고,0,0,1,0,차대차 - 측면충돌,안전운전불이행,건조,맑음,교차로 - 교차로부근,승용,남,49세,상해없음,이륜,남,38세,경상
2020030600100471,2020년 3월 6일 19시,금요일,충청남도 부여군 홍산면,경상사고,0,0,1,0,차대차 - 측면충돌,안전운전불이행,건조,맑음,단일로 - 기타,승용,남,34세,상해없음,승용,남,63세,경상
2020030600100472,2020년 3월 6일 19시,금요일,충청남도 당진시 신평면,중상사고,0,2,0,0,차대차 - 추돌,안전거리미확보,건조,맑음,단일로 - 기타,승용,남,29세,상해없음,승용,여,45세,중상
2020030600100473,2020년 3월 6일 19시,금요일,충청남도 태안군 태안읍,중상사고,0,1,0,0,차대사람 - 길가장자리구역통행중,안전운전불이행,건조,맑음,단일로 - 기타,화물,남,62세,상해없음,보행자,여,56세,중상
2020030600100530,2020년 3월 6일 21시,금요일,충청남도 천안시 동남구 문화동,경상사고,0,0,1,0,차대사람 - 기타,신호위반,건조,맑음,단일로 - 기타,승용,여,64세,기타불명,보행자,남,48세,경상
2020030600100531,2020년 3월 6일 21시,금요일,충청남도 천안시 동남구 신부동,경상사고,0,0,1,0,차대차 - 측면충돌,신호위반,건조,맑음,교차로 - 교차로안,이륜,남,65세,경상,승용,남,48세,상해없음
2020030600100575,2020년 3월 6일 23시,금요일,충청남도 홍성군 홍성읍,경상사고,0,0,3,0,차대차 - 측면충돌,신호위반,건조,맑음,교차로 - 교차로안,승용,남,49세,경상,승용,여,24세,경상
2020030700100016,2020년 3월 7일 01시,토요일,충청남도 아산시 신창면,중상사고,0,1,0,0,차량단독 - 기타,안전운전불이행,건조,맑음,단일로 - 기타,승용,남,40세,상해없음,,,,
2020030700100017,2020년 3월 7일 01시,토요일,충청남도 천안시 동남구 신방동,경상사고,0,0,3,0,차대차 - 측면충돌,안전거리미확보,건조,맑음,단일로 - 기타,승용,남,26세,상해없음,승합,남,44세,경상
2020030700100036,2020년 3월 7일 03시,토요일,충청남도 태안군 안면읍,경상사고,0,0,2,0,차대차 - 기타,불법유턴,건조,맑음,단일로 - 기타,승용,남,18세,상해없음,승용,남,56세,경상
2020030700100112,2020년 3월 7일 10시,토요일,충청남도 서산시 동문동,경상사고,0,0,2,0,차대차 - 기타,중앙선침범,건조,맑음,교차로 - 교차로부근,승용,여,26세,상해없음,승용,여,47세,경상
2020030700100113,2020년 3월 7일 10시,토요일,충청남도 서천군 장항읍,경상사고,0,0,1,0,차대차 - 측면충돌,직진우회전진행방해,건조,맑음,교차로 - 교차로안,승용,남,72세,상해없음,이륜,남,81세,경상
2020030700100145,2020년 3월 7일 11시,토요일,충청남도 아산시 배방읍,경상사고,0,0,1,0,차대차 - 기타,신호위반,건조,맑음,교차로 - 교차로안,승용,여,23세,상해없음,승합,남,46세,상해없음
2020030700100175,2020년 3월 7일 12시,토요일,충청남도 천안시 서북구 성정동,경상사고,0,0,1,0,차대차 - 측면충돌,교차로운행방법위반,건조,맑음,교차로 - 교차로안,이륜,남,48세,경상,승용,남,21세,상해없음
2020030700100176,2020년 3월 7일 12시,토요일,충청남도 서천군 서천읍,중상사고,0,2,1,0,차대차 - 정면충돌,중앙선침범,건조,맑음,교차로 - 교차로부근,승용,남,20세,경상,화물,남,66세,중상
2020030700100177,2020년 3월 7일 12시,토요일,충청남도 보령시 대천동,중상사고,0,1,0,0,차대차 - 측면충돌,안전운전불이행,건조,맑음,단일로 - 기타,화물,남,45세,상해없음,이륜,남,61세,중상
2020030700100178,2020년 3월 7일 12시,토요일,충청남도 천안시 동남구 청당동,경상사고,0,0,4,0,차대차 - 측면충돌,신호위반,건조,맑음,교차로 - 교차로안,승합,남,65세,상해없음,승용,남,45세,경상
2020030700100200,2020년 3월 7일 13시,토요일,충청남도 아산시 송악면,중상사고,0,2,2,0,차대차 - 정면충돌,중앙선침범,건조,맑음,단일로 - 기타,승용,남,26세,상해없음,승용,남,63세,중상
2020030700100220,2020년 3월 7일 14시,토요일,충청남도 공주시 신관동,경상사고,0,0,1,0,차대차 - 후진중충돌,안전운전불이행,건조,맑음,교차로 - 교차로부근,승합,남,60세,기타불명,승용,여,44세,경상
2020030700100267,2020년 3월 7일 16시,토요일,충청남도 천안시 서북구 성정동,부상신고사고,0,0,0,1,차대차 - 정면충돌,안전운전불이행,건조,맑음,단일로 - 기타,승용,남,46세,부상신고,승용,여,63세,기타불명
2020030700100291,2020년 3월 7일 17시,토요일,충청남도 부여군 양화면,경상사고,0,0,1,0,차대차 - 정면충돌,중앙선침범,건조,맑음,교차로 - 교차로부근,화물,남,61세,상해없음,승용,남,65세,경상
2020030700100313,2020년 3월 7일 18시,토요일,충청남도 아산시 온천동,경상사고,0,0,1,0,차대사람 - 기타,안전운전불이행,건조,맑음,단일로 - 기타,화물,남,68세,상해없음,보행자,남,57세,경상
2020030700100314,2020년 3월 7일 18시,토요일,충청남도 당진시 석문면,중상사고,0,1,0,0,차대차 - 측면충돌,안전운전불이행,건조,맑음,교차로 - 교차로안,승합,남,61세,상해없음,화물,남,41세,중상
2020030700100347,2020년 3월 7일 19시,토요일,충청남도 아산시 모종동,경상사고,0,0,1,0,차대사람 - 횡단중,보행자보호의무위반,건조,맑음,교차로 - 교차로안,승용,남,37세,상해없음,보행자,남,64세,경상
2020030700100377,2020년 3월 7일 20시,토요일,충청남도 논산시 취암동,경상사고,0,0,2,0,차대차 - 측면충돌,신호위반,건조,맑음,교차로 - 교차로안,승용,남,63세,상해없음,승용,남,25세,경상
2020030800100017,2020년 3월 8일 01시,일요일,충청남도 예산군 대흥면,사망사고,1,0,0,0,차량단독 - 전도전복 - 전복,안전운전불이행,건조,맑음,단일로 - 기타,승용,여,38세,사망,,,,
2020030800100050,2020년 3월 8일 05시,일요일,충청남도 천안시 서북구 쌍용동,경상사고,0,0,2,0,차대차 - 측면충돌,신호위반,건조,맑음,교차로 - 교차로안,이륜,남,28세,상해없음,승용,남,29세,경상
2020030800100069,2020년 3월 8일 07시,일요일,충청남도 천안시 서북구 성정동,경상사고,0,0,1,0,차대차 - 측면충돌,안전운전불이행,건조,맑음,교차로 - 교차로안,승용,남,57세,상해없음,승용,남,65세,경상
2020030800100084,2020년 3월 8일 09시,일요일,충청남도 아산시 용화동,경상사고,0,0,1,0,차대사람 - 보도통행중,안전운전불이행,건조,맑음,교차로 - 교차로횡단보도내,승용,남,23세,상해없음,보행자,여,44세,경상
2020030800100115,2020년 3월 8일 11시,일요일,충청남도 천안시 서북구 성정동,중상사고,0,1,0,0,차대차 - 추돌,안전운전불이행,건조,맑음,교차로 - 교차로부근,이륜,남,17세,중상,승용,남,38세,상해없음
2020030800100116,2020년 3월 8일 11시,일요일,충청남도 천안시 동남구 병천면,부상신고사고,0,0,0,1,차대차 - 추돌,안전운전불이행,건조,맑음,교차로 - 교차로부근,승용,여,25세,부상신고,화물,남,30세,상해없음
2020030800100145,2020년 3월 8일 13시,일요일,충청남도 천안시 서북구 와촌동,경상사고,0,0,2,0,차대차 - 정면충돌,안전운전불이행,건조,맑음,단일로 - 지하차도(도로)내,승용,남,52세,상해없음,승용,남,31세,경상
2020030800100146,2020년 3월 8일 13시,일요일,충청남도 천안시 동남구 영성동,경상사고,0,0,1,0,차대사람 - 기타,안전운전불이행,건조,맑음,교차로 - 교차로안,승용,남,48세,상해없음,보행자,남,51세,경상
2020030800100172,2020년 3월 8일 14시,일요일,충청남도 보령시 대천동,경상사고,0,0,2,0,차대차 - 추돌,안전운전불이행,건조,맑음,교차로 - 교차로부근,승용,여,65세,상해없음,승용,여,45세,경상
2020030800100173,2020년 3월 8일 14시,일요일,충청남도 태안군 안면읍,경상사고,0,0,3,0,차대차 - 측면충돌,안전운전불이행,건조,맑음,주차장 - 주차장,화물,남,51세,상해없음,승용,남,21세,경상
2020030800100221,2020년 3월 8일 16시,일요일,충청남도 아산시 탕정면,경상사고,0,0,1,0,차대차 - 정면충돌,중앙선침범,건조,맑음,교차로 - 교차로부근,이륜,남,15세,상해없음,승용,남,52세,경상
2020030800100222,2020년 3월 8일 16시,일요일,충청남도 아산시 배방읍,경상사고,0,0,1,0,차대사람 - 보도통행중,보행자보호의무위반,건조,맑음,교차로 - 교차로안,승용,남,41세,상해없음,보행자,남,46세,경상
2020030800100223,2020년 3월 8일 16시,일요일,충청남도 부여군 부여읍,중상사고,0,3,1,0,차대차 - 측면충돌,신호위반,건조,맑음,교차로 - 교차로안,승용,남,62세,중상,승용,남,60세,중상
2020030800100224,2020년 3월 8일 16시,일요일,충청남도 천안시 동남구 신부동,중상사고,0,1,0,0,차대차 - 기타,안전운전불이행,건조,맑음,교차로 - 교차로부근,승용,남,35세,상해없음,승용,여,44세,중상
2020030800100251,2020년 3월 8일 17시,일요일,충청남도 서산시 해미면,경상사고,0,0,2,0,차대차 - 측면충돌,교차로운행방법위반,건조,맑음,교차로 - 교차로안,승용,남,67세,상해없음,승용,남,55세,경상
2020030800100252,2020년 3월 8일 17시,일요일,충청남도 보령시 주교면,중상사고,0,1,0,0,차대차 - 기타,중앙선침범,건조,맑음,단일로 - 기타,이륜,남,44세,중상,승용,남,50세,상해없음
2020030800100253,2020년 3월 8일 17시,일요일,충청남도 부여군 부여읍,중상사고,0,1,0,0,차대차 - 측면충돌,교차로운행방법위반,건조,맑음,교차로 - 교차로안,승용,여,64세,상해없음,승용,남,21세,중상
2020030800100254,2020년 3월 8일 17시,일요일,충청남도 당진시 신평면,경상사고,0,0,2,0,차대차 - 추돌,안전운전불이행,건조,맑음,단일로 - 기타,화물,남,69세,상해없음,화물,남,73세,경상
2020030800100331,2020년 3월 8일 20시,일요일,충청남도 천안시 서북구 성정동,경상사고,0,0,4,0,차대차 - 추돌,안전운전불이행,건조,맑음,단일로 - 고가도로위,화물,남,38세,상해없음,승용,남,20세,경상
2020030800100347,2020년 3월 8일 21시,일요일,충청남도 아산시 배방읍,경상사고,0,0,1,0,차대차 - 정면충돌,안전운전불이행,건조,맑음,교차로 - 교차로안,승용,남,28세,상해없음,승용,남,34세,경상
2020030900100004,2020년 3월 9일 00시,월요일,충청남도 논산시 등화동,사망사고,1,2,0,0,차량단독 - 공작물충돌,과속,건조,맑음,단일로 - 기타,승용,여,19세,중상,,,,
2020030900100022,2020년 3월 9일 03시,월요일,충청남도 논산시 양촌면,중상사고,0,1,0,0,차대차 - 정면충돌,안전운전불이행,건조,맑음,단일로 - 기타,승용,남,58세,중상,화물,남,76세,기타불명
2020030900100025,2020년 3월 9일 04시,월요일,충청남도 천안시 서북구 직산읍,경상사고,0,0,1,1,차대차 - 측면충돌,안전운전불이행,건조,맑음,교차로 - 교차로안,승용,여,54세,부상신고,승용,남,53세,경상
2020030900100062,2020년 3월 9일 07시,월요일,충청남도 홍성군 홍북읍,경상사고,0,0,1,0,차대차 - 측면충돌,신호위반,건조,맑음,교차로 - 교차로안,승용,남,25세,상해없음,승용,남,36세,경상
2020030900100094,2020년 3월 9일 08시,월요일,충청남도 천안시 서북구 쌍용동,경상사고,0,0,1,0,차대차 - 측면충돌,교차로운행방법위반,건조,맑음,단일로 - 기타,승용,여,48세,상해없음,승합,남,60세,경상
2020030900100180,2020년 3월 9일 11시,월요일,충청남도 홍성군 홍성읍,경상사고,0,0,1,0,차대차 - 측면충돌,안전운전불이행,건조,맑음,단일로 - 기타,이륜,여,78세,상해없음,승용,여,57세,경상
2020030900100241,2020년 3월 9일 13시,월요일,충청남도 부여군 홍산면,중상사고,0,1,0,0,차대차 - 추돌,안전운전불이행,건조,맑음,단일로 - 기타,화물,남,48세,상해없음,사륜오토바이(ATV),남,84세,중상