사고번호,사고일시,요일,시군구,사고내용,사망자수,중상자수,경상자수,부상신고자수,사고유형,법규위반,노면상태,기상상태,도로형태,가해운전자 차종,가해운전자 성별,가해운전자 연령,가해운전자 상해정도,피해운전자 차종,피해운전자 성별,피해운전자 연령,피해운전자 상해정도
2020031500100204,2020년 3월 15일 16시,일요일,충청남도 당진시 순성면,경상사고,0,0,3,0,차대차 - 추돌,안전운전불이행,건조,맑음,단일로 - 기타,승용,남,30세,상해없음,승용,남,64세,상해없음
2020031500100221,2020년 3월 15일 17시,일요일,충청남도 논산시 성동면,중상사고,0,1,1,0,차대차 - 측면충돌,교차로운행방법위반,건조,맑음,교차로 - 교차로안,승용,여,54세,경상,승용,여,62세,중상
2020031500100222,2020년 3월 15일 17시,일요일,충청남도 예산군 덕산면,경상사고,0,0,2,0,차대차 - 정면충돌,중앙선침범,건조,맑음,단일로 - 기타,승용,남,70세,상해없음,승용,여,61세,경상
2020031500100247,2020년 3월 15일 18시,일요일,충청남도 천안시 서북구 성성동,경상사고,0,0,3,0,차대차 - 추돌,안전운전불이행,건조,맑음,단일로 - 기타,승용,여,53세,상해없음,승용,남,20세,경상
2020031500100273,2020년 3월 15일 19시,일요일,충청남도 천안시 서북구 쌍용동,경상사고,0,0,2,0,차대차 - 정면충돌,직진우회전진행방해,건조,맑음,교차로 - 교차로안,승용,남,25세,상해없음,승용,남,41세,경상
2020031500100275,2020년 3월 15일 19시,일요일,충청남도 천안시 동남구 청당동,경상사고,0,0,1,0,차대차 - 추돌,안전운전불이행,건조,맑음,교차로 - 교차로안,승용,여,25세,상해없음,승용,여,35세,경상
2020031500100304,2020년 3월 15일 20시,일요일,충청남도 천안시 서북구 성정동,중상사고,0,1,2,0,차대차 - 측면충돌,직진우회전진행방해,건조,맑음,교차로 - 교차로안,이륜,남,29세,중상,승용,남,30세,경상
2020031500100329,2020년 3월 15일 22시,일요일,충청남도 예산군 신암면,경상사고,0,0,1,0,차량단독 - 공작물충돌,안전운전불이행,건조,맑음,단일로 - 교량,승용,남,34세,상해없음,,,,
2020031500100330,2020년 3월 15일 22시,일요일,충청남도 태안군 남면,사망사고,1,0,0,0,차량단독 - 기타,안전운전불이행,젖음/습기,흐림,단일로 - 기타,승용,남,36세,사망,,,,
2020031500100346,2020년 3월 15일 23시,일요일,충청남도 당진시 읍내리,경상사고,0,0,1,0,차대차 - 정면충돌,교차로운행방법위반,건조,맑음,교차로 - 교차로안,승용,남,23세,상해없음,이륜,남,55세,경상
2020031600100020,2020년 3월 16일 04시,월요일,충청남도 논산시 취암동,경상사고,0,0,1,0,차대차 - 추돌,안전운전불이행,건조,맑음,단일로 - 기타,승용,여,14세,상해없음,승용,남,59세,기타불명
2020031600100024,2020년 3월 16일 05시,월요일,충청남도 서천군 마서면,경상사고,0,0,1,0,차대차 - 측면충돌,신호위반,건조,맑음,교차로 - 교차로안,승용,남,84세,상해없음,승용,남,57세,경상
2020031600100057,2020년 3월 16일 07시,월요일,충청남도 천안시 서북구 백석동,경상사고,0,0,1,0,차대차 - 기타,안전거리미확보,건조,맑음,단일로 - 기타,화물,남,55세,상해없음,승용,남,27세,경상
2020031600100058,2020년 3월 16일 07시,월요일,충청남도 아산시 풍기동,경상사고,0,0,1,0,차대차 - 기타,안전운전불이행,건조,맑음,교차로 - 교차로안,화물,남,54세,상해없음,승용,남,21세,경상
2020031600100088,2020년 3월 16일 08시,월요일,충청남도 서산시 읍내동,중상사고,0,3,0,0,차대차 - 정면충돌,중앙선침범,건조,맑음,단일로 - 기타,화물,남,69세,상해없음,승용,남,47세,중상
2020031600100130,2020년 3월 16일 09시,월요일,충청남도 서산시 예천동,중상사고,0,1,1,0,차대차 - 측면충돌,안전운전불이행,건조,맑음,교차로 - 교차로부근,승용,남,78세,상해없음,승용,남,35세,경상
2020031600100163,2020년 3월 16일 10시,월요일,충청남도 당진시 합덕읍,사망사고,1,0,0,0,차량단독 - 공작물충돌,안전운전불이행,건조,맑음,단일로 - 교량,사륜오토바이(ATV),남,83세,사망,,,,
2020031600100223,2020년 3월 16일 12시,월요일,충청남도 천안시 서북구 불당동,경상사고,0,0,1,0,차대차 - 측면충돌,안전운전불이행,건조,맑음,교차로 - 교차로안,승용,남,37세,상해없음,이륜,남,34세,경상
2020031600100246,2020년 3월 16일 13시,월요일,충청남도 천안시 서북구 쌍용동,부상신고사고,0,0,0,1,차대차 - 측면충돌,안전거리미확보,건조,맑음,교차로 - 교차로부근,자전거,남,83세,부상신고,승용,남,27세,상해없음
2020031600100273,2020년 3월 16일 14시,월요일,충청남도 천안시 서북구 성정동,중상사고,0,1,0,0,차대차 - 측면충돌,교차로운행방법위반,건조,맑음,교차로 - 교차로안,승합,남,48세,상해없음,이륜,남,42세,중상
2020031600100274,2020년 3월 16일 14시,월요일,충청남도 공주시 우성면,경상사고,0,0,2,0,차대차 - 측면충돌,기타,건조,맑음,교차로 - 교차로안,화물,남,45세,경상,승용,남,82세,경상
2020031600100275,2020년 3월 16일 14시,월요일,충청남도 부여군 세도면,중상사고,0,1,0,0,차대차 - 측면충돌,안전운전불이행,건조,맑음,단일로 - 기타,승용,남,75세,상해없음,이륜,남,88세,중상
2020031600100276,2020년 3월 16일 14시,월요일,충청남도 부여군 남면,중상사고,0,1,0,0,차대차 - 측면충돌,중앙선침범,건조,맑음,단일로 - 기타,승용,남,54세,상해없음,이륜,남,64세,중상
2020031600100333,2020년 3월 16일 16시,월요일,충청남도 천안시 동남구 광덕면,사망사고,1,0,0,0,차대차 - 측면충돌,교차로운행방법위반,건조,맑음,교차로 - 교차로안,이륜,여,64세,사망,건설기계,남,42세,상해없음
2020031600100409,2020년 3월 16일 18시,월요일,충청남도 아산시 음봉면,경상사고,0,0,1,0,차대차 - 기타,과속,건조,맑음,단일로 - 기타,승용,남,28세,상해없음,승용,남,27세,경상
2020031600100453,2020년 3월 16일 19시,월요일,충청남도 아산시 음봉면,경상사고,0,0,1,0,차대차 - 측면충돌,안전운전불이행,건조,맑음,단일로 - 기타,화물,남,43세,상해없음,개인형이동수단(PM),남,54세,경상
2020031600100454,2020년 3월 16일 19시,월요일,충청남도 보령시 대천동,사망사고,1,0,0,0,차대사람 - 횡단중,과속,건조,맑음,교차로 - 교차로안,승용,여,40세,상해없음,보행자,여,72세,사망
2020031600100527,2020년 3월 16일 22시,월요일,충청남도 아산시 음봉면,경상사고,0,0,3,0,차대차 - 기타,신호위반,건조,맑음,교차로 - 교차로안,승용,남,28세,상해없음,승용,남,46세,경상
2020031700100049,2020년 3월 17일 06시,화요일,충청남도 천안시 서북구 백석동,경상사고,0,0,1,0,차대차 - 측면충돌,교차로운행방법위반,건조,맑음,교차로 - 교차로안,화물,남,44세,상해없음,승용,여,37세,경상
2020031700100050,2020년 3월 17일 06시,화요일,충청남도 예산군 덕산면,경상사고,0,0,1,0,차대차 - 추돌,안전운전불이행,건조,맑음,단일로 - 기타,화물,남,34세,경상,건설기계,남,40세,상해없음
2020031700100067,2020년 3월 17일 07시,화요일,충청남도 천안시 동남구 신부동,경상사고,0,0,1,0,차대차 - 측면충돌,안전거리미확보,건조,맑음,단일로 - 기타,승합,남,55세,상해없음,승용,남,28세,경상
2020031700100133,2020년 3월 17일 10시,화요일,충청남도 천안시 서북구 성정동,부상신고사고,0,0,0,1,차대차 - 기타,교차로운행방법위반,건조,흐림,교차로 - 교차로안,이륜,남,21세,부상신고,화물,여,58세,상해없음
2020031700100214,2020년 3월 17일 14시,화요일,충청남도 천안시 동남구 광덕면,사망사고,1,0,0,0,차량단독 - 공작물충돌,안전운전불이행,건조,맑음,교차로 - 교차로안,화물,남,65세,사망,,,,
2020031700100278,2020년 3월 17일 16시,화요일,충청남도 논산시 벌곡면,중상사고,0,1,1,0,차대차 - 측면충돌,중앙선침범,건조,맑음,단일로 - 기타,승용,남,80세,상해없음,승용,남,73세,경상
2020031700100311,2020년 3월 17일 17시,화요일,충청남도 천안시 서북구 두정동,경상사고,0,0,1,0,차대차 - 측면충돌,안전운전불이행,건조,맑음,교차로 - 교차로안,이륜,남,24세,경상,승용,남,65세,상해없음
2020031700100345,2020년 3월 17일 18시,화요일,충청남도 아산시 남동,경상사고,0,0,1,0,차대차 - 기타,안전운전불이행,건조,맑음,교차로 - 교차로부근,승용,여,52세,상해없음,화물,남,18세,상해없음
2020031700100381,2020년 3월 17일 19시,화요일,충청남도 보령시 동대동,중상사고,0,1,0,0,차대사람 - 횡단중,안전운전불이행,건조,맑음,단일로 - 교량,승용,남,32세,상해없음,보행자,남,47세,중상
2020031700100382,2020년 3월 17일 19시,화요일,충청남도 금산군 남이면,중상사고,0,2,0,0,차대차 - 추돌,안전운전불이행,건조,흐림,단일로 - 기타,승용,남,46세,중상,농기계,남,66세,중상
2020031700100430,2020년 3월 17일 21시,화요일,충청남도 보령시 동대동,경상사고,0,0,3,0,차대차 - 추돌,안전운전불이행,건조,맑음,교차로 - 교차로부근,승용,남,52세,상해없음,화물,남,73세,경상
2020031700100452,2020년 3월 17일 22시,화요일,충청남도 천안시 서북구 성성동,경상사고,0,0,1,0,차대차 - 추돌,안전운전불이행,건조,맑음,교차로 - 교차로부근,승용,남,26세,상해없음,승용,남,25세,경상
2020031700100468,2020년 3월 17일 23시,화요일,충청남도 공주시 우성면,사망사고,1,0,0,0,차량단독 - 도로외이탈 - 기타,안전운전불이행,건조,맑음,단일로 - 기타,승용,남,40세,사망,,,,
2020031800100034,2020년 3월 18일 04시,수요일,충청남도 예산군 예산읍,경상사고,0,0,1,0,차대사람 - 기타,안전운전불이행,건조,맑음,단일로 - 기타,승용,남,62세,상해없음,보행자,남,45세,경상
2020031800100062,2020년 3월 18일 07시,수요일,충청남도 아산시 신창면,경상사고,0,0,1,0,차대차 - 기타,안전운전불이행,건조,맑음,교차로 - 교차로부근,승합,남,68세,기타불명,승용,여,24세,경상
2020031800100137,2020년 3월 18일 10시,수요일,충청남도 천안시 서북구 두정동,경상사고,0,0,2,0,차대사람 - 횡단중,신호위반,건조,맑음,교차로 - 교차로안,승용,남,34세,상해없음,보행자,남,22세,경상
2020031800100162,2020년 3월 18일 11시,수요일,충청남도 천안시 서북구 쌍용동,경상사고,0,0,1,1,차대차 - 측면충돌,안전운전불이행,건조,맑음,교차로 - 교차로부근,승용,남,71세,상해없음,승용,여,28세,경상
2020031800100163,2020년 3월 18일 11시,수요일,충청남도 부여군 장암면,중상사고,0,1,0,0,차량단독 - 기타,안전운전불이행,건조,맑음,단일로 - 기타,사륜오토바이(ATV),남,92세,중상,,,,
2020031800100197,2020년 3월 18일 12시,수요일,충청남도 보령시 대천동,경상사고,0,0,2,0,차대차 - 추돌,안전운전불이행,건조,맑음,단일로 - 기타,이륜,남,72세,경상,승용,여,63세,경상
2020031800100214,2020년 3월 18일 13시,수요일,충청남도 공주시 중동,중상사고,0,1,0,0,차대차 - 측면충돌,교차로운행방법위반,건조,맑음,교차로 - 교차로안,이륜,남,77세,중상,승용,여,56세,상해없음
2020031800100248,2020년 3월 18일 14시,수요일,충청남도 홍성군 광천읍,경상사고,0,0,1,0,차대차 - 측면충돌,안전운전불이행,건조,맑음,단일로 - 기타,승용,여,61세,상해없음,이륜,남,77세,경상
2020031800100312,2020년 3월 18일 16시,수요일,충청남도 아산시 배미동,경상사고,0,0,1,0,차대사람 - 횡단중,안전운전불이행,건조,맑음,단일로 - 기타,화물,남,33세,상해없음,보행자,남,46세,경상
2020031800100390,2020년 3월 18일 18시,수요일,충청남도 천안시 서북구 불당동,경상사고,0,0,1,0,차대차 - 후진중충돌,안전운전불이행,건조,맑음,단일로 - 기타,화물,남,47세,상해없음,승용,남,26세,경상
2020031800100391,2020년 3월 18일 18시,수요일,충청남도 당진시 석문면,중상사고,0,2,0,0,차대차 - 정면충돌,중앙선침범,건조,맑음,단일로 - 기타,승용,남,44세,중상,승용,남,53세,중상
2020031800100392,2020년 3월 18일 18시,수요일,충청남도 천안시 동남구 신부동,경상사고,0,0,1,0,차대사람 - 횡단중,보행자보호의무위반,건조,맑음,단일로 - 기타,승용,남,28세,상해없음,보행자,남,48세,경상
2020031800100451,2020년 3월 18일 20시,수요일,충청남도 보령시 내항동,경상사고,0,0,2,0,차대차 - 추돌,안전운전불이행,건조,맑음,단일로 - 기타,승용,남,74세,상해없음,승용,남,41세,경상
2020031800100452,2020년 3월 18일 20시,수요일,충청남도 예산군 예산읍,경상사고,0,0,2,0,차대차 - 추돌,안전운전불이행,건조,맑음,교차로 - 교차로부근,승용,남,34세,상해없음,화물,남,49세,경상
2020031900100040,2020년 3월 19일 06시,목요일,충청남도 공주시 신관동,중상사고,0,1,1,0,차대차 - 측면충돌,신호위반,건조,맑음,교차로 - 교차로안,승용,여,66세,경상,승용,여,59세,중상
2020031900100041,2020년 3월 19일 06시,목요일,충청남도 천안시 동남구 동면,중상사고,0,1,0,0,차대차 - 추돌,과속,건조,맑음,단일로 - 기타,승용,남,52세,상해없음,농기계,남,46세,중상
2020031900100057,2020년 3월 19일 07시,목요일,충청남도 천안시 서북구 성환읍,경상사고,0,0,2,0,차대차 - 추돌,중앙선침범,건조,맑음,기타 - 기타,승용,남,20세,상해없음,승용,남,31세,경상
2020031900100078,2020년 3월 19일 08시,목요일,충청남도 아산시 탕정면,경상사고,0,0,1,0,차대차 - 추돌,안전운전불이행,건조,맑음,단일로 - 교량,승용,남,47세,상해없음,승용,여,35세,경상
2020031900100079,2020년 3월 19일 08시,목요일,충청남도 공주시 우성면,중상사고,0,1,0,0,차대차 - 측면충돌,차로위반,건조,맑음,단일로 - 기타,화물,남,65세,상해없음,승용,여,52세,중상
2020031900100108,2020년 3월 19일 10시,목요일,충청남도 당진시 고대면,경상사고,0,0,1,0,차대차 - 측면충돌,교차로운행방법위반,건조,맑음,교차로 - 교차로안,승용,남,58세,상해없음,승용,남,50세,경상
2020031900100134,2020년 3월 19일 11시,목요일,충청남도 천안시 서북구 성정동,경상사고,0,0,1,0,차대차 - 측면충돌,안전운전불이행,건조,맑음,단일로 - 기타,승용,남,31세,상해없음,이륜,남,49세,경상
2020031900100180,2020년 3월 19일 13시,목요일,충청남도 천안시 서북구 성거읍,경상사고,0,0,1,0,차대차 - 측면충돌,안전운전불이행,건조,맑음,단일로 - 기타,건설기계,남,34세,상해없음,승용,남,35세,경상
2020031900100240,2020년 3월 19일 15시,목요일,충청남도 천안시 서북구 쌍용동,경상사고,0,0,1,0,차대차 - 측면충돌,안전거리미확보,건조,맑음,교차로 - 교차로부근,화물,여,54세,상해없음,승용,여,65세,경상
2020031900100241,2020년 3월 19일 15시,목요일,충청남도 청양군 정산면,중상사고,0,1,1,0,차대차 - 측면충돌,차로위반,건조,맑음,기타 - 기타,승용,남,51세,상해없음,이륜,남,50세,중상
2020031900100267,2020년 3월 19일 16시,목요일,충청남도 아산시 염치읍,경상사고,0,0,2,0,차대차 - 기타,안전운전불이행,건조,맑음,단일로 - 기타,화물,남,57세,상해없음,승용,여,44세,경상
2020031900100268,2020년 3월 19일 16시,목요일,충청남도 태안군 안면읍,경상사고,0,0,2,0,차대차 - 추돌,안전운전불이행,건조,맑음,단일로 - 기타,화물,남,41세,상해없음,승용,여,41세,경상
2020031900100303,2020년 3월 19일 17시,목요일,충청남도 서산시 예천동,중상사고,0,1,0,0,차대차 - 측면충돌,신호위반,건조,맑음,교차로 - 교차로안,승용,남,62세,상해없음,이륜,남,20세,중상
2020031900100345,2020년 3월 19일 18시,목요일,충청남도 천안시 서북구 두정동,경상사고,0,0,4,0,차대차 - 측면충돌,신호위반,건조,맑음,단일로 - 기타,이륜,남,38세,경상,승용,여,24세,경상
2020031900100346,2020년 3월 19일 18시,목요일,충청남도 천안시 동남구 구성동,경상사고,0,0,1,0,차대차 - 측면충돌,안전거리미확보,건조,맑음,단일로 - 기타,승용,남,57세,상해없음,승용,여,31세,경상
2020031900100381,2020년 3월 19일 19시,목요일,충청남도 논산시 취암동,경상사고,0,0,1,0,차대차 - 측면충돌,안전운전불이행,건조,맑음,교차로 - 교차로부근,승용,남,31세,상해없음,승용,남,25세,상해없음
2020031900100382,2020년 3월 19일 19시,목요일,충청남도 태안군 안면읍,사망사고,1,0,0,0,차대사람 - 차도통행중,안전운전불이행,건조,맑음,단일로 - 기타,승용,남,67세,상해없음,보행자,여,61세,사망
2020032000100027,2020년 3월 20일 01시,금요일,충청남도 아산시 배방읍,중상사고,0,1,0,0,차대사람 - 차도통행중,안전운전불이행,건조,맑음,기타 - 기타,승용,남,24세,상해없음,보행자,남,18세,중상
2020032000100108,2020년 3월 20일 08시,금요일,충청남도 천안시 서북구 백석동,경상사고,0,0,2,0,차대차 - 측면충돌,신호위반,건조,맑음,단일로 - 기타,승용,여,40세,상해없음,승용,남,26세,경상
2020032000100161,2020년 3월 20일 10시,금요일,충청남도 아산시 온천동,중상사고,0,1,1,0,차대차 - 기타,안전운전불이행,건조,맑음,교차로 - 교차로안,승용,여,27세,중상,승용,여,50세,경상
2020032000100162,2020년 3월 20일 10시,금요일,충청남도 서천군 기산면,경상사고,0,0,1,0,차대차 - 추돌,안전운전불이행,건조,맑음,단일로 - 기타,원동기,남,78세,경상,승용,남,36세,상해없음
2020032000100218,2020년 3월 20일 12시,금요일,충청남도 서산시 예천동,중상사고,0,3,0,1,차대차 - 정면충돌,중앙선침범,건조,맑음,단일로 - 기타,승용,여,43세,부상신고,화물,남,53세,상해없음
2020032000100219,2020년 3월 20일 12시,금요일,충청남도 홍성군 광천읍,중상사고,0,1,0,0,차대차 - 측면충돌,안전운전불이행,건조,맑음,단일로 - 기타,농기계,남,62세,상해없음,이륜,남,80세,중상
2020032000100255,2020년 3월 20일 13시,금요일,충청남도 천안시 서북구 백석동,부상신고사고,0,0,0,1,차대차 - 측면충돌,안전운전불이행,건조,맑음,기타 - 기타,자전거,남,19세,부상신고,승용,여,59세,상해없음
2020032000100256,2020년 3월 20일 13시,금요일,충청남도 계룡시 엄사면,경상사고,0,0,3,0,차대차 - 추돌,안전운전불이행,건조,맑음,교차로 - 교차로부근,승용,남,25세,상해없음,승용,남,28세,경상
2020032000100293,2020년 3월 20일 14시,금요일,충청남도 천안시 서북구 성거읍,경상사고,0,0,3,0,차대차 - 기타,안전운전불이행,건조,맑음,단일로 - 기타,승용,남,56세,상해없음,승용,남,60세,경상
2020032000100378,2020년 3월 20일 16시,금요일,충청남도 논산시 가야곡면,중상사고,0,1,1,0,차대차 - 측면충돌,안전운전불이행,건조,맑음,교차로 - 교차로안,승용,여,55세,상해없음,승용,여,40세,경상
2020032000100414,2020년 3월 20일 17시,금요일,충청남도 천안시 서북구 직산읍,중상사고,0,1,0,0,차대차 - 측면충돌,신호위반,건조,맑음,단일로 - 고가도로위,화물,남,46세,상해없음,이륜,남,56세,중상
2020032000100452,2020년 3월 20일 18시,금요일,충청남도 보령시 청라면,경상사고,0,0,1,0,차량단독 - 전도전복 - 전도,안전운전불이행,건조,맑음,단일로 - 기타,사륜오토바이(ATV),남,65세,경상,,,,
2020032000100453,2020년 3월 20일 18시,금요일,충청남도 예산군 예산읍,중상사고,0,1,0,0,차대사람 - 기타,보행자보호의무위반,건조,맑음,단일로 - 기타,승용,여,46세,상해없음,보행자,남,55세,중상
2020032000100491,2020년 3월 20일 19시,금요일,충청남도 논산시 벌곡면,경상사고,0,0,1,0,차대차 - 추돌,안전운전불이행,건조,맑음,교차로 - 교차로부근,화물,남,53세,경상,화물,남,62세,상해없음
2020032000100492,2020년 3월 20일 19시,금요일,충청남도 공주시 신관동,중상사고,0,1,0,0,차대차 - 측면충돌,안전운전불이행,건조,맑음,교차로 - 교차로부근,이륜,남,62세,중상,승용,남,42세,상해없음
2020032000100493,2020년 3월 20일 19시,금요일,충청남도 공주시 신관동,중상사고,0,1,0,0,차대차 - 측면충돌,안전운전불이행,건조,맑음,교차로 - 교차로안,승용,남,26세,상해없음,이륜,남,32세,중상
2020032000100527,2020년 3월 20일 20시,금요일,충청남도 천안시 서북구 직산읍,중상사고,0,1,0,0,차대차 - 추돌,신호위반,건조,맑음,교차로 - 교차로안,승용,여,40세,상해없음,이륜,남,45세,중상
2020032000100528,2020년 3월 20일 20시,금요일,충청남도 보령시 명천동,중상사고,0,1,0,0,차대차 - 정면충돌,신호위반,건조,맑음,교차로 - 교차로안,승용,남,67세,상해없음,승용,여,45세,중상
2020032000100553,2020년 3월 20일 21시,금요일,충청남도 서산시 지곡면,경상사고,0,0,2,0,차대차 - 추돌,과속,건조,맑음,단일로 - 기타,화물,남,60세,경상,승용,남,54세,경상
2020032000100554,2020년 3월 20일 21시,금요일,충청남도 당진시 송악읍,중상사고,0,1,0,0,차대차 - 기타,안전운전불이행,건조,맑음,단일로 - 기타,승용,남,43세,상해없음,기타불명,기타불명,미분류,기타불명
2020032000100575,2020년 3월 20일 22시,금요일,충청남도 금산군 추부면,중상사고,0,1,0,0,차대사람 - 기타,안전운전불이행,건조,맑음,단일로 - 기타,승합,남,54세,상해없음,보행자,여,62세,중상
2020032000100597,2020년 3월 20일 23시,금요일,충청남도 서산시 팔봉면,사망사고,1,0,0,0,차량단독 - 공작물충돌,안전운전불이행,건조,맑음,단일로 - 기타,승용,여,60세,사망,,,,
2020032000100598,2020년 3월 20일 23시,금요일,충청남도 천안시 서북구 두정동,중상사고,0,1,0,0,차대차 - 기타,신호위반,건조,맑음,교차로 - 교차로안,승용,남,40세,상해없음,승용,남,48세,중상
2020032100100010,2020년 3월 21일 00시,토요일,충청남도 천안시 서북구 두정동,경상사고,0,0,7,0,차대차 - 추돌,안전운전불이행,건조,맑음,단일로 - 기타,승용,남,48세,상해없음,승용,남,29세,경상
2020032100100011,2020년 3월 21일 00시,토요일,충청남도 보령시 내항동,경상사고,0,0,2,0,차대차 - 추돌,안전거리미확보,건조,흐림,단일로 - 기타,승용,남,25세,상해없음,승합,남,52세,경상
2020032100100048,2020년 3월 21일 03시,토요일,충청남도 천안시 서북구 성정동,경상사고,0,0,1,0,차대사람 - 기타,안전운전불이행,건조,맑음,단일로 - 기타,이륜,여,40세,상해없음,보행자,여,19세,경상
2020032100100063,2020년 3월 21일 05시,토요일,충청남도 아산시 용화동,부상신고사고,0,0,0,1,차대사람 - 횡단중,안전운전불이행,건조,맑음,교차로 - 교차로안,승용,남,22세,상해없음,보행자,남,57세,부상신고
2020032100100081,2020년 3월 21일 06시,토요일,충청남도 천안시 동남구 신부동,중상사고,0,1,0,0,차대사람 - 횡단중,보행자보호의무위반,건조,맑음,교차로 - 교차로안,승용,여,48세,상해없음,보행자,여,20세,중상
2020032100100146,2020년 3월 21일 10시,토요일,충청남도 천안시 서북구 두정동,경상사고,0,0,1,0,차대차 - 후진중충돌,안전운전불이행,건조,맑음,단일로 - 기타,화물,여,48세,상해없음,승용,남,53세,경상
2020032100100147,2020년 3월 21일 10시,토요일,충청남도 서천군 서천읍,중상사고,0,1,0,0,차대차 - 측면충돌,직진우회전진행방해,건조,맑음,교차로 - 교차로안,승용,남,29세,상해없음,이륜,남,84세,중상
2020032100100187,2020년 3월 21일 11시,토요일,충청남도 논산시 반월동,중상사고,0,1,0,0,차대사람 - 차도통행중,안전운전불이행,건조,맑음,단일로 - 기타,승용,여,70세,상해없음,보행자,남,84세,중상
2020032100100188,2020년 3월 21일 11시,토요일,충청남도 서천군 문산면,중상사고,0,1,0,0,차대차 - 측면충돌,직진우회전진행방해,건조,맑음,교차로 - 교차로안,이륜,남,88세,중상,화물,남,60세,상해없음
2020032100100189,2020년 3월 21일 11시,토요일,충청남도 부여군 석성면,중상사고,0,1,0,0,차대사람 - 기타,안전운전불이행,건조,맑음,단일로 - 기타,승용,남,32세,상해없음,보행자,여,62세,중상
2020032100100249,2020년 3월 21일 13시,토요일,충청남도 예산군 응봉면,경상사고,0,0,1,0,차대차 - 측면충돌,안전운전불이행,건조,맑음,단일로 - 기타,화물,남,59세,상해없음,승용,남,46세,상해없음
2020032100100250,2020년 3월 21일 13시,토요일,충청남도 부여군 부여읍,중상사고,0,1,0,0,차대차 - 추돌,안전운전불이행,건조,맑음,단일로 - 기타,승용,남,32세,상해없음,승용,남,34세,중상
2020032100100251,2020년 3월 21일 13시,토요일,충청남도 부여군 부여읍,경상사고,0,0,3,0,차대차 - 추돌,안전운전불이행,건조,맑음,단일로 - 기타,승용,남,34세,상해없음,승용,남,34세,경상
2020032100100288,2020년 3월 21일 14시,토요일,충청남도 논산시 내동,경상사고,0,0,1,0,차대차 - 정면충돌,안전운전불이행,건조,맑음,단일로 - 기타,화물,남,61세,상해없음,승용,남,62세,경상
2020032100100329,2020년 3월 21일 15시,토요일,충청남도 보령시 웅천읍,경상사고,0,0,1,0,차대사람 - 기타,안전운전불이행,건조,맑음,단일로 - 기타,화물,남,50세,상해없음,보행자,남,49세,경상
2020032100100330,2020년 3월 21일 15시,토요일,충청남도 공주시 신관동,경상사고,0,0,1,0,차대사람 - 기타,안전운전불이행,건조,맑음,단일로 - 기타,승용,여,37세,상해없음,보행자,남,61세,경상
2020032100100358,2020년 3월 21일 16시,토요일,충청남도 부여군 부여읍,중상사고,0,1,0,0,차대사람 - 기타,안전운전불이행,건조,맑음,주차장 - 주차장,승용,남,30세,상해없음,보행자,남,52세,중상
2020032100100425,2020년 3월 21일 18시,토요일,충청남도 천안시 서북구 성정동,경상사고,0,0,1,0,차대차 - 추돌,안전운전불이행,건조,맑음,기타 - 기타,승용,남,40세,상해없음,승용,남,31세,경상
2020032100100481,2020년 3월 21일 20시,토요일,충청남도 논산시 취암동,경상사고,0,0,1,0,차대차 - 추돌,신호위반,건조,맑음,교차로 - 교차로안,승용,남,68세,경상,승용,남,22세,상해없음
2020032100100482,2020년 3월 21일 20시,토요일,충청남도 공주시 우성면,중상사고,0,1,2,0,차대차 - 추돌,신호위반,건조,맑음,교차로 - 교차로안,승용,남,26세,상해없음,화물,남,44세,상해없음
2020032100100507,2020년 3월 21일 21시,토요일,충청남도 아산시 풍기동,경상사고,0,0,2,0,차대차 - 정면충돌,안전운전불이행,건조,맑음,교차로 - 교차로안,승용,남,38세,상해없음,화물,남,65세,경상
2020032100100531,2020년 3월 21일 22시,토요일,충청남도 당진시 석문면,경상사고,0,0,1,0,차량단독 - 도로외이탈 - 추락,안전운전불이행,건조,맑음,단일로 - 기타,승용,남,65세,경상,,,,
2020032100100551,2020년 3월 21일 23시,토요일,충청남도 천안시 서북구 성정동,경상사고,0,0,1,0,차대차 - 측면충돌,안전운전불이행,건조,맑음,단일로 - 기타,승용,남,46세,상해없음,이륜,남,23세,경상
2020032200100038,2020년 3월 22일 02시,일요일,충청남도 천안시 서북구 쌍용동,부상신고사고,0,0,0,1,차대사람 - 길가장자리구역통행중,안전운전불이행,건조,맑음,단일로 - 기타,승용,남,19세,상해없음,보행자,남,43세,부상신고
2020032200100048,2020년 3월 22일 03시,일요일,충청남도 천안시 서북구 백석동,경상사고,0,0,2,0,차대차 - 추돌,안전운전불이행,건조,맑음,교차로 - 교차로안,승용,남,21세,상해없음,승용,남,20세,경상
2020032200100076,2020년 3월 22일 06시,일요일,충청남도 당진시 송산면,중상사고,0,1,2,0,차대차 - 기타,안전운전불이행,건조,맑음,교차로 - 교차로안,승용,남,51세,중상,건설기계,남,61세,경상
2020032200100083,2020년 3월 22일 08시,일요일,충청남도 천안시 동남구 신방동,중상사고,0,1,0,0,차대차 - 측면충돌,안전운전불이행,건조,맑음,단일로 - 기타,특수,남,26세,상해없음,승용,남,25세,중상
2020032200100133,2020년 3월 22일 11시,일요일,충청남도 천안시 동남구 삼룡동,중상사고,0,1,2,0,차대차 - 측면충돌,안전거리미확보,건조,맑음,단일로 - 기타,승용,남,56세,상해없음,화물,남,40세,경상