사고번호,사고일시,요일,시군구,사고내용,사망자수,중상자수,경상자수,부상신고자수,사고유형,법규위반,노면상태,기상상태,도로형태,가해운전자 차종,가해운전자 성별,가해운전자 연령,가해운전자 상해정도,피해운전자 차종,피해운전자 성별,피해운전자 연령,피해운전자 상해정도
2020032200100202,2020년 3월 22일 14시,일요일,충청남도 천안시 서북구 성정동,경상사고,0,0,1,0,차대차 - 측면충돌,안전거리미확보,건조,맑음,단일로 - 기타,승용,남,35세,상해없음,승용,남,26세,경상
2020032200100203,2020년 3월 22일 14시,일요일,충청남도 금산군 금산읍,경상사고,0,0,3,0,차대차 - 추돌,안전운전불이행,건조,맑음,교차로 - 교차로안,화물,남,32세,상해없음,승용,남,38세,경상
2020032200100227,2020년 3월 22일 15시,일요일,충청남도 천안시 동남구 안서동,경상사고,0,0,1,0,차대차 - 기타,안전운전불이행,건조,맑음,교차로 - 교차로부근,승용,여,45세,상해없음,승용,남,32세,경상
2020032200100255,2020년 3월 22일 16시,일요일,충청남도 천안시 동남구 사직동,경상사고,0,0,2,0,차대차 - 측면충돌,중앙선침범,건조,맑음,단일로 - 기타,승용,남,52세,상해없음,승용,남,42세,경상
2020032200100280,2020년 3월 22일 17시,일요일,충청남도 당진시 우두리,중상사고,0,1,3,0,차대차 - 측면충돌,차로위반,건조,맑음,단일로 - 기타,승용,남,22세,상해없음,승용,남,47세,경상
2020032200100306,2020년 3월 22일 18시,일요일,충청남도 천안시 서북구 성정동,중상사고,0,1,0,0,차대차 - 추돌,안전운전불이행,건조,맑음,교차로 - 교차로부근,승용,남,27세,상해없음,이륜,남,35세,중상
2020032200100307,2020년 3월 22일 18시,일요일,충청남도 보령시 동대동,경상사고,0,0,2,0,차대차 - 기타,안전운전불이행,건조,맑음,교차로 - 교차로안,승용,남,30세,상해없음,승용,남,53세,경상
2020032200100308,2020년 3월 22일 18시,일요일,충청남도 천안시 동남구 사직동,경상사고,0,0,1,0,차대사람 - 기타,안전운전불이행,건조,맑음,교차로 - 교차로안,승용,남,57세,상해없음,보행자,여,56세,경상
2020032200100328,2020년 3월 22일 19시,일요일,충청남도 천안시 서북구 성정동,경상사고,0,0,1,0,차대차 - 기타,중앙선침범,건조,맑음,교차로 - 교차로부근,승용,남,56세,상해없음,승용,여,45세,경상
2020032200100329,2020년 3월 22일 19시,일요일,충청남도 천안시 서북구 성정동,경상사고,0,0,1,0,차대차 - 기타,차로위반,건조,맑음,교차로 - 교차로부근,승용,여,27세,상해없음,승용,여,27세,경상
2020032200100330,2020년 3월 22일 19시,일요일,충청남도 홍성군 홍성읍,경상사고,0,0,2,0,차대차 - 측면충돌,직진우회전진행방해,건조,맑음,교차로 - 교차로안,승용,여,56세,상해없음,승용,남,49세,경상
2020032200100356,2020년 3월 22일 20시,일요일,충청남도 천안시 서북구 성정동,중상사고,0,1,0,0,차대차 - 측면충돌,안전운전불이행,건조,맑음,교차로 - 교차로부근,승용,남,30세,상해없음,이륜,남,43세,중상
2020032200100357,2020년 3월 22일 20시,일요일,충청남도 보령시 대천동,중상사고,0,1,0,0,차대차 - 기타,신호위반,건조,맑음,교차로 - 교차로안,이륜,남,24세,상해없음,승용,여,54세,중상
2020032200100374,2020년 3월 22일 21시,일요일,충청남도 천안시 서북구 성정동,경상사고,0,0,1,0,차대차 - 측면충돌,신호위반,건조,맑음,교차로 - 교차로안,이륜,남,33세,상해없음,승용,여,57세,경상
2020032300100005,2020년 3월 23일 00시,월요일,충청남도 천안시 서북구 두정동,경상사고,0,0,1,0,차대차 - 측면충돌,안전거리미확보,건조,맑음,단일로 - 기타,승용,남,57세,상해없음,승용,남,31세,경상
2020032300100038,2020년 3월 23일 06시,월요일,충청남도 당진시 송악읍,경상사고,0,0,1,0,차대차 - 측면충돌,차로위반,건조,맑음,단일로 - 기타,화물,남,64세,상해없음,승용,남,28세,경상
2020032300100053,2020년 3월 23일 07시,월요일,충청남도 서산시 음암면,사망사고,2,3,2,0,차대차 - 측면충돌,직진우회전진행방해,건조,맑음,교차로 - 교차로안,승용,여,53세,상해없음,화물,남,49세,경상
2020032300100088,2020년 3월 23일 08시,월요일,충청남도 태안군 근흥면,중상사고,0,1,0,0,차대차 - 측면충돌,중앙선침범,건조,맑음,단일로 - 기타,승용,여,65세,상해없음,이륜,남,83세,중상
2020032300100127,2020년 3월 23일 09시,월요일,충청남도 천안시 서북구 두정동,경상사고,0,0,2,0,차대차 - 측면충돌,직진우회전진행방해,건조,맑음,교차로 - 교차로안,승용,여,22세,상해없음,승용,여,31세,경상
2020032300100128,2020년 3월 23일 09시,월요일,충청남도 예산군 예산읍,중상사고,0,1,0,0,차대사람 - 횡단중,보행자보호의무위반,건조,맑음,교차로 - 교차로횡단보도내,승용,남,35세,상해없음,보행자,남,78세,중상
2020032300100163,2020년 3월 23일 10시,월요일,충청남도 보령시 천북면,중상사고,0,1,1,0,차량단독 - 전도전복 - 전복,안전운전불이행,건조,맑음,기타 - 기타,승용,남,75세,상해없음,,,,
2020032300100207,2020년 3월 23일 11시,월요일,충청남도 보령시 천북면,중상사고,0,1,0,0,차대사람 - 기타,안전운전불이행,건조,맑음,단일로 - 기타,화물,남,65세,기타불명,보행자,여,75세,중상
2020032300100208,2020년 3월 23일 11시,월요일,충청남도 당진시 송악읍,경상사고,0,0,3,0,차대차 - 추돌,안전운전불이행,건조,맑음,교차로 - 교차로부근,승용,남,49세,상해없음,승용,남,73세,경상
2020032300100260,2020년 3월 23일 13시,월요일,충청남도 보령시 동대동,중상사고,0,1,1,0,차대차 - 측면충돌,신호위반,건조,맑음,교차로 - 교차로안,이륜,남,45세,중상,승용,남,40세,경상
2020032300100286,2020년 3월 23일 14시,월요일,충청남도 청양군 대치면,중상사고,0,1,0,0,차대차 - 측면충돌,직진우회전진행방해,건조,맑음,교차로 - 교차로안,화물,남,64세,상해없음,이륜,남,34세,중상
2020032300100287,2020년 3월 23일 14시,월요일,충청남도 천안시 동남구 병천면,경상사고,0,0,1,0,차대차 - 후진중충돌,안전운전불이행,건조,맑음,단일로 - 기타,승용,남,39세,상해없음,승용,남,38세,경상
2020032300100318,2020년 3월 23일 15시,월요일,충청남도 아산시 모종동,중상사고,0,1,0,0,차대사람 - 횡단중,안전운전불이행,건조,맑음,단일로 - 기타,승용,여,43세,상해없음,보행자,남,72세,중상
2020032300100377,2020년 3월 23일 17시,월요일,충청남도 서산시 지곡면,경상사고,0,0,1,0,차대사람 - 차도통행중,안전운전불이행,건조,맑음,단일로 - 기타,화물,남,59세,상해없음,보행자,여,60세,경상
2020032300100378,2020년 3월 23일 17시,월요일,충청남도 천안시 서북구 성성동,경상사고,0,0,1,1,차대차 - 측면충돌,안전운전불이행,건조,맑음,단일로 - 기타,원동기,남,44세,부상신고,승용,여,25세,경상
2020032300100379,2020년 3월 23일 17시,월요일,충청남도 천안시 서북구 성거읍,경상사고,0,0,3,0,차대차 - 추돌,안전운전불이행,건조,맑음,교차로 - 교차로부근,승용,남,40세,경상,승용,남,20세,경상
2020032300100380,2020년 3월 23일 17시,월요일,충청남도 예산군 오가면,경상사고,0,0,1,0,차대차 - 정면충돌,안전운전불이행,건조,흐림,단일로 - 기타,자전거,남,61세,경상,승용,여,48세,상해없음
2020032300100418,2020년 3월 23일 18시,월요일,충청남도 서산시 읍내동,경상사고,0,0,1,0,차대차 - 측면충돌,직진우회전진행방해,건조,맑음,교차로 - 교차로안,이륜,남,24세,경상,승용,남,25세,상해없음
2020032300100419,2020년 3월 23일 18시,월요일,충청남도 천안시 동남구 원성동,경상사고,0,0,2,0,차대차 - 추돌,안전운전불이행,건조,맑음,단일로 - 기타,승용,남,74세,상해없음,승용,남,59세,경상
2020032300100450,2020년 3월 23일 19시,월요일,충청남도 서산시 동문동,중상사고,0,3,0,0,차대차 - 측면충돌,차로위반,건조,맑음,단일로 - 기타,화물,남,52세,상해없음,승용,남,54세,중상
2020032300100451,2020년 3월 23일 19시,월요일,충청남도 천안시 서북구 불당동,경상사고,0,0,1,1,차대차 - 측면충돌,신호위반,건조,맑음,교차로 - 교차로안,승용,남,29세,상해없음,승용,남,25세,경상
2020032300100497,2020년 3월 23일 20시,월요일,충청남도 서천군 서천읍,경상사고,0,0,1,1,차대차 - 추돌,안전운전불이행,건조,맑음,단일로 - 기타,승용,남,25세,부상신고,승용,남,49세,경상
2020032300100548,2020년 3월 23일 22시,월요일,충청남도 천안시 서북구 성정동,경상사고,0,0,4,0,차대차 - 추돌,안전운전불이행,건조,맑음,교차로 - 교차로부근,승용,남,37세,상해없음,승용,여,45세,경상
2020032300100549,2020년 3월 23일 22시,월요일,충청남도 예산군 삽교읍,중상사고,0,1,1,0,차대차 - 측면충돌,신호위반,건조,맑음,교차로 - 교차로안,승용,남,39세,경상,승용,남,32세,중상
2020032400100096,2020년 3월 24일 08시,화요일,충청남도 당진시 읍내리,경상사고,0,0,1,0,차대사람 - 횡단중,보행자보호의무위반,건조,맑음,교차로 - 교차로안,화물,남,46세,상해없음,보행자,남,28세,경상
2020032400100124,2020년 3월 24일 09시,화요일,충청남도 아산시 용화동,경상사고,0,0,1,0,차대사람 - 횡단중,보행자보호의무위반,건조,맑음,교차로 - 교차로횡단보도내,승용,남,71세,상해없음,보행자,남,79세,경상
2020032400100157,2020년 3월 24일 10시,화요일,충청남도 천안시 동남구 신부동,경상사고,0,0,3,0,차대차 - 측면충돌,안전운전불이행,건조,맑음,단일로 - 기타,승용,남,60세,상해없음,승용,여,54세,경상
2020032400100185,2020년 3월 24일 11시,화요일,충청남도 아산시 배미동,경상사고,0,0,1,0,차대차 - 기타,안전운전불이행,건조,맑음,단일로 - 기타,승용,남,33세,상해없음,승용,여,60세,경상
2020032400100216,2020년 3월 24일 12시,화요일,충청남도 천안시 동남구 동면,중상사고,0,1,1,0,차대차 - 정면충돌,중앙선침범,건조,맑음,단일로 - 기타,승용,남,58세,중상,화물,남,54세,경상
2020032400100280,2020년 3월 24일 14시,화요일,충청남도 예산군 삽교읍,경상사고,0,0,2,0,차대차 - 기타,안전운전불이행,건조,맑음,단일로 - 기타,화물,남,55세,경상,승용,여,41세,경상
2020032400100317,2020년 3월 24일 15시,화요일,충청남도 보령시 내항동,경상사고,0,0,1,0,차대차 - 기타,신호위반,건조,맑음,교차로 - 교차로부근,승용,여,59세,상해없음,승용,남,38세,경상
2020032400100318,2020년 3월 24일 15시,화요일,충청남도 부여군 내산면,중상사고,0,1,0,0,차량단독 - 기타,안전운전불이행,건조,맑음,단일로 - 기타,화물,남,48세,중상,,,,
2020032400100319,2020년 3월 24일 15시,화요일,충청남도 천안시 동남구 신방동,경상사고,0,0,1,0,차대차 - 측면충돌,안전운전불이행,건조,맑음,기타 - 기타,승용,남,40세,상해없음,자전거,여,25세,경상
2020032400100347,2020년 3월 24일 16시,화요일,충청남도 홍성군 홍성읍,경상사고,0,0,1,0,차대차 - 측면충돌,안전운전불이행,건조,맑음,교차로 - 교차로안,이륜,남,17세,경상,승용,여,61세,상해없음
2020032400100392,2020년 3월 24일 17시,화요일,충청남도 아산시 염치읍,경상사고,0,0,2,0,차대차 - 측면충돌,안전거리미확보,건조,맑음,단일로 - 기타,승용,남,49세,상해없음,승용,남,46세,경상
2020032400100420,2020년 3월 24일 18시,화요일,충청남도 서천군 서천읍,경상사고,0,0,1,0,차대사람 - 기타,안전운전불이행,건조,맑음,주차장 - 주차장,승용,남,57세,상해없음,보행자,여,59세,경상
2020032400100464,2020년 3월 24일 19시,화요일,충청남도 아산시 둔포면,경상사고,0,0,1,0,차대차 - 기타,신호위반,건조,맑음,교차로 - 교차로안,승용,남,55세,상해없음,승용,남,36세,경상
2020032400100466,2020년 3월 24일 19시,화요일,충청남도 보령시 동대동,경상사고,0,0,1,0,차대차 - 기타,직진우회전진행방해,건조,맑음,교차로 - 교차로안,승용,남,36세,상해없음,승용,여,45세,경상
2020032400100492,2020년 3월 24일 20시,화요일,충청남도 천안시 서북구 성환읍,경상사고,0,0,1,0,차대사람 - 길가장자리구역통행중,안전운전불이행,건조,맑음,교차로 - 교차로부근,승용,남,34세,상해없음,보행자,남,72세,경상
2020032400100493,2020년 3월 24일 20시,화요일,충청남도 아산시 염치읍,경상사고,0,0,1,0,차대차 - 측면충돌,안전거리미확보,건조,맑음,교차로 - 교차로안,화물,남,55세,상해없음,승용,남,39세,경상
2020032400100519,2020년 3월 24일 21시,화요일,충청남도 천안시 서북구 백석동,경상사고,0,0,1,0,차대차 - 측면충돌,신호위반,건조,맑음,교차로 - 교차로안,이륜,남,17세,상해없음,승용,남,30세,경상
2020032400100548,2020년 3월 24일 23시,화요일,충청남도 논산시 취암동,사망사고,1,0,0,0,차대사람 - 횡단중,안전운전불이행,건조,맑음,단일로 - 기타,승용,남,79세,상해없음,보행자,남,28세,사망
2020032400100549,2020년 3월 24일 23시,화요일,충청남도 천안시 동남구 안서동,중상사고,0,1,0,0,차량단독 - 전도전복 - 전도,안전운전불이행,건조,맑음,교차로 - 교차로부근,이륜,남,22세,중상,,,,
2020032500100036,2020년 3월 25일 05시,수요일,충청남도 아산시 염치읍,부상신고사고,0,0,0,1,차대차 - 기타,안전운전불이행,건조,기타,단일로 - 기타,화물,남,33세,상해없음,승용,남,53세,부상신고
2020032500100049,2020년 3월 25일 06시,수요일,충청남도 당진시 석문면,중상사고,0,1,0,0,차대차 - 추돌,안전운전불이행,건조,맑음,단일로 - 기타,화물,남,41세,상해없음,농기계,남,68세,중상
2020032500100050,2020년 3월 25일 06시,수요일,충청남도 태안군 태안읍,경상사고,0,0,1,0,차대사람 - 차도통행중,안전거리미확보,건조,맑음,교차로 - 교차로안,화물,남,79세,기타불명,보행자,남,69세,경상
2020032500100112,2020년 3월 25일 09시,수요일,충청남도 천안시 동남구 성남면,중상사고,0,1,0,0,차대차 - 측면충돌,중앙선침범,건조,맑음,단일로 - 기타,승용,남,24세,기타불명,화물,남,54세,중상
2020032500100141,2020년 3월 25일 10시,수요일,충청남도 아산시 모종동,경상사고,0,0,1,0,차대차 - 기타,안전운전불이행,건조,맑음,단일로 - 기타,승용,여,47세,기타불명,승용,여,34세,경상
2020032500100176,2020년 3월 25일 11시,수요일,충청남도 서산시 음암면,중상사고,0,1,0,0,차대차 - 기타,과속,건조,맑음,교차로 - 교차로안,화물,남,72세,중상,화물,남,59세,상해없음
2020032500100177,2020년 3월 25일 11시,수요일,충청남도 청양군 청양읍,중상사고,0,1,2,0,차대차 - 측면충돌,직진우회전진행방해,건조,맑음,교차로 - 교차로안,화물,남,60세,상해없음,승용,여,39세,경상
2020032500100217,2020년 3월 25일 12시,수요일,충청남도 천안시 서북구 성성동,중상사고,0,1,0,0,차대차 - 측면충돌,안전운전불이행,건조,맑음,단일로 - 기타,승용,남,69세,상해없음,원동기,남,18세,중상
2020032500100282,2020년 3월 25일 14시,수요일,충청남도 서천군 한산면,중상사고,0,1,0,0,차량단독 - 전도전복 - 전도,안전운전불이행,건조,맑음,단일로 - 기타,사륜오토바이(ATV),남,59세,중상,,,,
2020032500100283,2020년 3월 25일 14시,수요일,충청남도 서천군 서천읍,경상사고,0,0,1,0,차대사람 - 횡단중,안전운전불이행,건조,맑음,단일로 - 기타,승용,여,49세,상해없음,보행자,남,13세,경상
2020032500100284,2020년 3월 25일 14시,수요일,충청남도 청양군 화성면,중상사고,0,1,0,0,차량단독 - 기타,안전운전불이행,건조,맑음,기타 - 기타,승합,남,54세,상해없음,,,,
2020032500100309,2020년 3월 25일 15시,수요일,충청남도 논산시 강경읍,경상사고,0,0,1,0,차대차 - 측면충돌,교차로운행방법위반,건조,맑음,교차로 - 교차로안,승용,남,63세,상해없음,자전거,남,76세,경상
2020032500100310,2020년 3월 25일 15시,수요일,충청남도 공주시 계룡면,중상사고,0,1,0,0,차량단독 - 기타,안전운전불이행,건조,맑음,단일로 - 기타,이륜,남,46세,중상,,,,
2020032500100311,2020년 3월 25일 15시,수요일,충청남도 당진시 송악읍,경상사고,0,0,2,0,차대차 - 측면충돌,차로위반,건조,맑음,교차로 - 교차로안,화물,남,53세,경상,특수,남,58세,경상
2020032500100342,2020년 3월 25일 16시,수요일,충청남도 서산시 해미면,중상사고,0,1,0,0,차대차 - 정면충돌,안전운전불이행,건조,맑음,교차로 - 교차로안,승용,여,47세,상해없음,자전거,남,75세,중상
2020032500100343,2020년 3월 25일 16시,수요일,충청남도 천안시 서북구 성거읍,중상사고,0,1,0,0,차량단독 - 전도전복 - 전도,안전운전불이행,건조,맑음,단일로 - 기타,이륜,남,54세,중상,,,,
2020032500100344,2020년 3월 25일 16시,수요일,충청남도 예산군 오가면,중상사고,0,1,0,0,차대차 - 기타,안전운전불이행,건조,맑음,단일로 - 기타,이륜,남,57세,중상,승용,남,48세,기타불명
2020032500100345,2020년 3월 25일 16시,수요일,충청남도 천안시 동남구 신부동,경상사고,0,0,1,0,차대사람 - 기타,안전운전불이행,건조,맑음,단일로 - 기타,승용,남,23세,상해없음,보행자,여,22세,경상
2020032500100385,2020년 3월 25일 17시,수요일,충청남도 아산시 모종동,경상사고,0,0,1,0,차대사람 - 차도통행중,안전운전불이행,건조,맑음,단일로 - 기타,승용,남,39세,상해없음,보행자,남,59세,경상
2020032500100386,2020년 3월 25일 17시,수요일,충청남도 아산시 온천동,중상사고,0,1,0,0,차대사람 - 길가장자리구역통행중,안전운전불이행,건조,맑음,기타 - 기타,승용,여,44세,상해없음,보행자,여,76세,중상
2020032500100421,2020년 3월 25일 18시,수요일,충청남도 논산시 연무읍,경상사고,0,0,1,0,차대차 - 측면충돌,직진우회전진행방해,건조,맑음,교차로 - 교차로안,승용,남,51세,상해없음,승용,여,42세,경상
2020032500100463,2020년 3월 25일 19시,수요일,충청남도 아산시 배방읍,중상사고,0,1,0,0,차대차 - 기타,안전운전불이행,건조,맑음,교차로 - 교차로안,승용,남,32세,기타불명,원동기,남,40세,중상
2020032500100493,2020년 3월 25일 20시,수요일,충청남도 논산시 부적면,경상사고,0,0,1,0,차대차 - 추돌,안전거리미확보,건조,맑음,단일로 - 기타,화물,남,32세,상해없음,승합,남,54세,경상
2020032500100494,2020년 3월 25일 20시,수요일,충청남도 당진시 행정리,경상사고,0,0,1,0,차대차 - 기타,안전운전불이행,건조,맑음,기타 - 기타,승용,남,63세,상해없음,승용,남,26세,경상
2020032500100527,2020년 3월 25일 21시,수요일,충청남도 천안시 서북구 두정동,경상사고,0,0,2,0,차대차 - 기타,안전운전불이행,건조,맑음,단일로 - 지하차도(도로)내,승용,여,45세,상해없음,승용,남,38세,경상
2020032500100528,2020년 3월 25일 21시,수요일,충청남도 천안시 동남구 청수동,부상신고사고,0,0,0,1,차대사람 - 기타,안전운전불이행,건조,맑음,교차로 - 교차로안,기타불명,기타불명,미분류,기타불명,보행자,여,20세,부상신고
2020032500100554,2020년 3월 25일 22시,수요일,충청남도 천안시 서북구 성정동,경상사고,0,0,1,0,차대차 - 측면충돌,안전운전불이행,건조,맑음,단일로 - 기타,승용,남,25세,상해없음,승용,남,40세,경상
2020032500100555,2020년 3월 25일 22시,수요일,충청남도 당진시 읍내리,경상사고,0,0,1,0,차대차 - 측면충돌,교차로운행방법위반,건조,맑음,교차로 - 교차로부근,승용,남,26세,상해없음,승용,남,38세,경상
2020032600100007,2020년 3월 26일 00시,목요일,충청남도 서산시 석림동,경상사고,0,0,1,0,차대사람 - 기타,안전운전불이행,건조,맑음,단일로 - 기타,승용,남,20세,상해없음,보행자,남,34세,경상
2020032600100038,2020년 3월 26일 03시,목요일,충청남도 천안시 서북구 입장면,중상사고,0,1,2,0,차대차 - 추돌,안전운전불이행,건조,맑음,단일로 - 기타,승용,남,37세,상해없음,승합,남,53세,중상
2020032600100045,2020년 3월 26일 04시,목요일,충청남도 서산시 부석면,중상사고,0,1,0,0,차량단독 - 기타,안전운전불이행,건조,맑음,단일로 - 기타,화물,남,46세,중상,,,,
2020032600100073,2020년 3월 26일 07시,목요일,충청남도 예산군 오가면,경상사고,0,0,1,0,차대차 - 측면충돌,차로위반,건조,맑음,단일로 - 기타,건설기계,남,40세,상해없음,승용,남,53세,경상
2020032600100093,2020년 3월 26일 08시,목요일,충청남도 당진시 신평면,경상사고,0,0,1,0,차대차 - 측면충돌,안전운전불이행,건조,맑음,단일로 - 기타,화물,남,58세,상해없음,건설기계,남,39세,경상
2020032600100134,2020년 3월 26일 10시,목요일,충청남도 서산시 지곡면,경상사고,0,0,2,0,차대차 - 측면충돌,기타,건조,맑음,단일로 - 기타,승합,남,50세,상해없음,승용,여,72세,경상
2020032600100135,2020년 3월 26일 10시,목요일,충청남도 아산시 배방읍,경상사고,0,0,1,0,차대차 - 정면충돌,신호위반,건조,맑음,교차로 - 교차로안,승용,여,60세,상해없음,승용,남,42세,경상
2020032600100136,2020년 3월 26일 10시,목요일,충청남도 청양군 운곡면,경상사고,0,0,2,0,차대차 - 정면충돌,직진우회전진행방해,건조,맑음,교차로 - 교차로안,승용,여,62세,경상,특수,남,61세,경상
2020032600100162,2020년 3월 26일 11시,목요일,충청남도 천안시 동남구 목천읍,경상사고,0,0,2,0,차대차 - 추돌,직진우회전진행방해,건조,맑음,교차로 - 교차로안,승용,남,27세,상해없음,승용,남,46세,경상
2020032600100261,2020년 3월 26일 15시,목요일,충청남도 서산시 대산읍,중상사고,0,1,0,0,차대차 - 측면충돌,신호위반,젖음/습기,비,교차로 - 교차로안,화물,남,58세,상해없음,승용,남,33세,중상
2020032600100262,2020년 3월 26일 15시,목요일,충청남도 천안시 서북구 쌍용동,경상사고,0,0,1,0,차대사람 - 기타,안전운전불이행,건조,맑음,교차로 - 교차로안,승용,남,23세,상해없음,보행자,남,6세,경상
2020032600100323,2020년 3월 26일 17시,목요일,충청남도 공주시 우성면,중상사고,0,3,1,0,차대차 - 측면충돌,신호위반,젖음/습기,비,교차로 - 교차로안,승용,남,19세,상해없음,승합,여,54세,중상
2020032600100324,2020년 3월 26일 17시,목요일,충청남도 천안시 동남구 신방동,경상사고,0,0,1,0,차대차 - 추돌,안전운전불이행,건조,맑음,기타 - 기타,화물,남,63세,상해없음,승용,남,49세,경상
2020032600100482,2020년 3월 26일 21시,목요일,충청남도 홍성군 홍성읍,경상사고,0,0,1,0,차대차 - 추돌,안전운전불이행,젖음/습기,비,교차로 - 교차로안,승용,여,46세,상해없음,승용,남,21세,경상
2020032600100483,2020년 3월 26일 21시,목요일,충청남도 아산시 배방읍,경상사고,0,0,2,0,차대차 - 추돌,안전운전불이행,건조,맑음,교차로 - 교차로부근,승용,남,54세,상해없음,승용,남,33세,경상
2020032600100516,2020년 3월 26일 22시,목요일,충청남도 홍성군 홍성읍,경상사고,0,0,1,0,차대차 - 측면충돌,신호위반,젖음/습기,비,교차로 - 교차로안,승용,여,48세,상해없음,승용,남,57세,경상
2020032600100517,2020년 3월 26일 22시,목요일,충청남도 아산시 염치읍,중상사고,0,1,0,0,차대사람 - 횡단중,신호위반,젖음/습기,비,교차로 - 교차로안,승용,여,29세,상해없음,보행자,남,38세,중상
2020032600100518,2020년 3월 26일 22시,목요일,충청남도 천안시 동남구 신방동,경상사고,0,0,1,0,차대차 - 측면충돌,안전운전불이행,건조,맑음,단일로 - 기타,화물,남,24세,상해없음,승용,남,25세,경상
2020032600100519,2020년 3월 26일 22시,목요일,충청남도 태안군 태안읍,부상신고사고,0,0,0,1,차량단독 - 공작물충돌,안전운전불이행,젖음/습기,비,단일로 - 기타,이륜,남,24세,부상신고,,,,
2020032600100542,2020년 3월 26일 23시,목요일,충청남도 천안시 동남구 봉명동,중상사고,0,1,0,0,차대사람 - 차도통행중,안전운전불이행,젖음/습기,흐림,단일로 - 기타,승용,남,57세,상해없음,보행자,남,51세,중상
2020032700100074,2020년 3월 27일 06시,금요일,충청남도 공주시 유구읍,중상사고,0,1,0,0,차대차 - 측면충돌,교차로운행방법위반,건조,맑음,교차로 - 교차로안,승용,남,42세,상해없음,자전거,여,62세,중상
2020032700100108,2020년 3월 27일 08시,금요일,충청남도 보령시 대천동,경상사고,0,0,1,0,차대차 - 측면충돌,안전운전불이행,건조,맑음,단일로 - 기타,승용,남,26세,상해없음,이륜,남,66세,경상
2020032700100151,2020년 3월 27일 10시,금요일,충청남도 홍성군 광천읍,사망사고,1,0,0,0,차량단독 - 공작물충돌,안전운전불이행,건조,맑음,단일로 - 기타,승용,남,77세,사망,,,,
2020032700100173,2020년 3월 27일 11시,금요일,충청남도 청양군 화성면,중상사고,0,1,1,0,차대차 - 측면충돌,교차로운행방법위반,건조,맑음,교차로 - 교차로안,화물,남,75세,경상,승용,남,67세,중상
2020032700100174,2020년 3월 27일 11시,금요일,충청남도 천안시 동남구 사직동,사망사고,1,0,1,0,차대사람 - 기타,안전운전불이행,건조,맑음,기타 - 기타,승합,여,60세,상해없음,보행자,여,69세,사망
2020032700100175,2020년 3월 27일 11시,금요일,충청남도 천안시 동남구 광덕면,경상사고,0,0,3,0,차대차 - 추돌,안전운전불이행,건조,맑음,단일로 - 기타,승용,남,36세,상해없음,승용,여,37세,경상
2020032700100203,2020년 3월 27일 12시,금요일,충청남도 논산시 취암동,중상사고,0,2,0,0,차대차 - 기타,직진우회전진행방해,건조,맑음,교차로 - 교차로안,승용,남,28세,상해없음,이륜,남,30세,중상
2020032700100263,2020년 3월 27일 14시,금요일,충청남도 예산군 예산읍,경상사고,0,0,1,0,차대차 - 측면충돌,안전운전불이행,건조,맑음,교차로 - 교차로안,승용,남,69세,상해없음,자전거,여,64세,경상
2020032700100329,2020년 3월 27일 16시,금요일,충청남도 서산시 동문동,부상신고사고,0,0,0,1,차대차 - 측면충돌,안전운전불이행,건조,맑음,단일로 - 기타,화물,남,27세,상해없음,자전거,남,79세,부상신고
2020032700100330,2020년 3월 27일 16시,금요일,충청남도 천안시 서북구 쌍용동,경상사고,0,0,1,0,차대차 - 측면충돌,안전운전불이행,건조,맑음,교차로 - 교차로안,승용,남,60세,상해없음,화물,남,47세,경상
2020032700100331,2020년 3월 27일 16시,금요일,충청남도 부여군 장암면,경상사고,0,0,1,0,차대차 - 추돌,안전운전불이행,건조,맑음,단일로 - 기타,화물,남,38세,상해없음,승용,남,63세,경상
2020032700100465,2020년 3월 27일 19시,금요일,충청남도 공주시 유구읍,중상사고,0,1,0,0,차대차 - 정면충돌,중앙선침범,건조,맑음,단일로 - 기타,승합,남,51세,상해없음,원동기,남,59세,중상
2020032700100466,2020년 3월 27일 19시,금요일,충청남도 천안시 동남구 신방동,경상사고,0,0,2,0,차대사람 - 횡단중,신호위반,건조,맑음,단일로 - 기타,이륜,남,18세,경상,보행자,남,18세,경상
2020032700100493,2020년 3월 27일 20시,금요일,충청남도 천안시 서북구 성정동,경상사고,0,0,2,0,차대차 - 기타,안전운전불이행,건조,맑음,교차로 - 교차로안,승용,남,52세,상해없음,승용,남,26세,경상
2020032700100494,2020년 3월 27일 20시,금요일,충청남도 서천군 마서면,사망사고,1,0,0,0,차대사람 - 차도통행중,안전운전불이행,건조,맑음,단일로 - 기타,승용,남,67세,상해없음,보행자,남,80세,사망
2020032700100495,2020년 3월 27일 20시,금요일,충청남도 서천군 서천읍,중상사고,0,1,2,0,차대차 - 정면충돌,직진우회전진행방해,건조,맑음,교차로 - 교차로안,승용,여,60세,상해없음,승용,남,54세,경상
2020032700100496,2020년 3월 27일 20시,금요일,충청남도 당진시 대덕리,경상사고,0,0,1,0,차대차 - 측면충돌,신호위반,건조,맑음,교차로 - 교차로안,승용,남,51세,상해없음,승용,남,44세,경상