사고번호,사고일시,요일,시군구,사고내용,사망자수,중상자수,경상자수,부상신고자수,사고유형,법규위반,노면상태,기상상태,도로형태,가해운전자 차종,가해운전자 성별,가해운전자 연령,가해운전자 상해정도,피해운전자 차종,피해운전자 성별,피해운전자 연령,피해운전자 상해정도
2020032700100497,2020년 3월 27일 20시,금요일,충청남도 천안시 동남구 유량동,경상사고,0,0,1,0,차대사람 - 기타,불법유턴,건조,맑음,주차장 - 주차장,승용,남,69세,상해없음,보행자,남,59세,경상
2020032700100531,2020년 3월 27일 21시,금요일,충청남도 홍성군 광천읍,중상사고,0,1,0,0,차대사람 - 차도통행중,안전운전불이행,건조,맑음,단일로 - 기타,승용,여,62세,상해없음,보행자,여,47세,중상
2020032700100564,2020년 3월 27일 22시,금요일,충청남도 천안시 서북구 불당동,경상사고,0,0,1,0,차대차 - 후진중충돌,안전운전불이행,건조,맑음,교차로 - 교차로안,승용,남,26세,상해없음,승용,남,59세,경상
2020032700100589,2020년 3월 27일 23시,금요일,충청남도 서산시 지곡면,중상사고,0,1,0,0,차량단독 - 공작물충돌,안전운전불이행,건조,맑음,단일로 - 기타,승용,남,45세,중상,,,,
2020032800100008,2020년 3월 28일 00시,토요일,충청남도 천안시 서북구 성거읍,경상사고,0,0,2,0,차대차 - 추돌,안전운전불이행,건조,맑음,교차로 - 교차로부근,승용,남,57세,상해없음,승용,남,22세,경상
2020032800100023,2020년 3월 28일 01시,토요일,충청남도 천안시 서북구 불당동,중상사고,0,1,1,0,차대차 - 후진중충돌,안전운전불이행,건조,맑음,기타 - 기타,승용,남,55세,상해없음,승용,남,24세,중상
2020032800100099,2020년 3월 28일 08시,토요일,충청남도 아산시 신창면,중상사고,0,2,2,1,차대차 - 기타,안전운전불이행,건조,맑음,교차로 - 교차로안,승용,여,48세,중상,승용,남,33세,경상
2020032800100100,2020년 3월 28일 08시,토요일,충청남도 태안군 태안읍,경상사고,0,0,2,0,차대차 - 후진중충돌,안전운전불이행,건조,맑음,단일로 - 기타,승용,여,27세,경상,특수,남,32세,경상
2020032800100123,2020년 3월 28일 09시,토요일,충청남도 공주시 유구읍,중상사고,0,1,3,0,차대차 - 추돌,안전운전불이행,건조,흐림,교차로 - 교차로부근,건설기계,남,59세,기타불명,화물,남,59세,경상
2020032800100148,2020년 3월 28일 10시,토요일,충청남도 아산시 온천동,경상사고,0,0,3,0,차대차 - 기타,차로위반,건조,맑음,단일로 - 기타,이륜,남,63세,상해없음,승용,남,41세,경상
2020032800100173,2020년 3월 28일 11시,토요일,충청남도 천안시 서북구 쌍용동,경상사고,0,0,2,0,차대차 - 측면충돌,안전운전불이행,건조,맑음,교차로 - 교차로안,승용,여,48세,경상,화물,남,22세,경상
2020032800100200,2020년 3월 28일 12시,토요일,충청남도 천안시 서북구 부대동,경상사고,0,0,1,0,차대차 - 측면충돌,안전운전불이행,건조,맑음,단일로 - 기타,승용,남,28세,상해없음,승용,남,44세,경상
2020032800100201,2020년 3월 28일 12시,토요일,충청남도 예산군 예산읍,중상사고,0,1,0,0,차대차 - 측면충돌,직진우회전진행방해,건조,맑음,교차로 - 교차로부근,승용,남,49세,상해없음,승용,여,57세,중상
2020032800100235,2020년 3월 28일 13시,토요일,충청남도 천안시 서북구 쌍용동,사망사고,1,0,1,0,차대차 - 정면충돌,중앙선침범,건조,맑음,교차로 - 교차로부근,승용,남,41세,사망,승용,남,41세,경상
2020032800100373,2020년 3월 28일 18시,토요일,충청남도 천안시 서북구 성환읍,경상사고,0,0,1,0,차대차 - 측면충돌,교차로운행방법위반,건조,맑음,교차로 - 교차로안,승용,여,71세,상해없음,승용,남,31세,경상
2020032800100406,2020년 3월 28일 19시,토요일,충청남도 천안시 서북구 두정동,중상사고,0,1,0,0,차대차 - 측면충돌,안전거리미확보,건조,맑음,단일로 - 기타,승용,여,31세,상해없음,이륜,남,41세,중상
2020032800100407,2020년 3월 28일 19시,토요일,충청남도 논산시 부창동,경상사고,0,0,2,0,차대차 - 측면충돌,신호위반,건조,맑음,교차로 - 교차로안,이륜,남,52세,상해없음,승용,남,59세,경상
2020032800100408,2020년 3월 28일 19시,토요일,충청남도 천안시 동남구 원성동,경상사고,0,0,3,0,차대차 - 기타,안전운전불이행,건조,맑음,단일로 - 기타,이륜,남,39세,상해없음,승용,남,42세,경상
2020032800100436,2020년 3월 28일 20시,토요일,충청남도 천안시 서북구 불당동,경상사고,0,0,2,0,차대차 - 측면충돌,신호위반,건조,맑음,교차로 - 교차로안,이륜,남,24세,경상,이륜,남,35세,경상
2020032800100437,2020년 3월 28일 20시,토요일,충청남도 천안시 서북구 쌍용동,경상사고,0,0,7,0,차대차 - 측면충돌,중앙선침범,건조,맑음,단일로 - 기타,화물,남,60세,상해없음,승합,남,51세,경상
2020032800100438,2020년 3월 28일 20시,토요일,충청남도 공주시 신풍면,경상사고,0,0,1,0,차대차 - 측면충돌,교차로운행방법위반,건조,맑음,교차로 - 교차로안,승용,남,60세,상해없음,승합,남,40세,경상
2020032800100439,2020년 3월 28일 20시,토요일,충청남도 예산군 예산읍,중상사고,0,1,0,0,차대사람 - 횡단중,보행자보호의무위반,건조,맑음,교차로 - 교차로횡단보도내,승용,남,62세,상해없음,보행자,여,56세,중상
2020032800100440,2020년 3월 28일 20시,토요일,충청남도 예산군 덕산면,사망사고,1,2,0,0,차대차 - 측면충돌,차로위반,건조,맑음,단일로 - 기타,화물,여,58세,중상,화물,남,65세,사망
2020032800100471,2020년 3월 28일 21시,토요일,충청남도 천안시 동남구 신방동,중상사고,0,2,0,0,차대차 - 측면충돌,교차로운행방법위반,건조,맑음,교차로 - 교차로안,승용,남,47세,상해없음,승용,남,29세,중상
2020032800100493,2020년 3월 28일 22시,토요일,충청남도 서산시 예천동,경상사고,0,0,2,0,차대차 - 측면충돌,불법유턴,건조,맑음,교차로 - 교차로부근,승용,남,48세,상해없음,승용,남,37세,경상
2020032900100082,2020년 3월 29일 08시,일요일,충청남도 아산시 권곡동,중상사고,0,1,0,0,차대차 - 측면충돌,안전거리미확보,건조,맑음,교차로 - 교차로부근,승합,남,59세,상해없음,이륜,남,43세,중상
2020032900100105,2020년 3월 29일 10시,일요일,충청남도 서산시 해미면,부상신고사고,0,0,0,1,차대차 - 추돌,안전운전불이행,건조,맑음,단일로 - 기타,이륜,남,42세,부상신고,승용,남,61세,기타불명
2020032900100143,2020년 3월 29일 12시,일요일,충청남도 논산시 연산면,경상사고,0,0,4,0,차대차 - 측면충돌,기타,건조,맑음,교차로 - 교차로안,화물,남,61세,상해없음,승용,여,55세,경상
2020032900100161,2020년 3월 29일 13시,일요일,충청남도 서천군 서천읍,경상사고,0,0,1,0,차대차 - 측면충돌,신호위반,건조,맑음,교차로 - 교차로부근,승용,여,48세,상해없음,이륜,남,25세,경상
2020032900100186,2020년 3월 29일 14시,일요일,충청남도 보령시 신흑동,경상사고,0,0,1,0,차대사람 - 기타,안전운전불이행,건조,맑음,기타 - 기타,이륜,남,9세,상해없음,보행자,남,60세,경상
2020032900100187,2020년 3월 29일 14시,일요일,충청남도 청양군 정산면,중상사고,0,3,1,0,차대차 - 정면충돌,직진우회전진행방해,건조,맑음,교차로 - 교차로안,승용,여,55세,중상,승용,남,59세,상해없음
2020032900100188,2020년 3월 29일 14시,일요일,충청남도 공주시 우성면,중상사고,0,4,0,0,차대차 - 추돌,안전운전불이행,건조,맑음,단일로 - 기타,승용,남,28세,기타불명,승용,남,30세,중상
2020032900100217,2020년 3월 29일 15시,일요일,충청남도 천안시 동남구 봉명동,경상사고,0,0,1,0,차대사람 - 기타,보행자보호의무위반,건조,맑음,교차로 - 교차로부근,화물,남,47세,상해없음,보행자,남,57세,경상
2020032900100218,2020년 3월 29일 15시,일요일,충청남도 당진시 신평면,중상사고,0,1,0,0,차대사람 - 기타,안전운전불이행,건조,맑음,교차로 - 교차로안,승용,남,47세,상해없음,보행자,남,75세,중상
2020032900100219,2020년 3월 29일 15시,일요일,충청남도 당진시 송악읍,경상사고,0,0,2,0,차대차 - 추돌,안전운전불이행,건조,맑음,단일로 - 기타,승용,남,33세,상해없음,승용,남,62세,경상
2020032900100220,2020년 3월 29일 15시,일요일,충청남도 당진시 송악읍,중상사고,0,3,0,0,차대차 - 추돌,안전거리미확보,건조,맑음,단일로 - 기타,승용,남,59세,상해없음,승용,남,33세,상해없음
2020032900100244,2020년 3월 29일 16시,일요일,충청남도 천안시 동남구 신부동,경상사고,0,0,2,0,차대차 - 추돌,안전거리미확보,건조,맑음,단일로 - 기타,승용,남,30세,경상,승용,남,26세,경상
2020032900100380,2020년 3월 29일 23시,일요일,충청남도 천안시 서북구 성정동,경상사고,0,0,1,0,차대차 - 기타,안전운전불이행,건조,맑음,단일로 - 기타,화물,남,40세,상해없음,승용,여,25세,경상
2020033000100016,2020년 3월 30일 01시,월요일,충청남도 천안시 서북구 성정동,경상사고,0,0,1,0,차대사람 - 횡단중,신호위반,건조,맑음,단일로 - 기타,승용,남,60세,상해없음,보행자,여,28세,경상
2020033000100017,2020년 3월 30일 01시,월요일,충청남도 천안시 서북구 두정동,경상사고,0,0,2,0,차대차 - 후진중충돌,안전운전불이행,건조,맑음,교차로 - 교차로안,승용,남,23세,상해없음,이륜,남,30세,기타불명
2020033000100086,2020년 3월 30일 08시,월요일,충청남도 천안시 서북구 백석동,경상사고,0,0,1,0,차대차 - 측면충돌,안전운전불이행,건조,맑음,교차로 - 교차로안,승용,남,71세,상해없음,승용,여,37세,경상
2020033000100087,2020년 3월 30일 08시,월요일,충청남도 금산군 군북면,경상사고,0,0,1,0,차량단독 - 전도전복 - 전복,안전운전불이행,건조,맑음,교차로 - 교차로부근,화물,남,66세,경상,,,,
2020033000100143,2020년 3월 30일 10시,월요일,충청남도 서산시 동문동,경상사고,0,0,2,0,차대차 - 측면충돌,신호위반,건조,맑음,교차로 - 교차로안,승용,남,68세,상해없음,승용,남,31세,경상
2020033000100236,2020년 3월 30일 13시,월요일,충청남도 아산시 둔포면,경상사고,0,0,1,0,차대차 - 기타,안전운전불이행,건조,맑음,단일로 - 기타,승용,남,22세,상해없음,화물,남,26세,경상
2020033000100237,2020년 3월 30일 13시,월요일,충청남도 천안시 동남구 용곡동,경상사고,0,0,1,0,차대차 - 측면충돌,직진우회전진행방해,건조,맑음,교차로 - 교차로부근,승용,여,79세,기타불명,승용,여,45세,경상
2020033000100271,2020년 3월 30일 14시,월요일,충청남도 예산군 응봉면,중상사고,0,1,1,0,차대차 - 추돌,안전운전불이행,건조,맑음,교차로 - 교차로부근,승용,남,66세,상해없음,승용,남,26세,중상
2020033000100337,2020년 3월 30일 16시,월요일,충청남도 논산시 취암동,경상사고,0,0,1,0,차대차 - 측면충돌,안전운전불이행,건조,맑음,교차로 - 교차로부근,승용,여,42세,상해없음,이륜,남,37세,경상
2020033000100378,2020년 3월 30일 17시,월요일,충청남도 천안시 서북구 직산읍,경상사고,0,0,1,0,차대차 - 측면충돌,안전운전불이행,건조,맑음,교차로 - 교차로안,화물,남,67세,상해없음,이륜,남,39세,경상
2020033000100379,2020년 3월 30일 17시,월요일,충청남도 아산시 배방읍,경상사고,0,0,1,0,차대차 - 측면충돌,안전운전불이행,건조,맑음,교차로 - 교차로부근,승용,남,34세,상해없음,승용,남,35세,경상
2020033000100380,2020년 3월 30일 17시,월요일,충청남도 당진시 송악읍,경상사고,0,0,1,0,차대차 - 기타,직진우회전진행방해,건조,맑음,교차로 - 교차로안,특수,남,48세,상해없음,승용,여,42세,경상
2020033000100453,2020년 3월 30일 19시,월요일,충청남도 천안시 서북구 성환읍,경상사고,0,0,1,0,차대차 - 추돌,신호위반,건조,맑음,교차로 - 교차로안,승용,남,46세,기타불명,승용,남,41세,경상
2020033000100454,2020년 3월 30일 19시,월요일,충청남도 천안시 동남구 청당동,중상사고,0,1,0,0,차대차 - 측면충돌,안전운전불이행,건조,맑음,교차로 - 교차로안,승용,남,26세,상해없음,이륜,남,55세,중상
2020033000100486,2020년 3월 30일 20시,월요일,충청남도 계룡시 엄사면,중상사고,0,1,0,0,차대사람 - 횡단중,보행자보호의무위반,건조,맑음,교차로 - 교차로안,승합,남,60세,상해없음,보행자,여,66세,중상
2020033000100487,2020년 3월 30일 20시,월요일,충청남도 부여군 구룡면,중상사고,0,1,0,0,차대차 - 추돌,안전운전불이행,건조,맑음,교차로 - 교차로부근,화물,남,65세,상해없음,승용,남,72세,상해없음
2020033000100505,2020년 3월 30일 21시,월요일,충청남도 천안시 동남구 북면,부상신고사고,0,0,0,1,차량단독 - 기타,기타,건조,맑음,기타 - 기타,승용,남,58세,부상신고,,,,
2020033000100522,2020년 3월 30일 22시,월요일,충청남도 아산시 배방읍,경상사고,0,0,2,0,차대차 - 측면충돌,신호위반,건조,맑음,교차로 - 교차로안,승용,여,25세,상해없음,승용,남,39세,경상
2020033100100023,2020년 3월 31일 04시,화요일,충청남도 천안시 동남구 안서동,사망사고,1,0,1,0,차대차 - 기타,안전운전불이행,건조,맑음,단일로 - 기타,화물,남,51세,사망,화물,남,61세,경상
2020033100100032,2020년 3월 31일 05시,화요일,충청남도 천안시 서북구 쌍용동,경상사고,0,0,1,0,차대차 - 기타,안전운전불이행,건조,맑음,단일로 - 기타,승용,남,54세,상해없음,승용,남,27세,경상
2020033100100033,2020년 3월 31일 05시,화요일,충청남도 당진시 송악읍,중상사고,0,1,0,0,차대차 - 기타,안전운전불이행,건조,맑음,교차로 - 교차로안,승용,남,40세,상해없음,이륜,여,59세,중상
2020033100100061,2020년 3월 31일 07시,화요일,충청남도 당진시 석문면,중상사고,0,2,2,0,차대차 - 측면충돌,신호위반,건조,맑음,교차로 - 교차로안,승용,남,57세,중상,승용,남,52세,중상
2020033100100084,2020년 3월 31일 08시,화요일,충청남도 천안시 동남구 봉명동,경상사고,0,0,1,0,차대차 - 기타,안전운전불이행,건조,맑음,단일로 - 기타,승합,남,59세,상해없음,화물,남,60세,경상
2020033100100112,2020년 3월 31일 09시,화요일,충청남도 서산시 음암면,중상사고,0,1,0,0,차대차 - 기타,교차로운행방법위반,건조,맑음,교차로 - 교차로안,화물,남,46세,상해없음,사륜오토바이(ATV),남,77세,중상
2020033100100113,2020년 3월 31일 09시,화요일,충청남도 태안군 원북면,중상사고,0,1,0,0,차대차 - 측면충돌,교차로운행방법위반,건조,맑음,교차로 - 교차로부근,농기계,남,72세,중상,농기계,남,44세,상해없음
2020033100100144,2020년 3월 31일 10시,화요일,충청남도 천안시 서북구 불당동,경상사고,0,0,1,0,차대차 - 기타,안전운전불이행,건조,맑음,교차로 - 교차로부근,승용,여,66세,경상,승용,남,68세,상해없음
2020033100100145,2020년 3월 31일 10시,화요일,충청남도 천안시 서북구 두정동,경상사고,0,0,1,0,차대차 - 추돌,안전운전불이행,건조,맑음,단일로 - 기타,화물,남,55세,상해없음,이륜,남,31세,경상
2020033100100146,2020년 3월 31일 10시,화요일,충청남도 아산시 음봉면,중상사고,0,1,0,0,차대차 - 기타,안전운전불이행,건조,맑음,교차로 - 교차로안,화물,남,56세,상해없음,이륜,남,68세,중상
2020033100100206,2020년 3월 31일 12시,화요일,충청남도 아산시 송악면,경상사고,0,0,1,0,차대차 - 정면충돌,기타,건조,맑음,단일로 - 기타,승용,남,57세,상해없음,승용,여,42세,상해없음
2020033100100239,2020년 3월 31일 13시,화요일,충청남도 천안시 서북구 성성동,경상사고,0,0,2,0,차대차 - 추돌,안전운전불이행,건조,맑음,교차로 - 교차로안,승합,남,50세,상해없음,승용,남,19세,경상
2020033100100299,2020년 3월 31일 15시,화요일,충청남도 당진시 송악읍,경상사고,0,0,1,0,차대차 - 기타,안전운전불이행,건조,맑음,기타 - 기타,이륜,남,52세,상해없음,이륜,여,70세,경상
2020033100100300,2020년 3월 31일 15시,화요일,충청남도 천안시 동남구 신방동,중상사고,0,1,0,0,차대차 - 정면충돌,안전운전불이행,건조,맑음,교차로 - 교차로안,자전거,남,78세,중상,승용,여,54세,상해없음
2020033100100383,2020년 3월 31일 17시,화요일,충청남도 아산시 신창면,중상사고,0,1,0,1,차대차 - 기타,안전운전불이행,건조,맑음,교차로 - 교차로안,승용,남,80세,부상신고,승용,남,59세,중상
2020033100100414,2020년 3월 31일 18시,화요일,충청남도 천안시 서북구 성성동,경상사고,0,0,1,0,차대차 - 측면충돌,안전거리미확보,건조,맑음,교차로 - 교차로부근,승용,남,61세,상해없음,승용,남,33세,경상
2020033100100415,2020년 3월 31일 18시,화요일,충청남도 보령시 대천동,중상사고,0,1,0,0,차대차 - 측면충돌,안전운전불이행,건조,맑음,단일로 - 기타,승용,여,42세,상해없음,이륜,남,58세,중상
2020033100100441,2020년 3월 31일 19시,화요일,충청남도 논산시 노성면,경상사고,0,0,1,0,차대차 - 추돌,안전운전불이행,건조,맑음,교차로 - 교차로부근,승용,남,58세,상해없음,승용,여,53세,경상
2020033100100472,2020년 3월 31일 20시,화요일,충청남도 금산군 금성면,사망사고,1,0,0,0,차대사람 - 횡단중,안전운전불이행,건조,맑음,단일로 - 기타,승용,남,41세,상해없음,보행자,남,80세,사망
2020033100100495,2020년 3월 31일 21시,화요일,충청남도 논산시 부창동,경상사고,0,0,1,0,차대차 - 추돌,안전운전불이행,건조,맑음,교차로 - 교차로부근,승용,남,60세,상해없음,승용,여,41세,경상
2020033100100532,2020년 3월 31일 23시,화요일,충청남도 서산시 동문동,경상사고,0,0,1,0,차량단독 - 공작물충돌,안전운전불이행,건조,맑음,교차로 - 교차로안,승용,남,47세,상해없음,,,,
2020040100100019,2020년 4월 1일 01시,수요일,충청남도 서산시 대산읍,중상사고,0,1,0,0,차대차 - 기타,안전운전불이행,건조,맑음,단일로 - 기타,승용,남,36세,상해없음,승용,여,41세,중상
2020040100100020,2020년 4월 1일 01시,수요일,충청남도 천안시 서북구 두정동,경상사고,0,0,1,0,차대사람 - 기타,안전운전불이행,건조,맑음,단일로 - 기타,승용,남,23세,상해없음,보행자,남,24세,경상
2020040100100056,2020년 4월 1일 06시,수요일,충청남도 천안시 서북구 두정동,경상사고,0,0,2,0,차대차 - 측면충돌,직진우회전진행방해,건조,맑음,교차로 - 교차로안,승용,남,57세,상해없음,승용,여,39세,경상
2020040100100057,2020년 4월 1일 06시,수요일,충청남도 아산시 음봉면,중상사고,0,1,2,0,차대차 - 추돌,안전운전불이행,건조,맑음,교차로 - 교차로부근,승용,여,40세,중상,승용,남,28세,경상
2020040100100058,2020년 4월 1일 06시,수요일,충청남도 공주시 검상동,사망사고,1,0,0,0,차량단독 - 전도전복 - 전도,안전운전불이행,건조,맑음,단일로 - 교량,이륜,여,61세,사망,,,,
2020040100100114,2020년 4월 1일 09시,수요일,충청남도 홍성군 광천읍,중상사고,0,2,0,0,차대차 - 측면충돌,안전운전불이행,건조,맑음,교차로 - 교차로안,승용,남,35세,상해없음,화물,남,64세,중상
2020040100100115,2020년 4월 1일 09시,수요일,충청남도 아산시 권곡동,중상사고,0,1,1,0,차대차 - 기타,안전운전불이행,건조,맑음,교차로 - 교차로안,승용,여,63세,상해없음,승용,남,49세,경상
2020040100100116,2020년 4월 1일 09시,수요일,충청남도 공주시 의당면,경상사고,0,0,1,0,차대차 - 측면충돌,신호위반,건조,맑음,교차로 - 교차로부근,승용,남,59세,상해없음,승용,여,57세,경상
2020040100100132,2020년 4월 1일 10시,수요일,충청남도 서산시 동문동,경상사고,0,0,1,0,차대차 - 측면충돌,교차로운행방법위반,건조,맑음,교차로 - 교차로안,화물,남,50세,상해없음,승용,여,62세,경상
2020040100100133,2020년 4월 1일 10시,수요일,충청남도 태안군 안면읍,중상사고,0,1,0,0,차대차 - 측면충돌,신호위반,건조,맑음,교차로 - 교차로안,승용,남,38세,상해없음,승용,남,67세,중상
2020040100100134,2020년 4월 1일 10시,수요일,충청남도 천안시 동남구 광덕면,경상사고,0,0,2,0,차대차 - 추돌,안전운전불이행,건조,맑음,단일로 - 터널,승용,남,42세,기타불명,승용,여,61세,경상
2020040100100161,2020년 4월 1일 11시,수요일,충청남도 아산시 풍기동,경상사고,0,0,2,0,차대차 - 기타,안전운전불이행,건조,맑음,교차로 - 교차로안,사륜오토바이(ATV),남,58세,경상,승용,여,49세,경상
2020040100100162,2020년 4월 1일 11시,수요일,충청남도 공주시 중학동,경상사고,0,0,1,0,차대차 - 측면충돌,안전운전불이행,건조,맑음,기타 - 기타,승용,여,60세,상해없음,이륜,남,76세,경상
2020040100100198,2020년 4월 1일 12시,수요일,충청남도 태안군 태안읍,경상사고,0,0,4,0,차대차 - 후진중충돌,안전운전불이행,건조,맑음,교차로 - 교차로부근,화물,남,23세,상해없음,승용,여,37세,경상
2020040100100252,2020년 4월 1일 14시,수요일,충청남도 서산시 읍내동,경상사고,0,0,1,0,차대차 - 측면충돌,안전운전불이행,건조,맑음,교차로 - 교차로안,승용,여,40세,상해없음,승용,남,44세,경상
2020040100100253,2020년 4월 1일 14시,수요일,충청남도 예산군 예산읍,중상사고,0,1,0,0,차대사람 - 기타,안전운전불이행,건조,맑음,교차로 - 교차로안,승용,여,59세,상해없음,보행자,남,42세,중상
2020040100100285,2020년 4월 1일 15시,수요일,충청남도 서산시 온석동,중상사고,0,1,0,0,차대차 - 측면충돌,차로위반,건조,맑음,교차로 - 교차로부근,승용,남,39세,상해없음,이륜,남,77세,중상
2020040100100286,2020년 4월 1일 15시,수요일,충청남도 논산시 가야곡면,중상사고,0,1,0,0,차대차 - 측면충돌,교차로운행방법위반,건조,맑음,교차로 - 교차로안,승용,남,22세,상해없음,승용,여,31세,중상
2020040100100287,2020년 4월 1일 15시,수요일,충청남도 논산시 관촉동,중상사고,0,1,1,0,차대차 - 측면충돌,중앙선침범,건조,맑음,단일로 - 기타,화물,남,55세,경상,화물,남,64세,중상
2020040100100288,2020년 4월 1일 15시,수요일,충청남도 보령시 궁촌동,중상사고,0,1,0,0,차대차 - 기타,안전운전불이행,건조,맑음,교차로 - 교차로안,승용,여,53세,상해없음,자전거,남,77세,중상
2020040100100289,2020년 4월 1일 15시,수요일,충청남도 보령시 주포면,경상사고,0,0,1,0,차대차 - 기타,신호위반,건조,맑음,교차로 - 교차로안,이륜,남,81세,상해없음,승용,여,43세,경상
2020040100100347,2020년 4월 1일 17시,수요일,충청남도 천안시 서북구 두정동,중상사고,0,1,0,0,차대차 - 측면충돌,안전운전불이행,건조,맑음,단일로 - 기타,승합,남,64세,상해없음,승용,남,37세,중상
2020040100100348,2020년 4월 1일 17시,수요일,충청남도 천안시 동남구 병천면,경상사고,0,0,2,0,차대차 - 기타,중앙선침범,건조,맑음,단일로 - 기타,화물,남,51세,상해없음,승용,남,46세,경상
2020040100100382,2020년 4월 1일 18시,수요일,충청남도 천안시 서북구 불당동,경상사고,0,0,1,0,차대사람 - 보도통행중,기타,건조,맑음,단일로 - 기타,원동기,남,24세,상해없음,보행자,남,33세,경상
2020040100100383,2020년 4월 1일 18시,수요일,충청남도 아산시 용화동,중상사고,0,1,0,0,차대사람 - 차도통행중,안전운전불이행,건조,맑음,단일로 - 기타,기타불명,기타불명,미분류,기타불명,보행자,여,19세,중상
2020040100100385,2020년 4월 1일 18시,수요일,충청남도 공주시 신관동,경상사고,0,0,1,0,차대차 - 측면충돌,안전운전불이행,건조,맑음,교차로 - 교차로안,이륜,남,23세,경상,승용,남,40세,상해없음
2020040100100427,2020년 4월 1일 19시,수요일,충청남도 당진시 신평면,경상사고,0,0,1,0,차대차 - 측면충돌,중앙선침범,건조,맑음,교차로 - 교차로부근,승용,남,25세,상해없음,승용,여,65세,경상
2020040100100490,2020년 4월 1일 21시,수요일,충청남도 천안시 동남구 신부동,경상사고,0,0,1,0,차대사람 - 횡단중,보행자보호의무위반,건조,맑음,단일로 - 기타,개인형이동수단(PM),기타불명,미분류,기타불명,보행자,여,15세,경상
2020040200100054,2020년 4월 2일 06시,목요일,충청남도 천안시 서북구 백석동,경상사고,0,0,1,0,차대차 - 추돌,안전운전불이행,건조,맑음,교차로 - 교차로안,승용,남,32세,상해없음,승용,남,57세,상해없음
2020040200100104,2020년 4월 2일 08시,목요일,충청남도 당진시 송악읍,경상사고,0,0,2,0,차대차 - 추돌,안전운전불이행,건조,맑음,단일로 - 기타,화물,남,47세,상해없음,화물,남,52세,경상
2020040200100129,2020년 4월 2일 09시,목요일,충청남도 서산시 석림동,경상사고,0,0,1,0,차대차 - 측면충돌,신호위반,건조,맑음,교차로 - 교차로안,승합,남,34세,상해없음,승용,여,49세,경상
2020040200100130,2020년 4월 2일 09시,목요일,충청남도 천안시 서북구 직산읍,경상사고,0,0,1,0,차대차 - 추돌,안전운전불이행,건조,맑음,기타 - 기타,승용,여,50세,상해없음,농기계,남,62세,경상
2020040200100156,2020년 4월 2일 10시,목요일,충청남도 공주시 주미동,경상사고,0,0,2,0,차대차 - 추돌,안전운전불이행,건조,맑음,교차로 - 교차로안,승용,남,38세,경상,승용,남,62세,경상
2020040200100193,2020년 4월 2일 11시,목요일,충청남도 서천군 서천읍,중상사고,0,1,0,0,차대사람 - 차도통행중,안전운전불이행,건조,맑음,단일로 - 기타,승용,남,81세,상해없음,보행자,여,70세,중상
2020040200100224,2020년 4월 2일 12시,목요일,충청남도 홍성군 홍성읍,경상사고,0,0,1,0,차대차 - 추돌,안전운전불이행,건조,맑음,단일로 - 기타,승용,남,31세,상해없음,승용,남,54세,경상
2020040200100327,2020년 4월 2일 15시,목요일,충청남도 금산군 군북면,경상사고,0,0,3,0,차대차 - 측면충돌,교차로운행방법위반,건조,맑음,교차로 - 교차로안,화물,남,72세,경상,승용,남,67세,경상
2020040200100328,2020년 4월 2일 15시,목요일,충청남도 태안군 원북면,경상사고,0,0,1,0,차량단독 - 기타,안전운전불이행,건조,맑음,단일로 - 기타,이륜,남,59세,경상,,,,
2020040200100355,2020년 4월 2일 16시,목요일,충청남도 천안시 서북구 백석동,경상사고,0,0,1,0,차대차 - 추돌,안전운전불이행,건조,맑음,기타 - 기타,승용,여,32세,상해없음,승용,여,42세,경상
2020040200100356,2020년 4월 2일 16시,목요일,충청남도 홍성군 홍성읍,경상사고,0,0,1,0,차대차 - 후진중충돌,안전운전불이행,건조,맑음,단일로 - 기타,화물,남,47세,상해없음,승용,남,22세,경상
2020040200100394,2020년 4월 2일 17시,목요일,충청남도 청양군 청양읍,중상사고,0,1,0,0,차대차 - 측면충돌,직진우회전진행방해,건조,맑음,교차로 - 교차로안,승용,여,31세,상해없음,이륜,남,71세,중상
2020040200100441,2020년 4월 2일 18시,목요일,충청남도 논산시 채운면,중상사고,0,1,0,0,차대차 - 측면충돌,중앙선침범,건조,맑음,단일로 - 교량,승용,남,66세,상해없음,승용,여,37세,중상
2020040200100442,2020년 4월 2일 18시,목요일,충청남도 계룡시 금암동,경상사고,0,0,6,0,차대차 - 추돌,안전운전불이행,건조,맑음,단일로 - 지하차도(도로)내,승용,여,46세,경상,승용,남,53세,경상
2020040200100486,2020년 4월 2일 19시,목요일,충청남도 천안시 서북구 직산읍,경상사고,0,0,1,0,차대차 - 측면충돌,안전운전불이행,건조,맑음,단일로 - 기타,승용,남,34세,상해없음,화물,남,64세,경상
2020040200100513,2020년 4월 2일 20시,목요일,충청남도 천안시 서북구 성정동,경상사고,0,0,1,0,차대차 - 측면충돌,직진우회전진행방해,건조,맑음,교차로 - 교차로안,승용,남,51세,상해없음,이륜,남,28세,경상
2020040200100536,2020년 4월 2일 21시,목요일,충청남도 천안시 서북구 쌍용동,경상사고,0,0,2,0,차대차 - 기타,차로위반,건조,맑음,단일로 - 기타,승합,남,60세,상해없음,승용,남,23세,경상
2020040200100556,2020년 4월 2일 22시,목요일,충청남도 논산시 내동,경상사고,0,0,1,0,차대차 - 측면충돌,안전운전불이행,건조,맑음,교차로 - 교차로안,이륜,남,26세,경상,승용,기타불명,미분류,기타불명