사고번호,사고일시,요일,시군구,사고내용,사망자수,중상자수,경상자수,부상신고자수,사고유형,법규위반,노면상태,기상상태,도로형태,가해운전자 차종,가해운전자 성별,가해운전자 연령,가해운전자 상해정도,피해운전자 차종,피해운전자 성별,피해운전자 연령,피해운전자 상해정도
2020040800100075,2020년 4월 8일 07시,수요일,충청남도 서산시 성연면,중상사고,0,1,1,0,차대차 - 추돌,안전거리미확보,건조,맑음,단일로 - 기타,승용,남,26세,상해없음,승용,남,30세,경상
2020040800100076,2020년 4월 8일 07시,수요일,충청남도 서산시 인지면,경상사고,0,0,1,0,차대차 - 추돌,직진우회전진행방해,건조,맑음,교차로 - 교차로안,승용,여,68세,경상,건설기계,남,52세,상해없음
2020040800100104,2020년 4월 8일 08시,수요일,충청남도 천안시 서북구 신당동,경상사고,0,0,1,1,차대차 - 측면충돌,안전운전불이행,건조,맑음,교차로 - 교차로부근,이륜,여,22세,부상신고,승용,남,68세,경상
2020040800100105,2020년 4월 8일 08시,수요일,충청남도 보령시 동대동,경상사고,0,0,1,0,차대차 - 측면충돌,안전운전불이행,건조,맑음,교차로 - 교차로안,승용,여,39세,상해없음,승용,여,47세,경상
2020040800100106,2020년 4월 8일 08시,수요일,충청남도 금산군 군북면,중상사고,0,1,1,0,차대차 - 기타,직진우회전진행방해,건조,맑음,교차로 - 교차로안,승용,여,49세,경상,농기계,남,71세,중상
2020040800100107,2020년 4월 8일 08시,수요일,충청남도 천안시 동남구 수신면,경상사고,0,0,1,0,차대차 - 정면충돌,교차로운행방법위반,건조,맑음,교차로 - 교차로부근,승용,여,19세,상해없음,화물,남,49세,경상
2020040800100108,2020년 4월 8일 08시,수요일,충청남도 천안시 동남구 용곡동,경상사고,0,0,1,0,차대차 - 기타,안전운전불이행,건조,맑음,교차로 - 교차로안,승용,여,66세,기타불명,승용,여,45세,경상
2020040800100167,2020년 4월 8일 10시,수요일,충청남도 서천군 서천읍,경상사고,0,0,1,0,차대사람 - 차도통행중,안전운전불이행,건조,맑음,교차로 - 교차로부근,승용,여,55세,상해없음,보행자,여,65세,경상
2020040800100201,2020년 4월 8일 11시,수요일,충청남도 서산시 지곡면,사망사고,1,0,0,0,차량단독 - 공작물충돌,안전운전불이행,건조,맑음,단일로 - 기타,사륜오토바이(ATV),여,79세,사망,,,,
2020040800100229,2020년 4월 8일 12시,수요일,충청남도 서산시 운산면,경상사고,0,0,1,0,차대차 - 추돌,안전운전불이행,건조,맑음,단일로 - 기타,승용,남,60세,상해없음,승용,남,61세,경상
2020040800100258,2020년 4월 8일 13시,수요일,충청남도 부여군 은산면,중상사고,0,2,3,0,차대차 - 측면충돌,신호위반,건조,맑음,교차로 - 교차로안,승용,여,63세,상해없음,승용,남,44세,경상
2020040800100283,2020년 4월 8일 14시,수요일,충청남도 서천군 서천읍,중상사고,0,1,0,0,차대사람 - 차도통행중,안전운전불이행,건조,맑음,교차로 - 교차로안,승용,여,18세,상해없음,보행자,여,61세,중상
2020040800100284,2020년 4월 8일 14시,수요일,충청남도 천안시 동남구 신부동,경상사고,0,0,3,1,차대차 - 측면충돌,안전운전불이행,건조,맑음,단일로 - 기타,승용,남,39세,경상,승용,여,37세,상해없음
2020040800100318,2020년 4월 8일 15시,수요일,충청남도 천안시 서북구 쌍용동,경상사고,0,0,1,0,차대차 - 기타,안전운전불이행,건조,맑음,단일로 - 기타,화물,남,58세,상해없음,자전거,여,55세,경상
2020040800100319,2020년 4월 8일 15시,수요일,충청남도 예산군 광시면,경상사고,0,0,1,0,차량단독 - 전도전복 - 전도,안전운전불이행,건조,맑음,단일로 - 기타,이륜,남,69세,경상,,,,
2020040800100393,2020년 4월 8일 17시,수요일,충청남도 서산시 대산읍,경상사고,0,0,2,0,차대차 - 측면충돌,안전거리미확보,건조,맑음,단일로 - 기타,승용,남,65세,상해없음,승용,남,35세,경상
2020040800100394,2020년 4월 8일 17시,수요일,충청남도 아산시 탕정면,경상사고,0,0,2,0,차대차 - 기타,안전운전불이행,건조,맑음,교차로 - 교차로안,승용,남,54세,상해없음,승용,여,57세,경상
2020040800100395,2020년 4월 8일 17시,수요일,충청남도 보령시 대천동,중상사고,0,1,0,0,차대사람 - 횡단중,안전운전불이행,건조,맑음,교차로 - 교차로횡단보도내,승용,여,62세,상해없음,보행자,여,80세,중상
2020040800100432,2020년 4월 8일 18시,수요일,충청남도 천안시 동남구 목천읍,경상사고,0,0,2,0,차대차 - 기타,불법유턴,건조,맑음,단일로 - 기타,화물,남,63세,상해없음,승합,남,38세,경상
2020040800100539,2020년 4월 8일 22시,수요일,충청남도 천안시 서북구 불당동,경상사고,0,0,2,0,차대차 - 추돌,안전운전불이행,건조,맑음,교차로 - 교차로부근,승용,남,32세,상해없음,승용,남,52세,경상
2020040900100094,2020년 4월 9일 08시,목요일,충청남도 천안시 서북구 성성동,경상사고,0,0,2,0,차대차 - 측면충돌,신호위반,건조,맑음,교차로 - 교차로안,화물,남,33세,경상,승용,여,56세,경상
2020040900100095,2020년 4월 9일 08시,목요일,충청남도 아산시 음봉면,중상사고,0,1,0,1,차대차 - 기타,안전운전불이행,건조,맑음,단일로 - 기타,승용,여,34세,부상신고,승용,남,28세,중상
2020040900100125,2020년 4월 9일 09시,목요일,충청남도 태안군 태안읍,경상사고,0,0,1,0,차대차 - 추돌,안전운전불이행,건조,맑음,교차로 - 교차로부근,화물,남,61세,상해없음,화물,여,57세,경상
2020040900100186,2020년 4월 9일 11시,목요일,충청남도 천안시 서북구 성거읍,경상사고,0,0,2,0,차대차 - 추돌,안전운전불이행,건조,맑음,단일로 - 기타,화물,남,59세,상해없음,화물,남,28세,경상
2020040900100187,2020년 4월 9일 11시,목요일,충청남도 부여군 부여읍,중상사고,0,1,0,0,차대차 - 측면충돌,안전운전불이행,건조,맑음,단일로 - 기타,자전거,여,64세,중상,승용,여,47세,상해없음
2020040900100254,2020년 4월 9일 13시,목요일,충청남도 천안시 서북구 신당동,경상사고,0,0,1,0,차대차 - 측면충돌,안전운전불이행,건조,맑음,단일로 - 기타,자전거,남,52세,경상,승용,여,50세,상해없음
2020040900100255,2020년 4월 9일 13시,목요일,충청남도 보령시 대천동,중상사고,0,1,0,0,차대사람 - 횡단중,안전운전불이행,건조,맑음,교차로 - 교차로안,승용,여,51세,상해없음,보행자,여,76세,중상
2020040900100285,2020년 4월 9일 14시,목요일,충청남도 당진시 시곡리,경상사고,0,0,1,0,차대차 - 측면충돌,안전거리미확보,건조,맑음,단일로 - 기타,화물,남,76세,상해없음,승용,남,26세,경상
2020040900100373,2020년 4월 9일 16시,목요일,충청남도 천안시 서북구 쌍용동,경상사고,0,0,1,0,차대차 - 추돌,안전운전불이행,건조,맑음,단일로 - 기타,승용,남,56세,상해없음,승용,남,42세,경상
2020040900100374,2020년 4월 9일 16시,목요일,충청남도 아산시 온천동,경상사고,0,0,1,0,차대차 - 기타,안전운전불이행,건조,맑음,교차로 - 교차로안,승용,남,22세,상해없음,원동기,남,29세,경상
2020040900100375,2020년 4월 9일 16시,목요일,충청남도 보령시 청라면,중상사고,0,1,0,0,차량단독 - 기타,안전운전불이행,건조,맑음,단일로 - 교량,농기계,남,77세,중상,,,,
2020040900100414,2020년 4월 9일 17시,목요일,충청남도 아산시 장존동,경상사고,0,0,1,0,차대차 - 측면충돌,안전운전불이행,건조,맑음,기타 - 기타,승합,남,45세,상해없음,승용,여,38세,경상
2020040900100449,2020년 4월 9일 18시,목요일,충청남도 천안시 서북구 차암동,경상사고,0,0,1,1,차대차 - 측면충돌,교차로운행방법위반,건조,맑음,교차로 - 교차로안,승용,남,57세,부상신고,승용,남,68세,경상
2020040900100450,2020년 4월 9일 18시,목요일,충청남도 천안시 동남구 삼룡동,중상사고,0,1,0,0,차대차 - 측면충돌,안전운전불이행,건조,맑음,단일로 - 기타,이륜,남,54세,중상,승용,남,30세,상해없음
2020040900100451,2020년 4월 9일 18시,목요일,충청남도 천안시 동남구 신방동,경상사고,0,0,1,0,차대차 - 측면충돌,안전운전불이행,건조,맑음,단일로 - 기타,자전거,남,18세,경상,승합,남,61세,상해없음
2020040900100518,2020년 4월 9일 20시,목요일,충청남도 천안시 서북구 불당동,부상신고사고,0,0,0,1,차대차 - 기타,안전운전불이행,건조,맑음,단일로 - 기타,이륜,남,37세,부상신고,승용,여,31세,상해없음
2020040900100519,2020년 4월 9일 20시,목요일,충청남도 당진시 석문면,중상사고,0,1,0,0,차대사람 - 차도통행중,안전운전불이행,건조,맑음,단일로 - 기타,화물,남,59세,상해없음,보행자,남,53세,중상
2020041000100105,2020년 4월 10일 08시,금요일,충청남도 논산시 지산동,경상사고,0,0,1,1,차대차 - 측면충돌,안전운전불이행,건조,맑음,단일로 - 기타,화물,여,47세,부상신고,승용,남,45세,경상
2020041000100106,2020년 4월 10일 08시,금요일,충청남도 보령시 명천동,경상사고,0,0,1,0,차대차 - 기타,신호위반,건조,맑음,교차로 - 교차로안,승용,남,71세,상해없음,승용,남,26세,경상
2020041000100107,2020년 4월 10일 08시,금요일,충청남도 태안군 태안읍,중상사고,0,1,0,0,차대사람 - 횡단중,보행자보호의무위반,건조,맑음,교차로 - 교차로안,화물,남,68세,상해없음,보행자,여,50세,중상
2020041000100131,2020년 4월 10일 09시,금요일,충청남도 서산시 성연면,경상사고,0,0,1,0,차대차 - 정면충돌,중앙선침범,건조,맑음,단일로 - 기타,승용,여,20세,상해없음,승용,남,26세,경상
2020041000100150,2020년 4월 10일 10시,금요일,충청남도 서산시 대산읍,중상사고,0,2,0,0,차대차 - 측면충돌,신호위반,건조,맑음,교차로 - 교차로안,화물,남,54세,상해없음,승용,남,59세,중상
2020041000100151,2020년 4월 10일 10시,금요일,충청남도 공주시 옥룡동,중상사고,0,1,0,0,차대차 - 측면충돌,차로위반,건조,맑음,단일로 - 기타,승용,여,43세,상해없음,이륜,남,70세,중상
2020041000100260,2020년 4월 10일 13시,금요일,충청남도 계룡시 금암동,경상사고,0,0,1,0,차대차 - 측면충돌,신호위반,건조,맑음,교차로 - 교차로안,승용,남,23세,상해없음,승용,여,25세,경상
2020041000100289,2020년 4월 10일 14시,금요일,충청남도 천안시 서북구 불당동,경상사고,0,0,1,0,차대차 - 측면충돌,신호위반,건조,맑음,교차로 - 교차로안,승용,남,47세,상해없음,화물,남,52세,경상
2020041000100290,2020년 4월 10일 14시,금요일,충청남도 천안시 서북구 불당동,경상사고,0,0,1,0,차대차 - 측면충돌,직진우회전진행방해,건조,맑음,교차로 - 교차로안,승용,여,47세,상해없음,승용,남,31세,경상
2020041000100291,2020년 4월 10일 14시,금요일,충청남도 보령시 궁촌동,중상사고,0,1,0,0,차대차 - 측면충돌,안전운전불이행,건조,맑음,교차로 - 교차로안,승용,남,44세,상해없음,자전거,남,51세,중상
2020041000100367,2020년 4월 10일 16시,금요일,충청남도 공주시 정안면,중상사고,0,1,0,0,차대차 - 추돌,안전운전불이행,건조,맑음,단일로 - 터널,화물,남,41세,상해없음,농기계,남,62세,중상
2020041000100368,2020년 4월 10일 16시,금요일,충청남도 논산시 양촌면,경상사고,0,0,1,0,차대차 - 추돌,안전운전불이행,건조,맑음,단일로 - 기타,화물,남,61세,상해없음,승용,남,27세,경상
2020041000100428,2020년 4월 10일 18시,금요일,충청남도 천안시 서북구 성환읍,중상사고,0,1,0,1,차대차 - 측면충돌,안전운전불이행,건조,맑음,교차로 - 교차로안,화물,남,71세,부상신고,화물,남,60세,중상
2020041000100429,2020년 4월 10일 18시,금요일,충청남도 아산시 도고면,사망사고,1,0,0,0,차량단독 - 공작물충돌,안전운전불이행,건조,맑음,단일로 - 기타,승용,남,51세,사망,,,,
2020041000100503,2020년 4월 10일 20시,금요일,충청남도 보령시 웅천읍,부상신고사고,0,0,0,1,차량단독 - 공작물충돌,안전운전불이행,건조,맑음,단일로 - 기타,화물,남,59세,부상신고,,,,
2020041000100531,2020년 4월 10일 21시,금요일,충청남도 당진시 석문면,경상사고,0,0,1,0,차대차 - 추돌,안전운전불이행,건조,맑음,기타 - 기타,승용,남,55세,상해없음,승용,남,38세,경상
2020041100100079,2020년 4월 11일 07시,토요일,충청남도 홍성군 홍성읍,중상사고,0,2,0,0,차대차 - 측면충돌,안전운전불이행,건조,맑음,교차로 - 교차로안,화물,남,29세,상해없음,승용,남,52세,중상
2020041100100080,2020년 4월 11일 07시,토요일,충청남도 청양군 청양읍,경상사고,0,0,2,0,차대차 - 측면충돌,직진우회전진행방해,건조,맑음,교차로 - 교차로안,승용,남,42세,경상,화물,남,70세,상해없음
2020041100100081,2020년 4월 11일 07시,토요일,충청남도 천안시 동남구 구성동,경상사고,0,0,1,0,차대차 - 기타,안전운전불이행,건조,맑음,교차로 - 교차로안,승용,남,59세,상해없음,승용,여,29세,경상
2020041100100099,2020년 4월 11일 08시,토요일,충청남도 천안시 서북구 성정동,경상사고,0,0,2,0,차대차 - 측면충돌,안전운전불이행,건조,맑음,교차로 - 교차로부근,승용,여,42세,상해없음,승용,여,50세,경상
2020041100100115,2020년 4월 11일 09시,토요일,충청남도 천안시 동남구 삼룡동,경상사고,0,0,1,0,차대차 - 측면충돌,차로위반,건조,맑음,단일로 - 기타,화물,남,37세,상해없음,승용,남,46세,경상
2020041100100140,2020년 4월 11일 10시,토요일,충청남도 당진시 합덕읍,중상사고,0,1,0,0,차대사람 - 차도통행중,안전운전불이행,건조,맑음,단일로 - 기타,승용,여,60세,상해없음,보행자,여,58세,중상
2020041100100171,2020년 4월 11일 11시,토요일,충청남도 당진시 대덕리,경상사고,0,0,1,0,차대차 - 측면충돌,안전운전불이행,건조,흐림,단일로 - 기타,승용,남,68세,상해없음,승용,여,54세,경상
2020041100100239,2020년 4월 11일 13시,토요일,충청남도 천안시 서북구 쌍용동,부상신고사고,0,0,0,2,차대차 - 기타,안전운전불이행,건조,맑음,주차장 - 주차장,승용,남,69세,상해없음,승용,여,37세,부상신고
2020041100100281,2020년 4월 11일 14시,토요일,충청남도 천안시 동남구 문화동,경상사고,0,0,1,0,차대차 - 측면충돌,중앙선침범,건조,맑음,단일로 - 기타,승용,남,65세,상해없음,승용,여,58세,경상
2020041100100315,2020년 4월 11일 15시,토요일,충청남도 서천군 서천읍,경상사고,0,0,1,0,차대차 - 측면충돌,직진우회전진행방해,건조,맑음,교차로 - 교차로안,원동기,남,64세,경상,승용,여,63세,상해없음
2020041100100316,2020년 4월 11일 15시,토요일,충청남도 천안시 동남구 신부동,경상사고,0,0,1,0,차대사람 - 기타,안전운전불이행,건조,맑음,단일로 - 기타,승용,여,61세,상해없음,보행자,남,57세,경상
2020041100100351,2020년 4월 11일 16시,토요일,충청남도 서산시 지곡면,중상사고,0,1,0,0,차대차 - 측면충돌,차로위반,건조,맑음,교차로 - 교차로부근,승용,남,71세,상해없음,승용,남,23세,중상
2020041100100352,2020년 4월 11일 16시,토요일,충청남도 논산시 취암동,경상사고,0,0,1,0,차대차 - 측면충돌,안전운전불이행,건조,맑음,교차로 - 교차로안,이륜,남,16세,경상,승용,남,39세,상해없음
2020041100100353,2020년 4월 11일 16시,토요일,충청남도 천안시 동남구 삼룡동,경상사고,0,0,1,0,차대차 - 측면충돌,안전운전불이행,건조,맑음,교차로 - 교차로안,승용,여,75세,상해없음,승용,여,45세,경상
2020041100100387,2020년 4월 11일 17시,토요일,충청남도 천안시 서북구 성정동,중상사고,0,1,0,0,차대차 - 측면충돌,신호위반,건조,맑음,교차로 - 교차로안,승용,남,24세,상해없음,이륜,남,26세,중상
2020041100100388,2020년 4월 11일 17시,토요일,충청남도 천안시 동남구 신방동,경상사고,0,0,1,0,차대차 - 측면충돌,신호위반,건조,맑음,단일로 - 기타,승용,여,21세,상해없음,화물,남,40세,경상
2020041100100427,2020년 4월 11일 18시,토요일,충청남도 천안시 서북구 불당동,경상사고,0,0,2,0,차대차 - 측면충돌,안전운전불이행,건조,맑음,주차장 - 주차장,승용,여,38세,상해없음,승용,남,49세,경상
2020041100100463,2020년 4월 11일 19시,토요일,충청남도 계룡시 신도안면,경상사고,0,0,1,0,차대차 - 측면충돌,안전운전불이행,건조,맑음,교차로 - 교차로안,개인형이동수단(PM),남,23세,경상,승용,남,53세,상해없음
2020041100100487,2020년 4월 11일 20시,토요일,충청남도 홍성군 광천읍,중상사고,0,1,0,0,차대사람 - 횡단중,보행자보호의무위반,건조,맑음,교차로 - 교차로횡단보도내,승용,남,46세,상해없음,보행자,남,57세,중상
2020041100100488,2020년 4월 11일 20시,토요일,충청남도 홍성군 홍북읍,중상사고,0,1,1,0,차대차 - 측면충돌,안전운전불이행,건조,맑음,단일로 - 기타,승용,여,51세,상해없음,원동기,남,17세,중상
2020041100100519,2020년 4월 11일 21시,토요일,충청남도 예산군 봉산면,경상사고,0,0,1,0,차대차 - 추돌,안전운전불이행,건조,맑음,단일로 - 기타,이륜,여,65세,경상,농기계,남,51세,기타불명
2020041100100549,2020년 4월 11일 22시,토요일,충청남도 홍성군 광천읍,경상사고,0,0,1,0,차대사람 - 길가장자리구역통행중,안전운전불이행,건조,맑음,단일로 - 기타,이륜,남,57세,상해없음,보행자,남,38세,경상
2020041100100568,2020년 4월 11일 23시,토요일,충청남도 천안시 서북구 두정동,경상사고,0,0,1,0,차대사람 - 길가장자리구역통행중,안전운전불이행,건조,맑음,단일로 - 기타,승용,남,18세,상해없음,보행자,남,53세,경상
2020041200100006,2020년 4월 12일 00시,일요일,충청남도 보령시 신흑동,중상사고,0,1,0,0,차대사람 - 기타,안전운전불이행,건조,맑음,단일로 - 기타,승용,남,22세,상해없음,보행자,남,32세,중상
2020041200100024,2020년 4월 12일 01시,일요일,충청남도 천안시 동남구 풍세면,중상사고,0,1,4,0,차대차 - 정면충돌,안전운전불이행,건조,맑음,기타 - 기타,승용,여,48세,상해없음,승용,남,41세,경상
2020041200100045,2020년 4월 12일 03시,일요일,충청남도 천안시 서북구 두정동,경상사고,0,0,1,0,차대사람 - 기타,안전운전불이행,건조,맑음,단일로 - 기타,승용,남,27세,기타불명,보행자,남,25세,경상
2020041200100067,2020년 4월 12일 05시,일요일,충청남도 서산시 대산읍,사망사고,1,0,0,0,차량단독 - 공작물충돌,안전운전불이행,건조,맑음,교차로 - 교차로안,승용,남,27세,사망,,,,
2020041200100068,2020년 4월 12일 05시,일요일,충청남도 서천군 비인면,경상사고,0,0,1,0,차량단독 - 전도전복 - 전복,안전운전불이행,건조,맑음,단일로 - 기타,승용,여,33세,경상,,,,
2020041200100101,2020년 4월 12일 09시,일요일,충청남도 천안시 서북구 두정동,경상사고,0,0,1,0,차대차 - 측면충돌,안전운전불이행,건조,맑음,교차로 - 교차로안,승용,남,38세,상해없음,승용,남,63세,경상
2020041200100164,2020년 4월 12일 12시,일요일,충청남도 아산시 용화동,경상사고,0,0,1,0,차대차 - 기타,안전운전불이행,건조,맑음,단일로 - 기타,승용,남,29세,상해없음,이륜,남,17세,경상
2020041200100165,2020년 4월 12일 12시,일요일,충청남도 당진시 송악읍,경상사고,0,0,1,0,차대사람 - 횡단중,안전운전불이행,건조,맑음,단일로 - 기타,승용,남,30세,기타불명,보행자,여,3세,경상
2020041200100209,2020년 4월 12일 14시,일요일,충청남도 천안시 동남구 목천읍,경상사고,0,0,2,0,차대차 - 기타,신호위반,건조,맑음,교차로 - 교차로안,승용,여,31세,상해없음,승용,남,21세,경상
2020041200100270,2020년 4월 12일 16시,일요일,충청남도 천안시 서북구 성정동,중상사고,0,1,0,0,차대차 - 측면충돌,안전거리미확보,건조,맑음,교차로 - 교차로안,이륜,남,55세,중상,승용,남,35세,상해없음
2020041200100271,2020년 4월 12일 16시,일요일,충청남도 천안시 서북구 백석동,중상사고,0,1,2,0,차대차 - 측면충돌,안전거리미확보,건조,맑음,단일로 - 기타,승용,남,23세,경상,승용,남,52세,경상
2020041200100272,2020년 4월 12일 16시,일요일,충청남도 아산시 배방읍,중상사고,0,1,0,0,차대차 - 기타,안전운전불이행,건조,맑음,교차로 - 교차로안,화물,남,51세,상해없음,승용,남,26세,중상
2020041200100273,2020년 4월 12일 16시,일요일,충청남도 당진시 시곡리,경상사고,0,0,2,0,차대차 - 추돌,안전운전불이행,건조,맑음,단일로 - 기타,승용,남,61세,상해없음,승용,남,34세,경상
2020041200100296,2020년 4월 12일 17시,일요일,충청남도 당진시 대호지면,경상사고,0,0,2,0,차대차 - 추돌,안전운전불이행,건조,맑음,교차로 - 교차로부근,승용,남,44세,경상,화물,남,82세,경상
2020041200100315,2020년 4월 12일 18시,일요일,충청남도 청양군 장평면,중상사고,0,1,0,0,차량단독 - 도로외이탈 - 추락,안전운전불이행,건조,맑음,기타 - 기타,사륜오토바이(ATV),남,37세,중상,,,,
2020041200100316,2020년 4월 12일 18시,일요일,충청남도 천안시 동남구 원성동,경상사고,0,0,3,0,차대차 - 측면충돌,차로위반,건조,맑음,교차로 - 교차로부근,화물,여,61세,경상,승용,남,39세,경상
2020041200100345,2020년 4월 12일 19시,일요일,충청남도 아산시 득산동,경상사고,0,0,1,0,차대사람 - 기타,안전운전불이행,건조,맑음,교차로 - 교차로부근,승용,남,43세,상해없음,보행자,남,52세,경상
2020041200100372,2020년 4월 12일 20시,일요일,충청남도 당진시 우강면,경상사고,0,0,1,3,차대차 - 측면충돌,교차로운행방법위반,건조,맑음,교차로 - 교차로안,승용,남,47세,상해없음,승합,남,55세,부상신고
2020041200100413,2020년 4월 12일 22시,일요일,충청남도 서산시 석림동,중상사고,0,1,0,0,차대차 - 추돌,안전운전불이행,건조,맑음,교차로 - 교차로안,승용,남,35세,상해없음,승용,남,45세,중상
2020041200100427,2020년 4월 12일 23시,일요일,충청남도 천안시 서북구 두정동,경상사고,0,0,1,0,차대차 - 측면충돌,안전운전불이행,건조,맑음,단일로 - 기타,승용,남,37세,상해없음,이륜,남,20세,경상
2020041300100021,2020년 4월 13일 04시,월요일,충청남도 천안시 서북구 쌍용동,경상사고,0,0,1,0,차대차 - 측면충돌,신호위반,건조,맑음,교차로 - 교차로안,승용,남,40세,상해없음,승용,여,48세,경상
2020041300100048,2020년 4월 13일 07시,월요일,충청남도 홍성군 홍성읍,중상사고,0,1,0,0,차대차 - 측면충돌,안전운전불이행,건조,맑음,교차로 - 교차로안,승용,남,23세,상해없음,이륜,남,73세,중상
2020041300100049,2020년 4월 13일 07시,월요일,충청남도 천안시 동남구 광덕면,중상사고,0,3,1,0,차대차 - 추돌,안전운전불이행,건조,맑음,단일로 - 기타,승용,남,32세,상해없음,승용,여,36세,중상
2020041300100076,2020년 4월 13일 08시,월요일,충청남도 서산시 동문동,부상신고사고,0,0,0,1,차대차 - 후진중충돌,안전운전불이행,건조,맑음,단일로 - 기타,기타불명,기타불명,미분류,기타불명,자전거,남,72세,부상신고
2020041300100077,2020년 4월 13일 08시,월요일,충청남도 아산시 둔포면,중상사고,0,1,2,0,차대차 - 기타,신호위반,건조,맑음,교차로 - 교차로안,승용,여,42세,경상,승용,여,47세,경상
2020041300100078,2020년 4월 13일 08시,월요일,충청남도 당진시 신평면,경상사고,0,0,1,0,차대차 - 측면충돌,안전운전불이행,건조,맑음,단일로 - 기타,화물,남,61세,상해없음,승용,남,44세,경상
2020041300100142,2020년 4월 13일 10시,월요일,충청남도 천안시 서북구 쌍용동,부상신고사고,0,0,0,1,차대차 - 측면충돌,안전운전불이행,건조,맑음,단일로 - 기타,자전거,남,10세,부상신고,화물,여,49세,상해없음
2020041300100174,2020년 4월 13일 11시,월요일,충청남도 서천군 서천읍,경상사고,0,0,1,0,차대차 - 측면충돌,중앙선침범,건조,맑음,단일로 - 기타,이륜,남,72세,경상,화물,남,68세,상해없음
2020041300100205,2020년 4월 13일 12시,월요일,충청남도 서산시 예천동,경상사고,0,0,1,0,차대차 - 측면충돌,안전운전불이행,건조,맑음,교차로 - 교차로부근,이륜,남,40세,상해없음,자전거,여,73세,경상
2020041300100206,2020년 4월 13일 12시,월요일,충청남도 당진시 송악읍,중상사고,0,1,1,0,차대차 - 기타,안전운전불이행,건조,맑음,교차로 - 교차로안,승용,여,60세,상해없음,농기계,남,71세,경상
2020041300100243,2020년 4월 13일 13시,월요일,충청남도 부여군 부여읍,경상사고,0,0,1,0,차대차 - 기타,안전운전불이행,건조,맑음,단일로 - 기타,자전거,남,25세,경상,승용,남,59세,상해없음
2020041300100303,2020년 4월 13일 15시,월요일,충청남도 논산시 관촉동,경상사고,0,0,1,0,차대차 - 측면충돌,안전운전불이행,건조,맑음,교차로 - 교차로부근,승용,남,50세,상해없음,승용,남,55세,경상
2020041300100304,2020년 4월 13일 15시,월요일,충청남도 예산군 삽교읍,중상사고,0,1,0,0,차대사람 - 차도통행중,안전운전불이행,건조,맑음,단일로 - 기타,이륜,남,68세,기타불명,보행자,여,78세,중상
2020041300100388,2020년 4월 13일 17시,월요일,충청남도 태안군 안면읍,경상사고,0,0,1,0,차대사람 - 기타,안전운전불이행,건조,맑음,기타 - 기타,승용,남,66세,상해없음,보행자,남,58세,경상
2020041300100389,2020년 4월 13일 17시,월요일,충청남도 태안군 안면읍,중상사고,0,1,1,0,차대차 - 측면충돌,안전운전불이행,건조,맑음,교차로 - 교차로안,승용,여,22세,상해없음,승용,남,64세,중상
2020041300100435,2020년 4월 13일 18시,월요일,충청남도 천안시 서북구 불당동,경상사고,0,0,1,0,차대차 - 측면충돌,교차로운행방법위반,건조,맑음,교차로 - 교차로안,승용,남,34세,상해없음,승용,여,40세,경상
2020041300100477,2020년 4월 13일 19시,월요일,충청남도 예산군 오가면,경상사고,0,0,2,0,차대차 - 추돌,안전운전불이행,건조,맑음,교차로 - 교차로부근,승용,남,40세,상해없음,승용,남,51세,경상
2020041300100478,2020년 4월 13일 19시,월요일,충청남도 당진시 읍내리,경상사고,0,0,3,0,차대차 - 측면충돌,신호위반,건조,맑음,교차로 - 교차로안,승용,여,52세,상해없음,승용,여,38세,경상
2020041300100479,2020년 4월 13일 19시,월요일,충청남도 천안시 동남구 청수동,경상사고,0,0,1,0,차대차 - 추돌,안전운전불이행,건조,맑음,교차로 - 교차로부근,승용,남,19세,상해없음,승용,남,25세,경상
2020041300100559,2020년 4월 13일 21시,월요일,충청남도 태안군 원북면,중상사고,0,1,0,0,차대차 - 측면충돌,중앙선침범,건조,맑음,기타 - 기타,승용,남,58세,상해없음,승용,남,42세,중상
2020041300100579,2020년 4월 13일 22시,월요일,충청남도 당진시 송악읍,경상사고,0,0,3,0,차대차 - 추돌,안전운전불이행,건조,맑음,교차로 - 교차로부근,승용,남,35세,기타불명,승용,여,39세,경상
2020041300100580,2020년 4월 13일 22시,월요일,충청남도 천안시 동남구 목천읍,경상사고,0,0,1,0,차대사람 - 기타,안전운전불이행,건조,맑음,주차장 - 주차장,승용,남,59세,상해없음,보행자,남,39세,경상
2020041400100066,2020년 4월 14일 07시,화요일,충청남도 천안시 동남구 수신면,경상사고,0,0,1,0,차대차 - 추돌,안전운전불이행,건조,맑음,기타 - 기타,화물,남,51세,상해없음,승용,남,71세,상해없음
2020041400100095,2020년 4월 14일 08시,화요일,충청남도 천안시 서북구 성정동,중상사고,0,1,1,0,차대차 - 측면충돌,신호위반,건조,맑음,교차로 - 교차로안,특수,남,27세,상해없음,승용,남,34세,경상
2020041400100126,2020년 4월 14일 09시,화요일,충청남도 공주시 유구읍,경상사고,0,0,1,0,차대차 - 추돌,안전운전불이행,건조,맑음,교차로 - 교차로부근,화물,남,51세,상해없음,이륜,남,83세,경상
2020041400100127,2020년 4월 14일 09시,화요일,충청남도 예산군 고덕면,경상사고,0,0,1,0,차대차 - 기타,안전운전불이행,건조,맑음,교차로 - 교차로안,화물,남,31세,상해없음,이륜,남,60세,경상
2020041400100152,2020년 4월 14일 10시,화요일,충청남도 예산군 예산읍,중상사고,0,1,1,0,차대차 - 측면충돌,중앙선침범,건조,맑음,단일로 - 기타,화물,남,61세,상해없음,이륜,남,83세,경상