사고번호,사고일시,요일,시군구,사고내용,사망자수,중상자수,경상자수,부상신고자수,사고유형,법규위반,노면상태,기상상태,도로형태,가해운전자 차종,가해운전자 성별,가해운전자 연령,가해운전자 상해정도,피해운전자 차종,피해운전자 성별,피해운전자 연령,피해운전자 상해정도
2020041400100178,2020년 4월 14일 11시,화요일,충청남도 서산시 부석면,중상사고,0,2,6,0,차대차 - 추돌,안전거리미확보,건조,맑음,교차로 - 교차로부근,화물,남,69세,상해없음,승용,남,71세,경상
2020041400100179,2020년 4월 14일 11시,화요일,충청남도 공주시 유구읍,중상사고,0,1,2,0,차대차 - 추돌,안전운전불이행,건조,맑음,교차로 - 교차로부근,화물,남,64세,경상,승용,남,65세,경상
2020041400100180,2020년 4월 14일 11시,화요일,충청남도 천안시 동남구 삼룡동,경상사고,0,0,1,0,차대차 - 측면충돌,중앙선침범,건조,맑음,기타 - 기타,승용,여,49세,상해없음,이륜,남,50세,경상
2020041400100181,2020년 4월 14일 11시,화요일,충청남도 천안시 동남구 삼룡동,중상사고,0,1,2,0,차대차 - 추돌,안전거리미확보,건조,맑음,단일로 - 터널,승용,남,15세,상해없음,화물,남,60세,중상
2020041400100182,2020년 4월 14일 11시,화요일,충청남도 태안군 태안읍,사망사고,1,0,0,0,차대사람 - 횡단중,안전운전불이행,건조,맑음,교차로 - 교차로안,승용,여,56세,상해없음,보행자,여,88세,사망
2020041400100215,2020년 4월 14일 12시,화요일,충청남도 천안시 서북구 성정동,부상신고사고,0,0,0,1,차대사람 - 기타,안전운전불이행,건조,맑음,단일로 - 기타,승용,남,26세,상해없음,보행자,남,25세,부상신고
2020041400100216,2020년 4월 14일 12시,화요일,충청남도 천안시 서북구 직산읍,중상사고,0,2,1,0,차대차 - 추돌,안전운전불이행,건조,맑음,단일로 - 기타,화물,남,26세,경상,승용,여,53세,중상
2020041400100217,2020년 4월 14일 12시,화요일,충청남도 공주시 신관동,경상사고,0,0,1,0,차대사람 - 기타,기타,건조,맑음,단일로 - 기타,승용,여,43세,상해없음,보행자,여,29세,경상
2020041400100218,2020년 4월 14일 12시,화요일,충청남도 천안시 동남구 광덕면,경상사고,0,0,1,0,차대차 - 기타,안전운전불이행,건조,맑음,단일로 - 기타,건설기계,남,59세,상해없음,화물,남,68세,상해없음
2020041400100310,2020년 4월 14일 15시,화요일,충청남도 아산시 온천동,경상사고,0,0,2,0,차대차 - 기타,안전운전불이행,건조,맑음,교차로 - 교차로부근,승용,남,69세,상해없음,승용,여,52세,경상
2020041400100344,2020년 4월 14일 16시,화요일,충청남도 천안시 동남구 광덕면,경상사고,0,0,2,0,차대차 - 측면충돌,안전운전불이행,건조,맑음,단일로 - 기타,승용,남,50세,상해없음,승용,남,57세,경상
2020041400100487,2020년 4월 14일 19시,화요일,충청남도 아산시 실옥동,경상사고,0,0,1,0,차대차 - 측면충돌,신호위반,건조,맑음,교차로 - 교차로안,승용,여,34세,상해없음,승용,남,53세,경상
2020041400100488,2020년 4월 14일 19시,화요일,충청남도 아산시 음봉면,경상사고,0,0,5,0,차대차 - 추돌,안전운전불이행,건조,맑음,단일로 - 기타,승용,여,53세,상해없음,승용,남,48세,경상
2020041400100489,2020년 4월 14일 19시,화요일,충청남도 당진시 원당리,중상사고,0,1,0,0,차대차 - 정면충돌,중앙선침범,건조,맑음,단일로 - 기타,승용,남,50세,상해없음,이륜,남,63세,중상
2020041400100517,2020년 4월 14일 20시,화요일,충청남도 천안시 동남구 신방동,경상사고,0,0,2,0,차대차 - 측면충돌,중앙선침범,건조,맑음,단일로 - 기타,승용,남,38세,상해없음,승합,남,49세,경상
2020041400100545,2020년 4월 14일 21시,화요일,충청남도 홍성군 결성면,경상사고,0,0,1,0,차대사람 - 길가장자리구역통행중,안전운전불이행,건조,맑음,단일로 - 기타,승용,남,77세,상해없음,보행자,남,27세,경상
2020041400100546,2020년 4월 14일 21시,화요일,충청남도 천안시 동남구 원성동,경상사고,0,0,3,0,차대차 - 추돌,안전운전불이행,건조,맑음,교차로 - 교차로부근,승용,남,58세,상해없음,승용,여,30세,경상
2020041400100568,2020년 4월 14일 22시,화요일,충청남도 서천군 마서면,중상사고,0,4,1,0,차대차 - 추돌,안전운전불이행,건조,맑음,단일로 - 기타,승용,남,37세,중상,특수,남,50세,경상
2020041400100593,2020년 4월 14일 23시,화요일,충청남도 천안시 서북구 성정동,중상사고,0,1,0,0,차대사람 - 기타,안전운전불이행,건조,맑음,교차로 - 교차로부근,이륜,남,45세,상해없음,보행자,남,40세,중상
2020041400100594,2020년 4월 14일 23시,화요일,충청남도 아산시 배방읍,중상사고,0,1,0,0,차대차 - 추돌,중앙선침범,건조,맑음,교차로 - 교차로안,승용,남,30세,상해없음,승용,남,36세,중상
2020041500100027,2020년 4월 15일 01시,수요일,충청남도 홍성군 홍북읍,경상사고,0,0,1,0,차대차 - 측면충돌,신호위반,건조,맑음,교차로 - 교차로안,승용,남,52세,상해없음,승용,남,34세,경상
2020041500100129,2020년 4월 15일 10시,수요일,충청남도 보령시 죽정동,경상사고,0,0,1,0,차대사람 - 보도통행중,신호위반,건조,맑음,기타 - 기타,이륜,남,35세,상해없음,보행자,남,7세,경상
2020041500100179,2020년 4월 15일 12시,수요일,충청남도 태안군 안면읍,중상사고,0,1,0,0,차량단독 - 공작물충돌,기타,건조,맑음,교차로 - 교차로부근,승용,남,59세,상해없음,,,,
2020041500100276,2020년 4월 15일 15시,수요일,충청남도 아산시 신창면,사망사고,1,0,0,0,차대차 - 측면충돌,신호위반,건조,맑음,교차로 - 교차로부근,승용,여,37세,상해없음,원동기,남,71세,사망
2020041500100277,2020년 4월 15일 15시,수요일,충청남도 당진시 송악읍,중상사고,0,1,3,5,차대차 - 측면충돌,신호위반,건조,맑음,교차로 - 교차로안,승용,여,47세,상해없음,승합,남,53세,경상
2020041500100278,2020년 4월 15일 15시,수요일,충청남도 태안군 안면읍,중상사고,0,1,0,0,차량단독 - 공작물충돌,안전운전불이행,건조,맑음,단일로 - 기타,이륜,남,77세,중상,,,,
2020041500100367,2020년 4월 15일 18시,수요일,충청남도 공주시 의당면,경상사고,0,0,1,0,차대차 - 측면충돌,안전운전불이행,건조,맑음,교차로 - 교차로안,화물,남,37세,상해없음,자전거,남,9세,경상
2020041500100420,2020년 4월 15일 20시,수요일,충청남도 아산시 배방읍,중상사고,0,2,2,0,차대차 - 추돌,안전운전불이행,건조,맑음,교차로 - 교차로부근,승용,여,44세,상해없음,승용,남,50세,중상
2020041500100442,2020년 4월 15일 21시,수요일,충청남도 아산시 염치읍,사망사고,1,0,0,0,차대사람 - 차도통행중,안전운전불이행,건조,맑음,단일로 - 기타,승용,남,40세,상해없음,보행자,남,80세,사망
2020041500100475,2020년 4월 15일 23시,수요일,충청남도 아산시 음봉면,중상사고,0,1,3,0,차대차 - 측면충돌,신호위반,건조,맑음,교차로 - 교차로안,승용,여,20세,경상,승용,남,25세,중상
2020041600100015,2020년 4월 16일 01시,목요일,충청남도 서산시 동문동,경상사고,0,0,2,0,차대차 - 측면충돌,신호위반,건조,맑음,교차로 - 교차로안,승용,여,37세,상해없음,승용,남,22세,경상
2020041600100016,2020년 4월 16일 01시,목요일,충청남도 서산시 읍내동,경상사고,0,0,1,0,차대차 - 측면충돌,직진우회전진행방해,건조,맑음,교차로 - 교차로안,승용,남,27세,상해없음,승용,남,46세,경상
2020041600100017,2020년 4월 16일 01시,목요일,충청남도 당진시 석문면,중상사고,0,1,0,0,차대차 - 추돌,안전운전불이행,건조,맑음,단일로 - 기타,화물,남,59세,중상,건설기계,남,45세,상해없음
2020041600100048,2020년 4월 16일 06시,목요일,충청남도 천안시 서북구 부대동,경상사고,0,0,1,0,차대차 - 측면충돌,안전운전불이행,건조,맑음,교차로 - 교차로안,화물,남,79세,상해없음,승용,남,42세,경상
2020041600100058,2020년 4월 16일 07시,목요일,충청남도 천안시 서북구 성정동,경상사고,0,0,4,0,차대차 - 측면충돌,안전운전불이행,건조,맑음,교차로 - 교차로부근,승용,남,62세,상해없음,승용,남,30세,경상
2020041600100085,2020년 4월 16일 08시,목요일,충청남도 아산시 배방읍,경상사고,0,0,1,0,차대차 - 추돌,안전운전불이행,건조,맑음,단일로 - 기타,승용,남,29세,상해없음,승용,남,30세,경상
2020041600100103,2020년 4월 16일 09시,목요일,충청남도 천안시 서북구 성정동,경상사고,0,0,2,0,차대차 - 측면충돌,안전거리미확보,건조,맑음,교차로 - 교차로부근,승용,남,58세,상해없음,이륜,남,40세,경상
2020041600100104,2020년 4월 16일 09시,목요일,충청남도 천안시 서북구 성정동,경상사고,0,0,2,0,차대차 - 기타,중앙선침범,건조,맑음,교차로 - 교차로부근,승용,남,27세,상해없음,승용,남,63세,경상
2020041600100105,2020년 4월 16일 09시,목요일,충청남도 논산시 지산동,경상사고,0,0,1,0,차대차 - 기타,안전운전불이행,건조,맑음,교차로 - 교차로안,승용,남,38세,상해없음,승용,남,36세,경상
2020041600100127,2020년 4월 16일 10시,목요일,충청남도 당진시 신평면,중상사고,0,1,1,0,차대차 - 추돌,교차로운행방법위반,건조,맑음,교차로 - 교차로안,건설기계,남,50세,경상,화물,남,75세,중상
2020041600100155,2020년 4월 16일 11시,목요일,충청남도 서천군 장항읍,경상사고,0,0,1,0,차대차 - 기타,안전운전불이행,건조,맑음,단일로 - 기타,승용,여,60세,상해없음,자전거,여,82세,경상
2020041600100176,2020년 4월 16일 12시,목요일,충청남도 계룡시 엄사면,경상사고,0,0,1,0,차대차 - 추돌,안전운전불이행,건조,맑음,교차로 - 교차로부근,화물,남,67세,경상,화물,남,51세,상해없음
2020041600100207,2020년 4월 16일 13시,목요일,충청남도 서천군 장항읍,중상사고,0,2,1,0,차대차 - 측면충돌,과속,건조,맑음,교차로 - 교차로안,화물,남,58세,중상,승용,남,62세,중상
2020041600100238,2020년 4월 16일 14시,목요일,충청남도 아산시 배방읍,중상사고,0,1,0,0,차대차 - 기타,안전운전불이행,건조,맑음,교차로 - 교차로안,승용,남,25세,상해없음,이륜,남,45세,중상
2020041600100279,2020년 4월 16일 15시,목요일,충청남도 서산시 지곡면,경상사고,0,0,3,0,차대차 - 기타,안전운전불이행,건조,맑음,교차로 - 교차로안,승용,여,29세,상해없음,승용,남,67세,상해없음
2020041600100280,2020년 4월 16일 15시,목요일,충청남도 서천군 비인면,경상사고,0,0,3,0,차대차 - 측면충돌,중앙선침범,건조,맑음,교차로 - 교차로부근,승용,남,42세,상해없음,화물,남,52세,경상
2020041600100281,2020년 4월 16일 15시,목요일,충청남도 당진시 고대면,경상사고,0,0,1,0,차대차 - 기타,안전운전불이행,건조,맑음,기타 - 기타,특수,남,63세,상해없음,승용,여,53세,경상
2020041600100418,2020년 4월 16일 19시,목요일,충청남도 천안시 서북구 백석동,사망사고,1,0,0,0,차대사람 - 횡단중,안전운전불이행,건조,맑음,단일로 - 기타,승용,남,67세,상해없음,보행자,여,73세,사망
2020041600100451,2020년 4월 16일 20시,목요일,충청남도 천안시 서북구 백석동,경상사고,0,0,1,0,차대차 - 측면충돌,안전운전불이행,건조,맑음,단일로 - 기타,승용,여,27세,상해없음,승용,남,53세,경상
2020041600100483,2020년 4월 16일 21시,목요일,충청남도 서천군 장항읍,경상사고,0,0,1,0,차대사람 - 기타,안전운전불이행,건조,맑음,단일로 - 기타,승용,남,39세,상해없음,보행자,여,49세,경상
2020041600100518,2020년 4월 16일 23시,목요일,충청남도 당진시 시곡리,경상사고,0,0,2,0,차대차 - 기타,안전운전불이행,건조,맑음,기타 - 기타,승용,남,41세,상해없음,승용,여,23세,경상
2020041700100045,2020년 4월 17일 05시,금요일,충청남도 당진시 송악읍,중상사고,0,1,0,0,차대사람 - 기타,안전운전불이행,젖음/습기,비,기타 - 기타,화물,남,51세,상해없음,보행자,남,62세,중상
2020041700100084,2020년 4월 17일 08시,금요일,충청남도 천안시 서북구 쌍용동,중상사고,0,1,0,0,차대차 - 측면충돌,안전운전불이행,젖음/습기,흐림,단일로 - 기타,화물,남,32세,상해없음,이륜,남,18세,중상
2020041700100136,2020년 4월 17일 10시,금요일,충청남도 홍성군 장곡면,경상사고,0,0,2,0,차대차 - 측면충돌,안전운전불이행,건조,맑음,교차로 - 교차로안,승용,남,63세,경상,승용,남,28세,경상
2020041700100161,2020년 4월 17일 11시,금요일,충청남도 당진시 석문면,사망사고,1,1,0,0,차대차 - 측면충돌,신호위반,건조,맑음,교차로 - 교차로안,화물,남,72세,사망,승용,남,31세,중상
2020041700100220,2020년 4월 17일 13시,금요일,충청남도 홍성군 홍성읍,경상사고,0,0,1,0,차대사람 - 차도통행중,안전운전불이행,건조,맑음,단일로 - 기타,승용,여,55세,상해없음,보행자,남,15세,경상
2020041700100221,2020년 4월 17일 13시,금요일,충청남도 보령시 오천면,중상사고,0,1,0,0,차대차 - 기타,안전운전불이행,건조,맑음,단일로 - 기타,이륜,여,44세,중상,건설기계,남,52세,상해없음
2020041700100222,2020년 4월 17일 13시,금요일,충청남도 금산군 금산읍,경상사고,0,0,1,0,차대사람 - 기타,안전운전불이행,건조,맑음,단일로 - 기타,승용,남,62세,상해없음,보행자,여,83세,경상
2020041700100285,2020년 4월 17일 15시,금요일,충청남도 천안시 서북구 성거읍,경상사고,0,0,1,0,차대차 - 측면충돌,신호위반,건조,맑음,교차로 - 교차로안,승용,여,64세,상해없음,승용,남,60세,경상
2020041700100319,2020년 4월 17일 16시,금요일,충청남도 예산군 예산읍,경상사고,0,0,1,0,차대차 - 기타,안전운전불이행,건조,맑음,교차로 - 교차로안,승용,남,26세,상해없음,자전거,남,64세,경상
2020041700100389,2020년 4월 17일 18시,금요일,충청남도 홍성군 홍북읍,중상사고,0,1,1,0,차대차 - 측면충돌,신호위반,건조,맑음,교차로 - 교차로안,이륜,남,16세,중상,승용,남,29세,경상
2020041700100421,2020년 4월 17일 19시,금요일,충청남도 천안시 서북구 쌍용동,중상사고,0,1,0,0,차대사람 - 차도통행중,안전운전불이행,건조,맑음,기타 - 기타,승용,남,42세,상해없음,보행자,여,22세,중상
2020041700100477,2020년 4월 17일 21시,금요일,충청남도 천안시 서북구 입장면,중상사고,0,1,0,0,차대차 - 측면충돌,중앙선침범,건조,맑음,기타 - 기타,승용,남,68세,상해없음,화물,남,62세,중상
2020041700100478,2020년 4월 17일 21시,금요일,충청남도 천안시 서북구 백석동,경상사고,0,0,4,0,차대차 - 측면충돌,안전운전불이행,건조,맑음,교차로 - 교차로안,승용,여,47세,경상,승용,남,25세,경상
2020041700100479,2020년 4월 17일 21시,금요일,충청남도 보령시 명천동,중상사고,0,1,0,0,차대차 - 기타,안전운전불이행,건조,맑음,교차로 - 교차로안,승용,남,31세,상해없음,이륜,남,63세,중상
2020041700100480,2020년 4월 17일 21시,금요일,충청남도 천안시 동남구 다가동,경상사고,0,0,1,0,차대차 - 측면충돌,신호위반,건조,맑음,교차로 - 교차로안,승용,여,25세,상해없음,승용,남,61세,경상
2020041700100506,2020년 4월 17일 22시,금요일,충청남도 아산시 온천동,중상사고,0,1,0,0,차대차 - 기타,신호위반,건조,맑음,교차로 - 교차로안,승용,남,58세,상해없음,승용,남,56세,중상
2020041700100507,2020년 4월 17일 22시,금요일,충청남도 보령시 동대동,경상사고,0,0,1,0,차대차 - 기타,교차로운행방법위반,건조,맑음,교차로 - 교차로안,승용,남,52세,상해없음,이륜,남,17세,경상
2020041700100508,2020년 4월 17일 22시,금요일,충청남도 공주시 신관동,경상사고,0,0,1,0,차대차 - 추돌,안전운전불이행,건조,맑음,교차로 - 교차로부근,승용,여,32세,상해없음,승용,남,60세,경상
2020041800100012,2020년 4월 18일 00시,토요일,충청남도 서산시 수석동,중상사고,0,1,0,0,차대차 - 추돌,안전운전불이행,건조,흐림,교차로 - 교차로부근,승용,남,51세,상해없음,승용,남,46세,중상
2020041800100030,2020년 4월 18일 02시,토요일,충청남도 보령시 명천동,경상사고,0,0,1,0,차대차 - 측면충돌,신호위반,젖음/습기,비,교차로 - 교차로안,승용,남,16세,상해없음,승용,남,54세,경상
2020041800100031,2020년 4월 18일 02시,토요일,충청남도 천안시 동남구 오룡동,중상사고,0,1,0,0,차대사람 - 길가장자리구역통행중,안전운전불이행,건조,맑음,단일로 - 기타,승용,남,23세,상해없음,보행자,남,16세,중상
2020041800100042,2020년 4월 18일 03시,토요일,충청남도 천안시 서북구 두정동,경상사고,0,0,1,0,차대차 - 기타,안전운전불이행,건조,맑음,교차로 - 교차로안,승용,남,40세,상해없음,승용,남,42세,경상
2020041800100066,2020년 4월 18일 06시,토요일,충청남도 아산시 풍기동,중상사고,0,2,2,1,차대차 - 기타,신호위반,건조,맑음,교차로 - 교차로안,승용,남,24세,상해없음,승합,남,51세,경상
2020041800100067,2020년 4월 18일 06시,토요일,충청남도 아산시 온천동,경상사고,0,0,1,0,차대차 - 기타,안전운전불이행,건조,맑음,교차로 - 교차로안,화물,남,64세,상해없음,승용,여,69세,경상
2020041800100081,2020년 4월 18일 07시,토요일,충청남도 천안시 서북구 성정동,중상사고,0,1,0,0,차대차 - 측면충돌,안전운전불이행,건조,맑음,단일로 - 기타,승용,남,28세,상해없음,이륜,남,27세,중상
2020041800100121,2020년 4월 18일 09시,토요일,충청남도 천안시 서북구 쌍용동,중상사고,0,1,2,0,차대차 - 측면충돌,신호위반,건조,맑음,교차로 - 교차로부근,승용,여,52세,상해없음,승용,남,60세,중상
2020041800100122,2020년 4월 18일 09시,토요일,충청남도 천안시 동남구 신방동,중상사고,0,1,0,0,차대차 - 측면충돌,중앙선침범,건조,맑음,교차로 - 교차로부근,승용,남,65세,기타불명,승용,여,63세,중상
2020041800100147,2020년 4월 18일 10시,토요일,충청남도 천안시 서북구 두정동,경상사고,0,0,3,0,차대차 - 추돌,안전거리미확보,건조,맑음,단일로 - 기타,승용,남,68세,상해없음,승용,남,22세,경상
2020041800100213,2020년 4월 18일 12시,토요일,충청남도 당진시 송악읍,경상사고,0,0,3,0,차대차 - 추돌,안전거리미확보,건조,맑음,단일로 - 기타,건설기계,남,45세,상해없음,승용,남,47세,경상
2020041800100244,2020년 4월 18일 13시,토요일,충청남도 천안시 서북구 백석동,경상사고,0,0,1,0,차대차 - 측면충돌,안전운전불이행,건조,맑음,교차로 - 교차로안,승용,남,27세,상해없음,승용,남,28세,경상
2020041800100276,2020년 4월 18일 14시,토요일,충청남도 천안시 서북구 성정동,경상사고,0,0,1,0,차대사람 - 기타,안전운전불이행,건조,맑음,단일로 - 기타,승용,남,48세,상해없음,보행자,남,25세,경상
2020041800100322,2020년 4월 18일 15시,토요일,충청남도 서산시 성연면,경상사고,0,0,2,0,차대차 - 추돌,안전운전불이행,건조,맑음,교차로 - 교차로안,승용,여,21세,상해없음,승용,남,56세,경상
2020041800100323,2020년 4월 18일 15시,토요일,충청남도 천안시 서북구 입장면,경상사고,0,0,1,0,차대차 - 측면충돌,안전거리미확보,건조,맑음,단일로 - 기타,승용,남,78세,상해없음,이륜,남,37세,경상
2020041800100324,2020년 4월 18일 15시,토요일,충청남도 천안시 동남구 신부동,경상사고,0,0,1,0,차대차 - 측면충돌,교차로운행방법위반,건조,맑음,교차로 - 교차로안,승용,여,42세,상해없음,승용,남,33세,경상
2020041800100355,2020년 4월 18일 16시,토요일,충청남도 천안시 동남구 성남면,경상사고,0,0,1,0,차대차 - 추돌,안전운전불이행,건조,맑음,단일로 - 기타,승용,남,42세,상해없음,승용,남,62세,상해없음
2020041800100427,2020년 4월 18일 18시,토요일,충청남도 천안시 서북구 성거읍,경상사고,0,0,1,0,차대사람 - 기타,안전운전불이행,건조,맑음,단일로 - 기타,화물,남,69세,상해없음,보행자,남,61세,경상
2020041800100448,2020년 4월 18일 19시,토요일,충청남도 공주시 신풍면,경상사고,0,0,2,0,차대차 - 추돌,안전운전불이행,건조,맑음,교차로 - 교차로부근,화물,남,78세,기타불명,승용,남,48세,경상
2020041800100449,2020년 4월 18일 19시,토요일,충청남도 천안시 동남구 목천읍,사망사고,1,0,0,0,차대차 - 추돌,안전운전불이행,건조,맑음,단일로 - 기타,이륜,남,44세,사망,건설기계,남,60세,상해없음
2020041800100476,2020년 4월 18일 20시,토요일,충청남도 논산시 취암동,경상사고,0,0,1,0,차대차 - 측면충돌,신호위반,건조,맑음,교차로 - 교차로안,이륜,남,47세,경상,승용,남,20세,상해없음
2020041800100477,2020년 4월 18일 20시,토요일,충청남도 천안시 동남구 신부동,경상사고,0,0,1,0,차대차 - 추돌,안전거리미확보,건조,맑음,단일로 - 기타,이륜,남,42세,기타불명,이륜,남,27세,경상
2020041800100496,2020년 4월 18일 21시,토요일,충청남도 천안시 동남구 봉명동,경상사고,0,0,1,0,차대차 - 측면충돌,안전운전불이행,건조,맑음,단일로 - 기타,화물,남,52세,상해없음,승용,여,43세,경상
2020041800100512,2020년 4월 18일 22시,토요일,충청남도 보령시 동대동,경상사고,0,0,1,0,차대차 - 측면충돌,중앙선침범,건조,맑음,교차로 - 교차로부근,승용,남,25세,상해없음,승용,여,48세,경상
2020041800100539,2020년 4월 18일 23시,토요일,충청남도 서산시 예천동,경상사고,0,0,2,0,차대차 - 추돌,안전운전불이행,건조,맑음,교차로 - 교차로안,승용,남,43세,상해없음,승용,남,30세,경상
2020041900100009,2020년 4월 19일 00시,일요일,충청남도 논산시 취암동,중상사고,0,1,0,0,차대사람 - 기타,안전운전불이행,건조,맑음,단일로 - 기타,승용,남,22세,상해없음,보행자,여,26세,중상
2020041900100037,2020년 4월 19일 01시,일요일,충청남도 천안시 동남구 원성동,부상신고사고,0,0,0,1,차량단독 - 기타,안전운전불이행,건조,맑음,단일로 - 기타,기타불명,남,25세,부상신고,,,,
2020041900100071,2020년 4월 19일 07시,일요일,충청남도 금산군 금산읍,중상사고,0,1,0,0,차대사람 - 횡단중,보행자보호의무위반,건조,흐림,교차로 - 교차로횡단보도내,승용,여,58세,상해없음,보행자,여,82세,중상
2020041900100085,2020년 4월 19일 09시,일요일,충청남도 아산시 배방읍,경상사고,0,0,1,0,차대차 - 정면충돌,중앙선침범,건조,맑음,단일로 - 기타,승용,남,60세,상해없음,승용,남,50세,경상
2020041900100109,2020년 4월 19일 11시,일요일,충청남도 태안군 안면읍,중상사고,0,1,1,0,차대차 - 추돌,안전운전불이행,젖음/습기,흐림,단일로 - 기타,승합,남,56세,상해없음,승용,여,49세,중상
2020041900100128,2020년 4월 19일 12시,일요일,충청남도 서천군 서면,경상사고,0,0,4,0,차대차 - 정면충돌,안전운전불이행,젖음/습기,비,단일로 - 기타,승합,남,70세,경상,승용,남,46세,상해없음
2020041900100129,2020년 4월 19일 12시,일요일,충청남도 태안군 남면,경상사고,0,0,5,0,차대차 - 추돌,안전운전불이행,젖음/습기,흐림,단일로 - 기타,승용,남,69세,상해없음,승용,남,62세,경상
2020041900100150,2020년 4월 19일 13시,일요일,충청남도 논산시 내동,경상사고,0,0,1,0,차대사람 - 기타,안전운전불이행,젖음/습기,비,교차로 - 교차로안,이륜,남,22세,상해없음,보행자,남,7세,경상
2020041900100151,2020년 4월 19일 13시,일요일,충청남도 보령시 요암동,경상사고,0,0,1,0,차대사람 - 보도통행중,안전운전불이행,건조,맑음,단일로 - 기타,자전거,여,72세,상해없음,보행자,남,75세,경상
2020041900100152,2020년 4월 19일 13시,일요일,충청남도 보령시 천북면,중상사고,0,2,1,0,차대차 - 기타,안전운전불이행,젖음/습기,비,기타 - 기타,이륜,여,66세,경상,승합,남,28세,상해없음
2020041900100178,2020년 4월 19일 14시,일요일,충청남도 천안시 서북구 쌍용동,경상사고,0,0,1,0,차대차 - 측면충돌,중앙선침범,젖음/습기,비,단일로 - 기타,승용,남,24세,상해없음,이륜,남,29세,경상
2020041900100202,2020년 4월 19일 15시,일요일,충청남도 아산시 모종동,경상사고,0,0,1,0,차대사람 - 기타,안전운전불이행,건조,맑음,기타 - 기타,승용,여,54세,상해없음,보행자,남,63세,경상
2020041900100227,2020년 4월 19일 16시,일요일,충청남도 아산시 도고면,중상사고,0,2,2,0,차대차 - 정면충돌,안전운전불이행,젖음/습기,비,단일로 - 기타,화물,남,74세,상해없음,승용,남,42세,중상
2020041900100228,2020년 4월 19일 16시,일요일,충청남도 예산군 삽교읍,중상사고,0,1,3,0,차대차 - 측면충돌,신호위반,젖음/습기,흐림,교차로 - 교차로안,화물,남,68세,상해없음,승용,남,22세,경상
2020041900100251,2020년 4월 19일 17시,일요일,충청남도 서산시 석림동,경상사고,0,0,1,0,차대차 - 기타,교차로운행방법위반,젖음/습기,비,교차로 - 교차로안,승용,남,20세,상해없음,이륜,남,24세,경상
2020041900100271,2020년 4월 19일 18시,일요일,충청남도 서산시 운산면,경상사고,0,0,1,0,차대차 - 측면충돌,안전거리미확보,젖음/습기,비,단일로 - 기타,승용,남,54세,상해없음,승용,남,31세,경상
2020041900100272,2020년 4월 19일 18시,일요일,충청남도 천안시 서북구 성정동,중상사고,0,1,0,0,차대사람 - 횡단중,안전운전불이행,젖음/습기,비,단일로 - 기타,승용,남,49세,상해없음,보행자,남,51세,중상
2020041900100273,2020년 4월 19일 18시,일요일,충청남도 청양군 화성면,중상사고,0,2,1,0,차대차 - 측면충돌,안전운전불이행,젖음/습기,비,단일로 - 기타,승용,남,65세,경상,승용,남,41세,중상
2020041900100274,2020년 4월 19일 18시,일요일,충청남도 천안시 동남구 청당동,경상사고,0,0,1,0,차대차 - 측면충돌,안전운전불이행,젖음/습기,비,교차로 - 교차로부근,승용,남,46세,상해없음,이륜,남,19세,경상
2020041900100340,2020년 4월 19일 20시,일요일,충청남도 천안시 서북구 쌍용동,경상사고,0,0,3,0,차대차 - 추돌,안전운전불이행,젖음/습기,비,단일로 - 기타,승용,남,51세,상해없음,승용,남,26세,경상
2020041900100341,2020년 4월 19일 20시,일요일,충청남도 아산시 실옥동,경상사고,0,0,1,1,차대차 - 측면충돌,신호위반,젖음/습기,흐림,교차로 - 교차로안,이륜,남,17세,부상신고,화물,남,49세,경상
2020041900100374,2020년 4월 19일 21시,일요일,충청남도 당진시 읍내리,경상사고,0,0,1,0,차대사람 - 길가장자리구역통행중,안전운전불이행,젖음/습기,비,교차로 - 교차로부근,승용,남,57세,상해없음,보행자,남,60세,경상
2020041900100375,2020년 4월 19일 21시,일요일,충청남도 천안시 동남구 신부동,중상사고,0,1,0,0,차대사람 - 기타,안전운전불이행,건조,맑음,단일로 - 기타,승용,남,65세,상해없음,보행자,여,59세,중상
2020042000100025,2020년 4월 20일 03시,월요일,충청남도 천안시 서북구 두정동,중상사고,0,1,0,0,차대사람 - 기타,안전운전불이행,건조,맑음,단일로 - 기타,승용,여,25세,상해없음,보행자,남,36세,중상
2020042000100036,2020년 4월 20일 05시,월요일,충청남도 아산시 탕정면,경상사고,0,0,1,0,차대차 - 기타,중앙선침범,건조,맑음,단일로 - 기타,승용,여,25세,상해없음,승용,남,38세,경상
2020042000100084,2020년 4월 20일 08시,월요일,충청남도 서천군 장항읍,경상사고,0,0,3,0,차대차 - 측면충돌,안전운전불이행,건조,맑음,교차로 - 교차로안,승용,남,55세,경상,승용,여,45세,경상
2020042000100085,2020년 4월 20일 08시,월요일,충청남도 공주시 옥룡동,경상사고,0,0,1,0,차대차 - 측면충돌,안전운전불이행,건조,맑음,교차로 - 교차로안,승용,여,37세,상해없음,승용,여,36세,경상
2020042000100112,2020년 4월 20일 09시,월요일,충청남도 부여군 부여읍,중상사고,0,1,0,0,차대차 - 기타,중앙선침범,건조,맑음,단일로 - 기타,자전거,남,83세,중상,화물,남,73세,상해없음
2020042000100139,2020년 4월 20일 10시,월요일,충청남도 천안시 서북구 성정동,경상사고,0,0,1,0,차대차 - 측면충돌,신호위반,건조,맑음,교차로 - 교차로부근,승용,여,38세,상해없음,승용,남,37세,경상