사고번호,사고일시,요일,시군구,사고내용,사망자수,중상자수,경상자수,부상신고자수,사고유형,법규위반,노면상태,기상상태,도로형태,가해운전자 차종,가해운전자 성별,가해운전자 연령,가해운전자 상해정도,피해운전자 차종,피해운전자 성별,피해운전자 연령,피해운전자 상해정도
2020042600100128,2020년 4월 26일 10시,일요일,충청남도 천안시 서북구 쌍용동,경상사고,0,0,1,0,차대차 - 후진중충돌,안전운전불이행,건조,맑음,교차로 - 교차로부근,화물,남,62세,상해없음,승용,남,65세,경상
2020042600100218,2020년 4월 26일 14시,일요일,충청남도 공주시 반포면,중상사고,0,1,0,0,차대차 - 정면충돌,안전운전불이행,건조,맑음,단일로 - 기타,승용,여,61세,상해없음,이륜,남,53세,중상
2020042600100249,2020년 4월 26일 15시,일요일,충청남도 공주시 유구읍,경상사고,0,0,1,0,차대차 - 정면충돌,중앙선침범,건조,맑음,단일로 - 기타,화물,남,66세,상해없음,승합,여,54세,경상
2020042600100250,2020년 4월 26일 15시,일요일,충청남도 태안군 근흥면,경상사고,0,0,1,0,차대차 - 측면충돌,안전운전불이행,건조,맑음,단일로 - 기타,원동기,남,86세,경상,승용,남,41세,상해없음
2020042600100287,2020년 4월 26일 16시,일요일,충청남도 당진시 신평면,경상사고,0,0,4,1,차대차 - 기타,기타,건조,맑음,기타 - 기타,승용,남,30세,부상신고,승용,남,31세,경상
2020042600100288,2020년 4월 26일 16시,일요일,충청남도 태안군 안면읍,중상사고,0,1,0,0,차대차 - 측면충돌,안전운전불이행,건조,맑음,단일로 - 기타,승용,남,38세,상해없음,이륜,남,68세,중상
2020042600100289,2020년 4월 26일 16시,일요일,충청남도 태안군 소원면,부상신고사고,0,0,0,1,차대사람 - 횡단중,안전운전불이행,건조,맑음,단일로 - 기타,승용,남,55세,상해없음,보행자,남,1세,부상신고
2020042600100324,2020년 4월 26일 17시,일요일,충청남도 천안시 서북구 백석동,경상사고,0,0,3,0,차대차 - 추돌,안전운전불이행,건조,맑음,단일로 - 기타,승용,남,35세,경상,승용,남,43세,경상
2020042600100325,2020년 4월 26일 17시,일요일,충청남도 논산시 취암동,중상사고,0,1,0,0,차대차 - 측면충돌,불법유턴,건조,맑음,단일로 - 기타,원동기,남,83세,중상,이륜,남,18세,상해없음
2020042600100326,2020년 4월 26일 17시,일요일,충청남도 아산시 음봉면,경상사고,0,0,1,0,차대차 - 기타,안전운전불이행,건조,맑음,교차로 - 교차로부근,승용,남,23세,상해없음,승용,남,26세,경상
2020042600100402,2020년 4월 26일 20시,일요일,충청남도 서천군 비인면,경상사고,0,0,3,0,차대차 - 추돌,신호위반,건조,맑음,단일로 - 기타,승용,여,61세,상해없음,승용,남,49세,경상
2020042600100429,2020년 4월 26일 21시,일요일,충청남도 보령시 동대동,경상사고,0,0,2,0,차대차 - 추돌,안전운전불이행,건조,맑음,교차로 - 교차로부근,승용,남,47세,상해없음,승용,여,28세,경상
2020042700100005,2020년 4월 27일 00시,월요일,충청남도 천안시 동남구 봉명동,경상사고,0,0,2,0,차대차 - 기타,신호위반,건조,맑음,교차로 - 교차로안,승용,남,49세,상해없음,승용,남,32세,상해없음
2020042700100032,2020년 4월 27일 05시,월요일,충청남도 태안군 근흥면,중상사고,0,1,0,0,차대차 - 측면충돌,중앙선침범,건조,맑음,단일로 - 기타,화물,남,28세,상해없음,승용,남,35세,중상
2020042700100091,2020년 4월 27일 08시,월요일,충청남도 천안시 서북구 부대동,경상사고,0,0,1,0,차대차 - 측면충돌,교차로운행방법위반,건조,맑음,교차로 - 교차로안,기타불명,기타불명,미분류,기타불명,승용,여,51세,경상
2020042700100092,2020년 4월 27일 08시,월요일,충청남도 공주시 산성동,경상사고,0,0,1,0,차대사람 - 횡단중,안전운전불이행,건조,맑음,교차로 - 교차로부근,승용,남,53세,상해없음,보행자,남,80세,경상
2020042700100151,2020년 4월 27일 10시,월요일,충청남도 보령시 신흑동,경상사고,0,0,2,0,차대차 - 측면충돌,신호위반,건조,맑음,교차로 - 교차로안,승용,여,68세,경상,화물,남,42세,경상
2020042700100152,2020년 4월 27일 10시,월요일,충청남도 천안시 동남구 청당동,경상사고,0,0,1,0,차대사람 - 기타,안전운전불이행,건조,맑음,주차장 - 주차장,승용,남,78세,상해없음,보행자,남,25세,경상
2020042700100185,2020년 4월 27일 11시,월요일,충청남도 계룡시 엄사면,경상사고,0,0,1,0,차대차 - 추돌,안전운전불이행,건조,맑음,교차로 - 교차로부근,승용,남,75세,상해없음,승용,여,27세,경상
2020042700100186,2020년 4월 27일 11시,월요일,충청남도 서천군 장항읍,경상사고,0,0,1,0,차대차 - 측면충돌,안전운전불이행,건조,맑음,교차로 - 교차로안,승용,남,43세,상해없음,자전거,여,82세,경상
2020042700100187,2020년 4월 27일 11시,월요일,충청남도 태안군 태안읍,중상사고,0,1,1,0,차대차 - 측면충돌,차로위반,건조,맑음,기타 - 기타,승용,여,64세,상해없음,승용,남,73세,중상
2020042700100188,2020년 4월 27일 11시,월요일,충청남도 태안군 태안읍,경상사고,0,0,1,0,차대차 - 후진중충돌,안전운전불이행,건조,맑음,교차로 - 교차로안,승용,남,50세,상해없음,승용,남,51세,경상
2020042700100221,2020년 4월 27일 12시,월요일,충청남도 천안시 서북구 직산읍,사망사고,1,0,1,0,차대차 - 정면충돌,신호위반,건조,맑음,단일로 - 기타,이륜,남,82세,사망,화물,남,62세,경상
2020042700100333,2020년 4월 27일 15시,월요일,충청남도 아산시 권곡동,경상사고,0,0,1,0,차대차 - 추돌,안전운전불이행,건조,맑음,단일로 - 기타,화물,남,70세,상해없음,승용,남,23세,경상
2020042700100334,2020년 4월 27일 15시,월요일,충청남도 태안군 소원면,경상사고,0,0,2,0,차대차 - 추돌,안전운전불이행,건조,맑음,교차로 - 교차로안,승용,남,75세,상해없음,승용,여,57세,경상
2020042700100374,2020년 4월 27일 16시,월요일,충청남도 천안시 서북구 쌍용동,경상사고,0,0,1,0,차대차 - 추돌,안전운전불이행,건조,맑음,단일로 - 기타,승용,여,42세,상해없음,승용,여,53세,경상
2020042700100375,2020년 4월 27일 16시,월요일,충청남도 서천군 장항읍,경상사고,0,0,1,0,차대차 - 측면충돌,신호위반,건조,맑음,교차로 - 교차로안,승용,남,23세,상해없음,승용,여,63세,경상
2020042700100424,2020년 4월 27일 17시,월요일,충청남도 아산시 선장면,경상사고,0,0,1,0,차대차 - 측면충돌,직진우회전진행방해,건조,맑음,교차로 - 교차로안,승용,남,40세,상해없음,승용,남,47세,경상
2020042700100425,2020년 4월 27일 17시,월요일,충청남도 당진시 읍내리,중상사고,0,1,0,0,차대차 - 측면충돌,안전거리미확보,건조,맑음,단일로 - 교량,승용,남,17세,상해없음,이륜,남,50세,중상
2020042700100461,2020년 4월 27일 18시,월요일,충청남도 보령시 대천동,중상사고,0,1,0,0,차대차 - 기타,안전운전불이행,건조,맑음,단일로 - 기타,승용,남,71세,상해없음,승용,여,28세,중상
2020042700100462,2020년 4월 27일 18시,월요일,충청남도 공주시 신관동,경상사고,0,0,1,0,차대사람 - 기타,안전운전불이행,건조,맑음,주차장 - 주차장,승용,여,59세,상해없음,보행자,남,49세,경상
2020042700100570,2020년 4월 27일 21시,월요일,충청남도 당진시 수청리,경상사고,0,0,2,0,차대차 - 측면충돌,신호위반,건조,맑음,교차로 - 교차로안,승용,남,63세,경상,승용,남,47세,경상
2020042700100595,2020년 4월 27일 22시,월요일,충청남도 청양군 화성면,중상사고,0,2,2,0,차대차 - 추돌,안전운전불이행,건조,맑음,기타 - 기타,승용,남,47세,경상,승용,여,22세,중상
2020042800100070,2020년 4월 28일 07시,화요일,충청남도 천안시 서북구 쌍용동,경상사고,0,0,1,0,차대차 - 추돌,안전거리미확보,건조,맑음,교차로 - 교차로부근,화물,남,61세,상해없음,승용,남,44세,경상
2020042800100100,2020년 4월 28일 08시,화요일,충청남도 아산시 둔포면,중상사고,0,1,0,0,차대차 - 정면충돌,신호위반,건조,맑음,교차로 - 교차로안,승용,남,26세,상해없음,승용,남,51세,중상
2020042800100101,2020년 4월 28일 08시,화요일,충청남도 보령시 대천동,중상사고,0,1,0,0,차대사람 - 기타,안전운전불이행,건조,맑음,단일로 - 기타,화물,남,58세,상해없음,보행자,여,75세,중상
2020042800100102,2020년 4월 28일 08시,화요일,충청남도 예산군 덕산면,경상사고,0,0,3,0,차대차 - 측면충돌,직진우회전진행방해,건조,맑음,교차로 - 교차로부근,승용,남,78세,상해없음,승용,여,57세,경상
2020042800100138,2020년 4월 28일 09시,화요일,충청남도 당진시 합덕읍,경상사고,0,0,1,0,차대차 - 측면충돌,안전운전불이행,건조,맑음,단일로 - 기타,화물,남,68세,상해없음,이륜,남,69세,경상
2020042800100172,2020년 4월 28일 10시,화요일,충청남도 천안시 서북구 불당동,경상사고,0,0,1,0,차대차 - 측면충돌,안전운전불이행,건조,맑음,교차로 - 교차로안,화물,남,55세,상해없음,승용,남,24세,경상
2020042800100173,2020년 4월 28일 10시,화요일,충청남도 예산군 대술면,중상사고,0,2,1,0,차대차 - 측면충돌,신호위반,건조,맑음,교차로 - 교차로안,화물,여,59세,중상,화물,남,57세,경상
2020042800100209,2020년 4월 28일 11시,화요일,충청남도 논산시 양촌면,중상사고,0,1,0,0,차량단독 - 전도전복 - 전도,안전운전불이행,건조,맑음,단일로 - 기타,이륜,남,64세,중상,,,,
2020042800100210,2020년 4월 28일 11시,화요일,충청남도 예산군 대술면,경상사고,0,0,2,0,차대차 - 측면충돌,차로위반,건조,맑음,단일로 - 기타,화물,남,83세,상해없음,승용,여,59세,경상
2020042800100213,2020년 4월 28일 11시,화요일,충청남도 서산시 운산면,경상사고,0,0,1,0,차대차 - 측면충돌,차로위반,건조,맑음,단일로 - 기타,승용,남,58세,상해없음,승용,남,38세,경상
2020042800100243,2020년 4월 28일 12시,화요일,충청남도 공주시 유구읍,사망사고,1,0,0,0,차대차 - 기타,안전운전불이행,건조,맑음,교차로 - 교차로부근,화물,남,45세,상해없음,원동기,여,72세,사망
2020042800100309,2020년 4월 28일 14시,화요일,충청남도 천안시 동남구 신방동,경상사고,0,0,2,0,차대차 - 기타,안전거리미확보,건조,맑음,단일로 - 기타,승용,남,25세,상해없음,승합,남,38세,경상
2020042800100310,2020년 4월 28일 14시,화요일,충청남도 공주시 의당면,중상사고,0,2,1,0,차대차 - 추돌,과속,건조,맑음,기타 - 기타,승용,남,31세,상해없음,승용,남,33세,상해없음
2020042800100366,2020년 4월 28일 15시,화요일,충청남도 공주시 신관동,경상사고,0,0,1,0,차대사람 - 길가장자리구역통행중,안전운전불이행,건조,맑음,교차로 - 교차로부근,기타불명,기타불명,미분류,기타불명,보행자,여,62세,경상
2020042800100400,2020년 4월 28일 16시,화요일,충청남도 아산시 권곡동,경상사고,0,0,3,0,차대차 - 기타,신호위반,건조,맑음,교차로 - 교차로안,승용,여,39세,상해없음,승용,여,38세,경상
2020042800100401,2020년 4월 28일 16시,화요일,충청남도 예산군 대흥면,경상사고,0,0,1,0,차대차 - 추돌,안전운전불이행,건조,맑음,기타 - 기타,승용,여,18세,상해없음,화물,남,72세,경상
2020042800100402,2020년 4월 28일 16시,화요일,충청남도 청양군 비봉면,중상사고,0,1,0,0,차대사람 - 기타,안전운전불이행,건조,맑음,기타 - 기타,화물,남,69세,상해없음,보행자,여,80세,중상
2020042800100485,2020년 4월 28일 18시,화요일,충청남도 천안시 서북구 성정동,경상사고,0,0,1,0,차대차 - 측면충돌,안전운전불이행,건조,맑음,단일로 - 기타,승용,남,62세,상해없음,이륜,남,41세,경상
2020042800100486,2020년 4월 28일 18시,화요일,충청남도 당진시 신평면,경상사고,0,0,1,0,차대차 - 측면충돌,중앙선침범,건조,맑음,단일로 - 기타,승용,남,58세,상해없음,승용,남,71세,경상
2020042800100487,2020년 4월 28일 18시,화요일,충청남도 당진시 정미면,중상사고,0,1,0,0,차대차 - 측면충돌,안전운전불이행,건조,맑음,단일로 - 기타,화물,남,73세,상해없음,원동기,남,78세,중상
2020042800100488,2020년 4월 28일 18시,화요일,충청남도 천안시 동남구 봉명동,경상사고,0,0,2,0,차대차 - 측면충돌,직진우회전진행방해,건조,맑음,교차로 - 교차로안,화물,남,59세,경상,승용,여,63세,경상
2020042800100528,2020년 4월 28일 19시,화요일,충청남도 천안시 서북구 성정동,경상사고,0,0,1,0,차대차 - 측면충돌,안전운전불이행,건조,맑음,교차로 - 교차로안,이륜,남,34세,상해없음,개인형이동수단(PM),남,51세,경상
2020042800100529,2020년 4월 28일 19시,화요일,충청남도 천안시 서북구 백석동,중상사고,0,1,0,0,차대차 - 측면충돌,안전운전불이행,건조,맑음,단일로 - 기타,승용,남,62세,상해없음,이륜,남,29세,중상
2020042800100530,2020년 4월 28일 19시,화요일,충청남도 아산시 배방읍,경상사고,0,0,1,0,차대차 - 추돌,안전운전불이행,건조,맑음,단일로 - 기타,승용,여,35세,상해없음,승용,여,42세,경상
2020042800100531,2020년 4월 28일 19시,화요일,충청남도 공주시 우성면,중상사고,0,1,0,0,차대차 - 측면충돌,안전운전불이행,건조,맑음,교차로 - 교차로횡단보도내,승용,여,37세,상해없음,자전거,남,59세,중상
2020042800100532,2020년 4월 28일 19시,화요일,충청남도 예산군 삽교읍,경상사고,0,0,1,0,차대차 - 추돌,안전운전불이행,건조,맑음,기타 - 기타,승용,남,43세,상해없음,승용,남,29세,경상
2020042800100586,2020년 4월 28일 21시,화요일,충청남도 천안시 서북구 성정동,부상신고사고,0,0,0,1,차대차 - 기타,안전운전불이행,건조,맑음,교차로 - 교차로안,기타불명,기타불명,미분류,기타불명,승용,남,53세,상해없음
2020042800100610,2020년 4월 28일 22시,화요일,충청남도 아산시 배방읍,경상사고,0,0,1,1,차대차 - 추돌,안전운전불이행,건조,맑음,단일로 - 기타,승용,여,51세,상해없음,승용,남,31세,경상
2020042800100611,2020년 4월 28일 22시,화요일,충청남도 당진시 송악읍,경상사고,0,0,1,0,차대사람 - 길가장자리구역통행중,안전운전불이행,건조,기타,단일로 - 기타,승용,남,58세,상해없음,보행자,남,29세,경상
2020042900100019,2020년 4월 29일 01시,수요일,충청남도 천안시 서북구 성정동,경상사고,0,0,1,0,차대차 - 기타,교차로운행방법위반,건조,맑음,교차로 - 교차로안,승용,남,34세,상해없음,승용,남,57세,경상
2020042900100041,2020년 4월 29일 04시,수요일,충청남도 당진시 읍내리,경상사고,0,0,1,0,차량단독 - 공작물충돌,안전운전불이행,건조,맑음,교차로 - 교차로안,승용,남,14세,경상,,,,
2020042900100067,2020년 4월 29일 07시,수요일,충청남도 홍성군 홍성읍,중상사고,0,1,0,0,차대차 - 추돌,안전운전불이행,건조,맑음,단일로 - 기타,건설기계,남,24세,상해없음,화물,남,36세,상해없음
2020042900100069,2020년 4월 29일 07시,수요일,충청남도 부여군 남면,중상사고,0,1,0,0,차대차 - 측면충돌,교차로운행방법위반,젖음/습기,안개,교차로 - 교차로안,승용,남,29세,상해없음,승용,여,58세,중상
2020042900100086,2020년 4월 29일 08시,수요일,충청남도 천안시 서북구 백석동,경상사고,0,0,1,0,차대차 - 측면충돌,안전운전불이행,건조,맑음,교차로 - 교차로안,화물,남,43세,상해없음,이륜,남,38세,경상
2020042900100087,2020년 4월 29일 08시,수요일,충청남도 천안시 동남구 삼룡동,경상사고,0,0,3,0,차대차 - 추돌,안전거리미확보,건조,맑음,단일로 - 기타,승용,여,38세,상해없음,승용,여,41세,경상
2020042900100088,2020년 4월 29일 08시,수요일,충청남도 천안시 동남구 풍세면,경상사고,0,0,1,0,차대차 - 측면충돌,기타,건조,맑음,교차로 - 교차로안,승용,남,60세,상해없음,승용,남,58세,경상
2020042900100121,2020년 4월 29일 09시,수요일,충청남도 부여군 부여읍,중상사고,0,1,0,0,차대사람 - 기타,안전운전불이행,건조,맑음,단일로 - 기타,승용,여,56세,상해없음,보행자,남,84세,중상
2020042900100122,2020년 4월 29일 09시,수요일,충청남도 당진시 정미면,경상사고,0,0,1,0,차대차 - 측면충돌,안전운전불이행,건조,맑음,단일로 - 기타,화물,남,49세,상해없음,승용,여,30세,경상
2020042900100187,2020년 4월 29일 11시,수요일,충청남도 당진시 신평면,중상사고,0,1,0,0,차대차 - 추돌,안전운전불이행,건조,맑음,단일로 - 기타,승용,남,64세,상해없음,자전거,남,8세,중상
2020042900100188,2020년 4월 29일 11시,수요일,충청남도 천안시 동남구 문화동,경상사고,0,0,1,0,차대사람 - 기타,안전운전불이행,건조,맑음,교차로 - 교차로횡단보도내,기타불명,기타불명,미분류,기타불명,보행자,여,81세,경상
2020042900100229,2020년 4월 29일 12시,수요일,충청남도 천안시 서북구 성정동,경상사고,0,0,1,0,차대차 - 측면충돌,안전운전불이행,건조,맑음,교차로 - 교차로안,승용,여,28세,상해없음,화물,남,55세,경상
2020042900100230,2020년 4월 29일 12시,수요일,충청남도 홍성군 홍성읍,중상사고,0,1,0,0,차대사람 - 길가장자리구역통행중,안전운전불이행,건조,맑음,교차로 - 교차로안,화물,남,77세,상해없음,보행자,여,82세,중상
2020042900100260,2020년 4월 29일 13시,수요일,충청남도 공주시 우성면,사망사고,1,0,2,0,차대차 - 추돌,안전거리미확보,건조,맑음,단일로 - 기타,화물,남,63세,사망,화물,남,53세,경상
2020042900100336,2020년 4월 29일 15시,수요일,충청남도 아산시 탕정면,경상사고,0,0,1,0,차대사람 - 기타,안전운전불이행,건조,맑음,단일로 - 기타,화물,남,54세,상해없음,보행자,여,42세,경상
2020042900100439,2020년 4월 29일 17시,수요일,충청남도 당진시 송악읍,경상사고,0,0,1,0,차대차 - 기타,안전운전불이행,건조,맑음,단일로 - 기타,화물,남,64세,상해없음,승용,남,60세,경상
2020042900100485,2020년 4월 29일 18시,수요일,충청남도 천안시 서북구 백석동,경상사고,0,0,1,0,차대차 - 추돌,안전운전불이행,건조,맑음,기타 - 기타,승용,기타불명,미분류,기타불명,승용,여,41세,경상
2020042900100486,2020년 4월 29일 18시,수요일,충청남도 아산시 좌부동,경상사고,0,0,2,0,차대차 - 측면충돌,중앙선침범,건조,맑음,단일로 - 기타,승용,남,59세,상해없음,승용,남,58세,경상
2020042900100487,2020년 4월 29일 18시,수요일,충청남도 예산군 삽교읍,경상사고,0,0,1,0,차량단독 - 전도전복 - 전도,안전운전불이행,건조,맑음,단일로 - 기타,이륜,남,73세,경상,,,,
2020042900100488,2020년 4월 29일 18시,수요일,충청남도 당진시 송악읍,경상사고,0,0,1,0,차대차 - 추돌,안전거리미확보,건조,맑음,단일로 - 기타,승용,남,33세,상해없음,승용,남,50세,경상
2020042900100532,2020년 4월 29일 19시,수요일,충청남도 천안시 서북구 성정동,경상사고,0,0,1,0,차대차 - 정면충돌,교차로운행방법위반,건조,맑음,교차로 - 교차로안,승용,남,50세,상해없음,승용,여,38세,경상
2020042900100533,2020년 4월 29일 19시,수요일,충청남도 홍성군 광천읍,경상사고,0,0,2,0,차대차 - 측면충돌,안전운전불이행,건조,맑음,교차로 - 교차로안,화물,남,64세,경상,화물,남,45세,경상
2020042900100534,2020년 4월 29일 19시,수요일,충청남도 청양군 정산면,경상사고,0,0,3,0,차대차 - 추돌,안전거리미확보,건조,맑음,교차로 - 교차로안,화물,남,59세,상해없음,화물,남,43세,경상
2020042900100535,2020년 4월 29일 19시,수요일,충청남도 천안시 동남구 목천읍,경상사고,0,0,1,0,차대차 - 추돌,안전운전불이행,건조,맑음,단일로 - 기타,승용,남,47세,상해없음,농기계,남,39세,경상
2020042900100584,2020년 4월 29일 20시,수요일,충청남도 보령시 명천동,중상사고,0,1,0,0,차대사람 - 길가장자리구역통행중,안전운전불이행,건조,맑음,단일로 - 기타,승용,남,26세,상해없음,보행자,여,77세,중상
2020042900100621,2020년 4월 29일 21시,수요일,충청남도 서산시 예천동,경상사고,0,0,1,0,차대사람 - 보도통행중,보행자보호의무위반,건조,맑음,교차로 - 교차로안,승용,남,23세,상해없음,보행자,남,35세,경상
2020042900100622,2020년 4월 29일 21시,수요일,충청남도 홍성군 광천읍,경상사고,0,0,3,0,차대차 - 측면충돌,안전운전불이행,건조,맑음,단일로 - 기타,승용,남,49세,상해없음,승용,여,60세,경상
2020042900100650,2020년 4월 29일 22시,수요일,충청남도 서산시 음암면,중상사고,0,1,0,0,차대차 - 추돌,안전운전불이행,건조,맑음,교차로 - 교차로부근,화물,남,53세,상해없음,승용,여,49세,중상
2020042900100683,2020년 4월 29일 23시,수요일,충청남도 천안시 동남구 신방동,경상사고,0,0,2,0,차대차 - 측면충돌,안전운전불이행,건조,맑음,단일로 - 기타,승용,남,33세,상해없음,승용,여,27세,경상
2020043000100005,2020년 4월 30일 00시,목요일,충청남도 천안시 서북구 불당동,중상사고,0,1,3,0,차대차 - 기타,신호위반,건조,맑음,교차로 - 교차로안,승용,남,41세,경상,승용,남,53세,경상
2020043000100060,2020년 4월 30일 04시,목요일,충청남도 서산시 석남동,사망사고,1,3,0,0,차대차 - 측면충돌,교차로운행방법위반,건조,맑음,교차로 - 교차로안,승용,남,73세,상해없음,승용,여,60세,중상
2020043000100108,2020년 4월 30일 07시,목요일,충청남도 공주시 탄천면,중상사고,0,1,0,0,차대차 - 추돌,안전운전불이행,건조,맑음,단일로 - 기타,화물,남,37세,상해없음,승용,여,68세,중상
2020043000100109,2020년 4월 30일 07시,목요일,충청남도 당진시 합덕읍,경상사고,0,0,1,0,차대차 - 추돌,안전거리미확보,건조,맑음,교차로 - 교차로부근,승용,남,59세,상해없음,화물,남,47세,경상
2020043000100119,2020년 4월 30일 08시,목요일,충청남도 아산시 온천동,경상사고,0,0,1,0,차대차 - 정면충돌,안전운전불이행,건조,맑음,교차로 - 교차로안,승용,여,46세,상해없음,승용,남,55세,경상
2020043000100131,2020년 4월 30일 09시,목요일,충청남도 당진시 정미면,중상사고,0,1,0,0,차대차 - 추돌,안전거리미확보,건조,맑음,단일로 - 기타,승용,남,65세,상해없음,자전거,남,35세,중상
2020043000100132,2020년 4월 30일 09시,목요일,충청남도 금산군 금산읍,중상사고,0,1,0,0,차대차 - 측면충돌,안전운전불이행,건조,맑음,단일로 - 기타,이륜,남,83세,중상,화물,남,62세,상해없음
2020043000100189,2020년 4월 30일 11시,목요일,충청남도 아산시 탕정면,경상사고,0,0,2,0,차대차 - 추돌,안전운전불이행,건조,맑음,기타 - 기타,승용,남,51세,상해없음,승용,남,49세,경상
2020043000100190,2020년 4월 30일 11시,목요일,충청남도 서천군 서천읍,경상사고,0,0,2,0,차대차 - 측면충돌,안전운전불이행,건조,맑음,교차로 - 교차로안,승용,여,62세,상해없음,승용,여,49세,경상
2020043000100225,2020년 4월 30일 12시,목요일,충청남도 보령시 천북면,중상사고,0,2,0,0,차대차 - 기타,안전운전불이행,건조,맑음,기타 - 기타,화물,남,68세,상해없음,이륜,남,52세,중상
2020043000100226,2020년 4월 30일 12시,목요일,충청남도 천안시 동남구 안서동,경상사고,0,0,1,0,차대사람 - 기타,안전운전불이행,건조,맑음,단일로 - 기타,승용,여,54세,상해없음,보행자,남,24세,경상
2020043000100301,2020년 4월 30일 14시,목요일,충청남도 아산시 인주면,경상사고,0,0,3,0,차대차 - 기타,안전거리미확보,건조,맑음,단일로 - 기타,승용,여,58세,경상,화물,남,41세,경상
2020043000100313,2020년 4월 30일 14시,목요일,충청남도 보령시 신흑동,경상사고,0,0,1,0,차대사람 - 기타,안전운전불이행,건조,맑음,단일로 - 기타,화물,여,51세,상해없음,보행자,남,9세,경상
2020043000100314,2020년 4월 30일 14시,목요일,충청남도 공주시 석장리동,경상사고,0,0,1,0,차대차 - 추돌,안전거리미확보,건조,맑음,단일로 - 기타,승용,남,67세,상해없음,화물,남,38세,경상
2020043000100463,2020년 4월 30일 18시,목요일,충청남도 홍성군 홍성읍,경상사고,0,0,1,0,차대차 - 측면충돌,신호위반,건조,맑음,교차로 - 교차로안,승용,남,68세,상해없음,이륜,여,35세,경상
2020043000100464,2020년 4월 30일 18시,목요일,충청남도 천안시 동남구 영성동,경상사고,0,0,1,0,차대사람 - 차도통행중,안전운전불이행,건조,맑음,단일로 - 기타,승용,남,60세,상해없음,보행자,남,53세,경상
2020043000100506,2020년 4월 30일 19시,목요일,충청남도 천안시 서북구 두정동,경상사고,0,0,3,0,차대차 - 추돌,과속,건조,맑음,단일로 - 고가도로위,승용,남,30세,경상,승용,남,58세,경상
2020043000100507,2020년 4월 30일 19시,목요일,충청남도 공주시 산성동,중상사고,0,1,0,0,차대사람 - 횡단중,보행자보호의무위반,건조,맑음,기타 - 기타,승용,여,18세,상해없음,보행자,남,78세,중상
2020043000100525,2020년 4월 30일 20시,목요일,충청남도 서천군 기산면,경상사고,0,0,2,0,차대차 - 추돌,안전운전불이행,건조,맑음,단일로 - 기타,화물,남,42세,상해없음,승용,남,25세,경상
2020043000100554,2020년 4월 30일 21시,목요일,충청남도 예산군 고덕면,경상사고,0,0,1,0,차대차 - 정면충돌,중앙선침범,건조,맑음,단일로 - 기타,승용,남,51세,상해없음,승합,남,60세,경상
2020043000100577,2020년 4월 30일 22시,목요일,충청남도 천안시 서북구 쌍용동,중상사고,0,1,0,0,차대사람 - 보도통행중,안전운전불이행,건조,맑음,기타 - 기타,승용,여,43세,상해없음,보행자,여,53세,중상
2020043000100578,2020년 4월 30일 22시,목요일,충청남도 천안시 동남구 원성동,중상사고,0,1,0,0,차대차 - 기타,직진우회전진행방해,건조,맑음,교차로 - 교차로안,승용,남,32세,상해없음,자전거,남,52세,중상
2020050100100019,2020년 5월 1일 01시,금요일,충청남도 천안시 서북구 불당동,경상사고,0,0,1,0,차대차 - 기타,신호위반,건조,맑음,단일로 - 교량,승용,남,53세,상해없음,승용,남,58세,경상
2020050100100096,2020년 5월 1일 09시,금요일,충청남도 홍성군 홍성읍,경상사고,0,0,1,0,차대차 - 추돌,안전운전불이행,건조,맑음,교차로 - 교차로안,농기계,남,71세,상해없음,승용,남,33세,경상
2020050100100097,2020년 5월 1일 09시,금요일,충청남도 홍성군 홍성읍,경상사고,0,0,1,0,차대차 - 측면충돌,안전운전불이행,건조,맑음,단일로 - 기타,화물,남,70세,상해없음,승용,남,70세,경상
2020050100100098,2020년 5월 1일 09시,금요일,충청남도 아산시 온천동,경상사고,0,0,1,0,차대차 - 측면충돌,직진우회전진행방해,건조,맑음,교차로 - 교차로안,승용,남,23세,상해없음,승용,남,53세,경상
2020050100100163,2020년 5월 1일 11시,금요일,충청남도 홍성군 홍성읍,경상사고,0,0,2,0,차대차 - 측면충돌,안전운전불이행,건조,맑음,단일로 - 터널,승용,남,55세,상해없음,승용,여,45세,경상
2020050100100202,2020년 5월 1일 12시,금요일,충청남도 천안시 서북구 불당동,부상신고사고,0,0,0,1,차대차 - 추돌,안전운전불이행,건조,맑음,단일로 - 기타,이륜,남,36세,부상신고,승용,여,42세,상해없음
2020050100100244,2020년 5월 1일 13시,금요일,충청남도 부여군 외산면,중상사고,0,3,0,0,차대차 - 측면충돌,교차로운행방법위반,건조,맑음,교차로 - 교차로안,화물,남,57세,중상,화물,남,60세,중상
2020050100100245,2020년 5월 1일 13시,금요일,충청남도 태안군 남면,경상사고,0,0,1,0,차대사람 - 기타,안전운전불이행,건조,맑음,기타 - 기타,승용,남,61세,상해없음,보행자,남,57세,경상
2020050100100246,2020년 5월 1일 13시,금요일,충청남도 태안군 태안읍,중상사고,0,1,0,0,차대차 - 측면충돌,안전거리미확보,건조,맑음,단일로 - 기타,승합,남,60세,상해없음,승용,남,24세,상해없음
2020050100100283,2020년 5월 1일 14시,금요일,충청남도 논산시 반월동,부상신고사고,0,0,0,1,차대차 - 측면충돌,안전운전불이행,건조,맑음,교차로 - 교차로부근,자전거,남,66세,부상신고,승용,남,64세,상해없음
2020050100100284,2020년 5월 1일 14시,금요일,충청남도 천안시 동남구 동면,경상사고,0,0,4,0,차대차 - 정면충돌,중앙선침범,건조,맑음,단일로 - 기타,승용,남,38세,상해없음,승용,남,57세,경상