사고번호,사고일시,요일,시군구,사고내용,사망자수,중상자수,경상자수,부상신고자수,사고유형,법규위반,노면상태,기상상태,도로형태,가해운전자 차종,가해운전자 성별,가해운전자 연령,가해운전자 상해정도,피해운전자 차종,피해운전자 성별,피해운전자 연령,피해운전자 상해정도
2020050100100286,2020년 5월 1일 14시,금요일,충청남도 당진시 순성면,경상사고,0,0,1,1,차대차 - 추돌,안전운전불이행,건조,맑음,단일로 - 기타,승용,여,53세,상해없음,승용,남,50세,부상신고
2020050100100318,2020년 5월 1일 15시,금요일,충청남도 천안시 동남구 청수동,경상사고,0,0,1,0,차대차 - 측면충돌,교차로운행방법위반,건조,맑음,교차로 - 교차로안,승용,남,63세,상해없음,이륜,남,53세,경상
2020050100100319,2020년 5월 1일 15시,금요일,충청남도 서천군 시초면,경상사고,0,0,2,0,차대차 - 측면충돌,차로위반,건조,맑음,단일로 - 기타,승용,남,52세,상해없음,승용,남,37세,경상
2020050100100364,2020년 5월 1일 16시,금요일,충청남도 서산시 석림동,부상신고사고,0,0,0,1,차대차 - 측면충돌,안전운전불이행,건조,맑음,교차로 - 교차로안,원동기,남,31세,부상신고,승용,여,70세,상해없음
2020050100100406,2020년 5월 1일 17시,금요일,충청남도 홍성군 홍성읍,경상사고,0,0,1,0,차대차 - 측면충돌,안전운전불이행,건조,맑음,교차로 - 교차로안,승용,남,41세,상해없음,승용,여,45세,경상
2020050100100446,2020년 5월 1일 18시,금요일,충청남도 홍성군 은하면,경상사고,0,0,1,0,차대차 - 추돌,안전운전불이행,건조,맑음,교차로 - 교차로안,승용,여,63세,상해없음,승용,남,34세,경상
2020050100100447,2020년 5월 1일 18시,금요일,충청남도 공주시 신관동,중상사고,0,1,0,0,차대사람 - 횡단중,안전운전불이행,건조,맑음,단일로 - 기타,승용,남,55세,상해없음,보행자,남,5세,중상
2020050100100471,2020년 5월 1일 19시,금요일,충청남도 홍성군 구항면,경상사고,0,0,3,0,차대차 - 추돌,안전운전불이행,건조,맑음,교차로 - 교차로부근,승용,여,58세,상해없음,승용,남,44세,경상
2020050100100472,2020년 5월 1일 19시,금요일,충청남도 당진시 채운동,경상사고,0,0,2,0,차대차 - 후진중충돌,교차로운행방법위반,건조,맑음,교차로 - 교차로안,화물,남,69세,상해없음,승용,남,54세,경상
2020050100100473,2020년 5월 1일 19시,금요일,충청남도 천안시 동남구 신부동,경상사고,0,0,2,0,차대차 - 기타,신호위반,건조,맑음,교차로 - 교차로안,이륜,남,26세,경상,승용,남,25세,경상
2020050100100501,2020년 5월 1일 20시,금요일,충청남도 천안시 서북구 성정동,경상사고,0,0,1,0,차대사람 - 기타,안전운전불이행,건조,맑음,단일로 - 기타,승용,남,29세,상해없음,보행자,남,46세,경상
2020050100100502,2020년 5월 1일 20시,금요일,충청남도 예산군 예산읍,중상사고,0,1,0,0,차대차 - 정면충돌,중앙선침범,건조,맑음,단일로 - 기타,승용,남,58세,상해없음,승용,남,57세,중상
2020050100100503,2020년 5월 1일 20시,금요일,충청남도 천안시 동남구 신부동,경상사고,0,0,1,0,차대차 - 측면충돌,안전운전불이행,건조,맑음,교차로 - 교차로안,승용,남,62세,상해없음,승용,남,64세,경상
2020050100100542,2020년 5월 1일 21시,금요일,충청남도 아산시 둔포면,경상사고,0,0,1,0,차대차 - 추돌,안전운전불이행,건조,맑음,단일로 - 기타,승용,남,53세,상해없음,승용,남,56세,경상
2020050100100570,2020년 5월 1일 22시,금요일,충청남도 보령시 신흑동,중상사고,0,1,0,0,차대사람 - 기타,안전운전불이행,건조,맑음,단일로 - 기타,승용,여,38세,상해없음,보행자,남,2세,중상
2020050100100571,2020년 5월 1일 22시,금요일,충청남도 공주시 신관동,부상신고사고,0,0,0,1,차대사람 - 기타,안전운전불이행,건조,맑음,교차로 - 교차로안,승용,남,71세,상해없음,보행자,여,26세,부상신고
2020050100100591,2020년 5월 1일 23시,금요일,충청남도 아산시 배방읍,중상사고,0,1,0,0,차대사람 - 길가장자리구역통행중,보행자보호의무위반,건조,맑음,단일로 - 기타,이륜,남,17세,상해없음,보행자,남,19세,중상
2020050100100592,2020년 5월 1일 23시,금요일,충청남도 천안시 동남구 구성동,경상사고,0,0,2,0,차대차 - 기타,안전운전불이행,건조,맑음,교차로 - 교차로안,승용,남,26세,상해없음,승용,남,29세,경상
2020050200100016,2020년 5월 2일 00시,토요일,충청남도 천안시 동남구 청수동,중상사고,0,1,0,0,차대차 - 기타,안전운전불이행,건조,맑음,교차로 - 교차로부근,승용,남,48세,상해없음,승용,남,59세,중상
2020050200100080,2020년 5월 2일 07시,토요일,충청남도 공주시 신풍면,경상사고,0,0,1,0,차대차 - 측면충돌,과속,건조,맑음,단일로 - 기타,승용,남,36세,상해없음,이륜,남,54세,경상
2020050200100081,2020년 5월 2일 07시,토요일,충청남도 금산군 남일면,경상사고,0,0,2,0,차대차 - 측면충돌,중앙선침범,건조,맑음,단일로 - 기타,농기계,남,77세,상해없음,승용,남,53세,경상
2020050200100092,2020년 5월 2일 08시,토요일,충청남도 천안시 동남구 신부동,중상사고,0,1,2,0,차대차 - 측면충돌,중앙선침범,건조,맑음,단일로 - 기타,승용,남,25세,상해없음,승합,남,60세,중상
2020050200100109,2020년 5월 2일 09시,토요일,충청남도 천안시 동남구 영성동,중상사고,0,1,0,0,차대차 - 측면충돌,신호위반,건조,맑음,단일로 - 기타,화물,남,65세,상해없음,이륜,남,77세,중상
2020050200100169,2020년 5월 2일 11시,토요일,충청남도 천안시 서북구 쌍용동,경상사고,0,0,1,0,차대차 - 측면충돌,기타,건조,맑음,교차로 - 교차로부근,승용,여,22세,상해없음,자전거,남,7세,경상
2020050200100170,2020년 5월 2일 11시,토요일,충청남도 당진시 고대면,중상사고,0,1,0,0,차대차 - 기타,중앙선침범,건조,맑음,단일로 - 기타,화물,남,51세,상해없음,승용,여,25세,중상
2020050200100209,2020년 5월 2일 12시,토요일,충청남도 공주시 정안면,경상사고,0,0,3,0,차대차 - 추돌,안전운전불이행,건조,맑음,단일로 - 기타,승용,남,45세,상해없음,승용,여,53세,경상
2020050200100244,2020년 5월 2일 13시,토요일,충청남도 홍성군 구항면,경상사고,0,0,1,0,차대차 - 추돌,안전운전불이행,건조,맑음,교차로 - 교차로안,이륜,여,66세,상해없음,승합,여,50세,경상
2020050200100245,2020년 5월 2일 13시,토요일,충청남도 아산시 인주면,경상사고,0,0,3,0,차대차 - 기타,안전운전불이행,건조,맑음,단일로 - 기타,화물,남,47세,상해없음,승용,남,53세,경상
2020050200100325,2020년 5월 2일 15시,토요일,충청남도 서산시 온석동,경상사고,0,0,2,0,차대차 - 측면충돌,중앙선침범,건조,맑음,단일로 - 기타,승용,남,60세,상해없음,승용,여,32세,경상
2020050200100326,2020년 5월 2일 15시,토요일,충청남도 천안시 서북구 쌍용동,경상사고,0,0,1,0,차대차 - 기타,안전운전불이행,건조,맑음,교차로 - 교차로부근,승용,남,67세,상해없음,승용,여,30세,경상
2020050200100327,2020년 5월 2일 15시,토요일,충청남도 아산시 음봉면,중상사고,0,1,0,0,차대차 - 기타,신호위반,건조,맑음,교차로 - 교차로안,승용,남,71세,상해없음,이륜,남,49세,중상
2020050200100328,2020년 5월 2일 15시,토요일,충청남도 천안시 동남구 신부동,부상신고사고,0,0,0,1,차대사람 - 기타,보행자보호의무위반,건조,맑음,기타 - 기타,승용,여,38세,상해없음,보행자,여,22세,부상신고
2020050200100418,2020년 5월 2일 18시,토요일,충청남도 예산군 대술면,경상사고,0,0,2,0,차대차 - 추돌,안전운전불이행,건조,맑음,단일로 - 기타,승용,남,36세,상해없음,승용,여,41세,경상
2020050200100419,2020년 5월 2일 18시,토요일,충청남도 당진시 송악읍,경상사고,0,0,1,0,차대차 - 기타,기타,건조,맑음,교차로 - 교차로안,승용,남,28세,상해없음,화물,남,61세,경상
2020050200100447,2020년 5월 2일 19시,토요일,충청남도 천안시 서북구 두정동,중상사고,0,1,1,0,차대차 - 기타,신호위반,건조,맑음,교차로 - 교차로부근,이륜,남,36세,중상,승용,남,31세,경상
2020050200100473,2020년 5월 2일 20시,토요일,충청남도 천안시 서북구 성정동,경상사고,0,0,1,0,차대차 - 기타,신호위반,젖음/습기,비,교차로 - 교차로안,승용,여,27세,상해없음,이륜,남,29세,경상
2020050200100474,2020년 5월 2일 20시,토요일,충청남도 태안군 안면읍,경상사고,0,0,2,0,차대차 - 측면충돌,안전운전불이행,젖음/습기,비,기타 - 기타,특수,남,64세,상해없음,승용,남,62세,기타불명
2020050200100507,2020년 5월 2일 21시,토요일,충청남도 보령시 신흑동,경상사고,0,0,1,0,차대사람 - 기타,안전운전불이행,건조,맑음,기타 - 기타,승용,남,48세,상해없음,보행자,남,25세,경상
2020050200100508,2020년 5월 2일 21시,토요일,충청남도 천안시 동남구 원성동,경상사고,0,0,3,0,차대차 - 측면충돌,안전거리미확보,건조,맑음,단일로 - 기타,승용,남,39세,경상,승용,남,56세,상해없음
2020050300100007,2020년 5월 3일 00시,일요일,충청남도 청양군 청양읍,중상사고,0,1,0,0,차량단독 - 공작물충돌,안전운전불이행,건조,맑음,단일로 - 기타,화물,남,46세,중상,,,,
2020050300100020,2020년 5월 3일 01시,일요일,충청남도 천안시 서북구 성정동,경상사고,0,0,2,0,차대차 - 측면충돌,안전운전불이행,건조,맑음,기타 - 기타,승용,여,31세,상해없음,승용,남,31세,경상
2020050300100050,2020년 5월 3일 04시,일요일,충청남도 천안시 서북구 성정동,경상사고,0,0,2,0,차대차 - 기타,신호위반,젖음/습기,비,기타 - 기타,승용,남,36세,상해없음,승용,남,51세,경상
2020050300100057,2020년 5월 3일 05시,일요일,충청남도 공주시 정안면,중상사고,0,1,2,0,차대차 - 기타,안전운전불이행,건조,맑음,단일로 - 기타,승용,남,51세,경상,화물,남,51세,중상
2020050300100092,2020년 5월 3일 08시,일요일,충청남도 청양군 목면,경상사고,0,0,1,0,차량단독 - 전도전복 - 전도,안전운전불이행,젖음/습기,흐림,기타 - 기타,화물,남,67세,경상,,,,
2020050300100093,2020년 5월 3일 08시,일요일,충청남도 천안시 동남구 봉명동,경상사고,0,0,1,0,차대차 - 측면충돌,교차로운행방법위반,건조,맑음,교차로 - 교차로안,승용,남,49세,기타불명,자전거,남,25세,경상
2020050300100153,2020년 5월 3일 12시,일요일,충청남도 천안시 서북구 성정동,경상사고,0,0,1,0,차대차 - 기타,안전운전불이행,젖음/습기,비,단일로 - 기타,승용,남,54세,상해없음,이륜,남,28세,경상
2020050300100154,2020년 5월 3일 12시,일요일,충청남도 아산시 인주면,중상사고,0,1,1,0,차대차 - 기타,교차로운행방법위반,건조,맑음,교차로 - 교차로안,화물,남,48세,상해없음,화물,남,51세,경상
2020050300100155,2020년 5월 3일 12시,일요일,충청남도 예산군 예산읍,경상사고,0,0,2,0,차대차 - 추돌,안전운전불이행,젖음/습기,비,교차로 - 교차로부근,승용,남,22세,상해없음,승용,남,48세,경상
2020050300100156,2020년 5월 3일 12시,일요일,충청남도 예산군 예산읍,중상사고,0,5,0,0,차대차 - 측면충돌,직진우회전진행방해,젖음/습기,흐림,교차로 - 교차로안,승용,여,63세,중상,승용,남,52세,중상
2020050300100157,2020년 5월 3일 12시,일요일,충청남도 예산군 신양면,경상사고,0,0,2,0,차대차 - 측면충돌,안전운전불이행,젖음/습기,비,교차로 - 교차로부근,이륜,남,53세,상해없음,승용,여,38세,경상
2020050300100158,2020년 5월 3일 12시,일요일,충청남도 당진시 고대면,경상사고,0,0,1,0,차대차 - 측면충돌,교차로운행방법위반,건조,맑음,교차로 - 교차로안,승용,여,53세,상해없음,화물,남,75세,상해없음
2020050300100181,2020년 5월 3일 13시,일요일,충청남도 아산시 온천동,경상사고,0,0,1,0,차대사람 - 기타,안전운전불이행,젖음/습기,비,단일로 - 기타,승용,여,55세,상해없음,보행자,여,73세,경상
2020050300100182,2020년 5월 3일 13시,일요일,충청남도 보령시 신흑동,경상사고,0,0,1,0,차대차 - 기타,안전운전불이행,건조,맑음,단일로 - 기타,승용,남,26세,상해없음,원동기,남,25세,경상
2020050300100207,2020년 5월 3일 14시,일요일,충청남도 서산시 석림동,경상사고,0,0,2,0,차대차 - 측면충돌,직진우회전진행방해,건조,맑음,교차로 - 교차로안,승용,여,58세,상해없음,승용,여,25세,경상
2020050300100208,2020년 5월 3일 14시,일요일,충청남도 아산시 둔포면,경상사고,0,0,4,0,차대차 - 정면충돌,신호위반,건조,맑음,교차로 - 교차로안,승용,남,68세,상해없음,승용,남,43세,경상
2020050300100209,2020년 5월 3일 14시,일요일,충청남도 당진시 우강면,중상사고,0,1,0,0,차대차 - 측면충돌,신호위반,건조,맑음,교차로 - 교차로안,승용,여,57세,상해없음,승용,남,83세,중상
2020050300100210,2020년 5월 3일 14시,일요일,충청남도 천안시 동남구 영성동,경상사고,0,0,1,0,차대차 - 정면충돌,신호위반,건조,맑음,단일로 - 기타,승용,남,62세,상해없음,승합,남,42세,경상
2020050300100211,2020년 5월 3일 14시,일요일,충청남도 천안시 동남구 성남면,중상사고,0,1,1,0,차대차 - 기타,안전운전불이행,건조,맑음,단일로 - 기타,승용,남,40세,상해없음,승용,남,30세,중상
2020050300100232,2020년 5월 3일 15시,일요일,충청남도 공주시 정안면,경상사고,0,0,1,0,차대차 - 측면충돌,안전운전불이행,건조,맑음,단일로 - 기타,승용,여,56세,상해없음,이륜,남,82세,경상
2020050300100263,2020년 5월 3일 16시,일요일,충청남도 부여군 내산면,중상사고,0,1,0,0,차대차 - 측면충돌,안전운전불이행,건조,맑음,단일로 - 기타,화물,남,69세,상해없음,이륜,남,82세,중상
2020050300100264,2020년 5월 3일 16시,일요일,충청남도 공주시 우성면,경상사고,0,0,9,0,차대차 - 기타,안전운전불이행,건조,맑음,단일로 - 기타,승용,여,38세,경상,승용,남,58세,경상
2020050300100287,2020년 5월 3일 17시,일요일,충청남도 부여군 부여읍,경상사고,0,0,3,0,차대차 - 기타,직진우회전진행방해,건조,맑음,단일로 - 기타,승용,남,71세,상해없음,승합,남,48세,경상
2020050300100311,2020년 5월 3일 18시,일요일,충청남도 서산시 동문동,중상사고,0,1,0,0,차대사람 - 기타,안전운전불이행,건조,맑음,기타 - 기타,자전거,여,9세,상해없음,보행자,여,88세,중상
2020050300100312,2020년 5월 3일 18시,일요일,충청남도 서산시 운산면,부상신고사고,0,0,0,4,차대차 - 추돌,안전운전불이행,건조,맑음,교차로 - 교차로안,화물,남,34세,상해없음,승용,남,45세,부상신고
2020050300100313,2020년 5월 3일 18시,일요일,충청남도 천안시 동남구 목천읍,경상사고,0,0,1,0,차대차 - 정면충돌,중앙선침범,건조,맑음,단일로 - 기타,승용,여,46세,상해없음,승용,남,58세,경상
2020050300100348,2020년 5월 3일 19시,일요일,충청남도 서산시 팔봉면,경상사고,0,0,4,0,차대차 - 측면충돌,차로위반,건조,맑음,단일로 - 기타,승용,남,36세,상해없음,승용,남,44세,경상
2020050300100394,2020년 5월 3일 21시,일요일,충청남도 천안시 서북구 입장면,경상사고,0,0,1,0,차대차 - 측면충돌,직진우회전진행방해,건조,맑음,교차로 - 교차로안,승용,남,65세,상해없음,이륜,남,52세,경상
2020050300100395,2020년 5월 3일 21시,일요일,충청남도 아산시 음봉면,경상사고,0,0,1,0,차대차 - 측면충돌,신호위반,건조,맑음,교차로 - 교차로안,승용,남,65세,상해없음,승용,남,42세,경상
2020050300100396,2020년 5월 3일 21시,일요일,충청남도 아산시 배방읍,경상사고,0,0,2,0,차대차 - 기타,안전운전불이행,건조,맑음,교차로 - 교차로부근,승용,남,28세,상해없음,승용,남,48세,경상
2020050300100415,2020년 5월 3일 22시,일요일,충청남도 보령시 동대동,경상사고,0,0,1,0,차대차 - 기타,신호위반,건조,맑음,교차로 - 교차로안,승용,남,22세,상해없음,승용,남,60세,경상
2020050400100052,2020년 5월 4일 06시,월요일,충청남도 아산시 배방읍,경상사고,0,0,1,0,차대차 - 기타,신호위반,건조,맑음,교차로 - 교차로안,승용,여,37세,상해없음,이륜,남,66세,경상
2020050400100064,2020년 5월 4일 07시,월요일,충청남도 논산시 가야곡면,경상사고,0,0,1,0,차대차 - 측면충돌,안전운전불이행,건조,맑음,교차로 - 교차로안,이륜,남,75세,경상,승용,남,26세,상해없음
2020050400100065,2020년 5월 4일 07시,월요일,충청남도 논산시 관촉동,중상사고,0,2,1,0,차대차 - 측면충돌,중앙선침범,건조,맑음,단일로 - 기타,승용,남,66세,상해없음,승용,남,68세,경상
2020050400100086,2020년 5월 4일 08시,월요일,충청남도 아산시 온천동,부상신고사고,0,0,0,1,차대차 - 기타,안전운전불이행,건조,맑음,교차로 - 교차로안,화물,남,70세,상해없음,승용,여,36세,부상신고
2020050400100087,2020년 5월 4일 08시,월요일,충청남도 보령시 미산면,중상사고,0,1,0,0,차량단독 - 전도전복 - 전복,안전운전불이행,건조,맑음,단일로 - 기타,승용,여,51세,중상,,,,
2020050400100088,2020년 5월 4일 08시,월요일,충청남도 예산군 예산읍,중상사고,0,1,0,0,차대차 - 측면충돌,안전운전불이행,건조,맑음,교차로 - 교차로안,화물,남,63세,상해없음,승용,여,42세,중상
2020050400100145,2020년 5월 4일 10시,월요일,충청남도 천안시 서북구 쌍용동,경상사고,0,0,1,0,차대차 - 측면충돌,안전운전불이행,건조,맑음,교차로 - 교차로부근,승용,여,46세,상해없음,승용,남,60세,경상
2020050400100187,2020년 5월 4일 11시,월요일,충청남도 서산시 석남동,중상사고,0,2,0,0,차대사람 - 횡단중,보행자보호의무위반,건조,맑음,교차로 - 교차로횡단보도내,승용,남,64세,상해없음,보행자,여,39세,중상
2020050400100188,2020년 5월 4일 11시,월요일,충청남도 홍성군 홍성읍,경상사고,0,0,2,0,차대사람 - 차도통행중,안전운전불이행,건조,맑음,단일로 - 기타,화물,남,43세,상해없음,보행자,여,45세,경상
2020050400100223,2020년 5월 4일 12시,월요일,충청남도 천안시 서북구 성환읍,중상사고,0,1,0,0,차량단독 - 기타,안전운전불이행,건조,맑음,단일로 - 기타,이륜,남,71세,중상,,,,
2020050400100256,2020년 5월 4일 13시,월요일,충청남도 논산시 지산동,중상사고,0,1,1,0,차대차 - 정면충돌,직진우회전진행방해,건조,맑음,교차로 - 교차로안,이륜,남,19세,중상,승용,남,66세,경상
2020050400100257,2020년 5월 4일 13시,월요일,충청남도 서천군 기산면,경상사고,0,0,2,0,차대차 - 측면충돌,직진우회전진행방해,건조,맑음,교차로 - 교차로안,이륜,남,76세,경상,승용,여,69세,경상
2020050400100302,2020년 5월 4일 14시,월요일,충청남도 홍성군 홍성읍,경상사고,0,0,2,0,차대차 - 측면충돌,안전운전불이행,건조,맑음,교차로 - 교차로안,승용,남,55세,상해없음,승용,남,32세,경상
2020050400100303,2020년 5월 4일 14시,월요일,충청남도 보령시 대천동,경상사고,0,0,1,0,차대차 - 추돌,안전운전불이행,건조,맑음,단일로 - 기타,승용,남,21세,상해없음,승용,남,44세,경상
2020050400100352,2020년 5월 4일 15시,월요일,충청남도 천안시 서북구 신당동,경상사고,0,0,1,0,차대차 - 기타,안전운전불이행,건조,맑음,교차로 - 교차로안,승용,남,58세,상해없음,승용,남,70세,상해없음
2020050400100353,2020년 5월 4일 15시,월요일,충청남도 금산군 복수면,경상사고,0,0,1,0,차량단독 - 전도전복 - 전도,안전운전불이행,건조,맑음,단일로 - 기타,이륜,남,60세,경상,,,,
2020050400100354,2020년 5월 4일 15시,월요일,충청남도 금산군 금산읍,경상사고,0,0,1,0,차대차 - 측면충돌,안전운전불이행,건조,맑음,교차로 - 교차로안,승용,여,22세,상해없음,자전거,여,13세,경상
2020050400100396,2020년 5월 4일 16시,월요일,충청남도 천안시 동남구 쌍용동,경상사고,0,0,1,0,차대차 - 측면충돌,안전운전불이행,건조,맑음,단일로 - 기타,승용,남,36세,상해없음,승용,남,37세,경상
2020050400100397,2020년 5월 4일 16시,월요일,충청남도 보령시 주포면,중상사고,0,1,1,0,차대차 - 추돌,안전운전불이행,건조,맑음,단일로 - 기타,화물,남,25세,경상,승용,남,25세,중상
2020050400100398,2020년 5월 4일 16시,월요일,충청남도 공주시 반죽동,중상사고,0,1,0,0,차대차 - 기타,신호위반,건조,맑음,교차로 - 교차로안,이륜,남,77세,상해없음,이륜,남,63세,중상
2020050400100399,2020년 5월 4일 16시,월요일,충청남도 청양군 정산면,중상사고,0,1,0,0,차대차 - 측면충돌,직진우회전진행방해,건조,맑음,교차로 - 교차로안,화물,남,51세,상해없음,승용,여,45세,중상
2020050400100447,2020년 5월 4일 17시,월요일,충청남도 천안시 서북구 성거읍,중상사고,0,2,0,0,차대차 - 측면충돌,안전운전불이행,건조,맑음,교차로 - 교차로안,화물,남,65세,상해없음,이륜,남,37세,중상
2020050400100448,2020년 5월 4일 17시,월요일,충청남도 당진시 합덕읍,경상사고,0,0,1,0,차대차 - 측면충돌,안전운전불이행,건조,맑음,교차로 - 교차로안,화물,남,59세,상해없음,승합,남,58세,경상
2020050400100508,2020년 5월 4일 18시,월요일,충청남도 천안시 서북구 성환읍,경상사고,0,0,2,0,차대차 - 측면충돌,안전운전불이행,건조,맑음,교차로 - 교차로안,이륜,남,22세,경상,화물,남,43세,경상
2020050400100509,2020년 5월 4일 18시,월요일,충청남도 논산시 내동,중상사고,0,1,0,0,차대차 - 기타,교차로운행방법위반,건조,맑음,교차로 - 교차로안,승용,남,66세,상해없음,이륜,남,16세,중상
2020050400100510,2020년 5월 4일 18시,월요일,충청남도 홍성군 서부면,경상사고,0,0,1,0,차대차 - 측면충돌,신호위반,건조,맑음,교차로 - 교차로안,승용,남,64세,상해없음,승용,남,23세,경상
2020050400100511,2020년 5월 4일 18시,월요일,충청남도 당진시 송악읍,경상사고,0,0,1,0,차대차 - 측면충돌,중앙선침범,건조,맑음,단일로 - 기타,승용,여,38세,상해없음,승용,남,55세,경상
2020050400100554,2020년 5월 4일 19시,월요일,충청남도 보령시 주교면,경상사고,0,0,2,0,차대차 - 측면충돌,안전운전불이행,건조,맑음,교차로 - 교차로안,승용,여,27세,상해없음,승용,남,33세,경상
2020050400100593,2020년 5월 4일 20시,월요일,충청남도 천안시 서북구 성환읍,중상사고,0,1,0,0,차대사람 - 횡단중,안전운전불이행,건조,맑음,교차로 - 교차로안,승용,남,37세,상해없음,보행자,남,60세,중상
2020050400100624,2020년 5월 4일 21시,월요일,충청남도 천안시 서북구 쌍용동,중상사고,0,1,0,0,차대차 - 측면충돌,직진우회전진행방해,건조,맑음,교차로 - 교차로안,승용,남,78세,상해없음,이륜,남,20세,중상
2020050400100625,2020년 5월 4일 21시,월요일,충청남도 보령시 신흑동,중상사고,0,1,1,0,차대차 - 후진중충돌,안전운전불이행,건조,맑음,단일로 - 기타,승용,남,55세,상해없음,승용,남,41세,경상
2020050400100646,2020년 5월 4일 22시,월요일,충청남도 천안시 서북구 두정동,경상사고,0,0,1,0,차대사람 - 기타,안전운전불이행,건조,맑음,단일로 - 기타,승용,남,33세,상해없음,보행자,남,28세,경상
2020050500100040,2020년 5월 5일 03시,화요일,충청남도 서산시 예천동,경상사고,0,0,1,0,차대차 - 추돌,안전운전불이행,건조,맑음,교차로 - 교차로안,승용,남,33세,상해없음,승용,남,65세,경상
2020050500100070,2020년 5월 5일 07시,화요일,충청남도 서천군 서천읍,중상사고,0,1,3,0,차대차 - 측면충돌,신호위반,건조,맑음,교차로 - 교차로안,승용,여,58세,경상,화물,남,69세,경상
2020050500100071,2020년 5월 5일 07시,화요일,충청남도 예산군 예산읍,경상사고,0,0,1,0,차대차 - 추돌,안전거리미확보,건조,맑음,교차로 - 교차로부근,화물,남,57세,상해없음,승용,여,59세,경상
2020050500100094,2020년 5월 5일 09시,화요일,충청남도 서천군 장항읍,중상사고,0,1,0,0,차대사람 - 횡단중,보행자보호의무위반,건조,맑음,교차로 - 교차로횡단보도내,화물,남,66세,상해없음,보행자,남,71세,중상
2020050500100095,2020년 5월 5일 09시,화요일,충청남도 보령시 웅천읍,경상사고,0,0,1,0,차대차 - 측면충돌,안전운전불이행,건조,맑음,단일로 - 기타,건설기계,남,48세,상해없음,건설기계,남,59세,경상
2020050500100154,2020년 5월 5일 12시,화요일,충청남도 서천군 장항읍,경상사고,0,0,1,0,차대차 - 측면충돌,신호위반,젖음/습기,비,교차로 - 교차로안,승용,남,64세,상해없음,승용,남,46세,경상
2020050500100155,2020년 5월 5일 12시,화요일,충청남도 당진시 구룡리,경상사고,0,0,5,0,차대차 - 측면충돌,안전운전불이행,젖음/습기,비,교차로 - 교차로안,승용,여,52세,경상,승용,여,43세,경상
2020050500100202,2020년 5월 5일 14시,화요일,충청남도 공주시 정안면,경상사고,0,0,1,0,차량단독 - 기타,안전운전불이행,젖음/습기,비,단일로 - 기타,사륜오토바이(ATV),여,61세,경상,,,,
2020050500100228,2020년 5월 5일 15시,화요일,충청남도 태안군 안면읍,경상사고,0,0,1,0,차대차 - 측면충돌,안전운전불이행,젖음/습기,비,교차로 - 교차로안,승용,남,52세,상해없음,승용,여,70세,경상
2020050500100251,2020년 5월 5일 16시,화요일,충청남도 아산시 둔포면,중상사고,0,1,0,0,차대사람 - 횡단중,안전운전불이행,젖음/습기,비,단일로 - 기타,이륜,남,23세,상해없음,보행자,여,49세,중상
2020050500100283,2020년 5월 5일 17시,화요일,충청남도 천안시 서북구 성정동,경상사고,0,0,1,0,차대차 - 기타,안전운전불이행,젖음/습기,비,교차로 - 교차로부근,승용,남,26세,상해없음,이륜,남,58세,경상
2020050500100322,2020년 5월 5일 18시,화요일,충청남도 서산시 음암면,중상사고,0,1,1,0,차대차 - 정면충돌,안전운전불이행,젖음/습기,흐림,단일로 - 기타,승용,남,39세,중상,승용,남,23세,경상
2020050500100323,2020년 5월 5일 18시,화요일,충청남도 천안시 동남구 목천읍,경상사고,0,0,1,0,차대차 - 기타,직진우회전진행방해,건조,맑음,교차로 - 교차로안,승용,남,57세,상해없음,이륜,남,19세,경상
2020050500100377,2020년 5월 5일 20시,화요일,충청남도 아산시 권곡동,부상신고사고,0,0,0,1,차대차 - 기타,차로위반,건조,맑음,단일로 - 기타,이륜,남,17세,부상신고,승합,남,62세,상해없음
2020050500100378,2020년 5월 5일 20시,화요일,충청남도 아산시 둔포면,경상사고,0,0,1,0,차대차 - 추돌,안전운전불이행,건조,맑음,단일로 - 기타,승용,남,67세,상해없음,농기계,남,43세,경상
2020050600100041,2020년 5월 6일 06시,수요일,충청남도 태안군 안면읍,부상신고사고,0,0,0,1,차대차 - 측면충돌,과속,건조,맑음,단일로 - 기타,승용,남,35세,부상신고,화물,남,72세,상해없음
2020050600100160,2020년 5월 6일 10시,수요일,충청남도 서산시 동문동,경상사고,0,0,1,0,차대사람 - 기타,안전운전불이행,건조,맑음,교차로 - 교차로부근,화물,남,73세,상해없음,보행자,여,16세,경상
2020050600100161,2020년 5월 6일 10시,수요일,충청남도 아산시 온천동,경상사고,0,0,3,0,차대차 - 기타,안전운전불이행,건조,맑음,교차로 - 교차로부근,승용,남,70세,상해없음,승용,여,27세,경상
2020050600100192,2020년 5월 6일 11시,수요일,충청남도 서산시 석남동,중상사고,0,1,0,0,차대사람 - 횡단중,보행자보호의무위반,건조,맑음,교차로 - 교차로안,화물,남,55세,상해없음,보행자,여,66세,중상
2020050600100231,2020년 5월 6일 12시,수요일,충청남도 아산시 음봉면,경상사고,0,0,1,0,차대차 - 기타,안전운전불이행,건조,맑음,단일로 - 기타,승용,남,65세,상해없음,승용,여,26세,경상
2020050600100232,2020년 5월 6일 12시,수요일,충청남도 공주시 옥룡동,중상사고,0,1,0,0,차대차 - 기타,안전운전불이행,건조,맑음,교차로 - 교차로부근,승용,여,53세,상해없음,자전거,남,63세,중상
2020050600100233,2020년 5월 6일 12시,수요일,충청남도 당진시 송악읍,경상사고,0,0,1,0,차대차 - 측면충돌,차로위반,건조,맑음,교차로 - 교차로부근,승용,여,51세,상해없음,건설기계,남,45세,경상