사고번호,사고일시,요일,시군구,사고내용,사망자수,중상자수,경상자수,부상신고자수,사고유형,법규위반,노면상태,기상상태,도로형태,가해운전자 차종,가해운전자 성별,가해운전자 연령,가해운전자 상해정도,피해운전자 차종,피해운전자 성별,피해운전자 연령,피해운전자 상해정도
2020050600100322,2020년 5월 6일 14시,수요일,충청남도 홍성군 홍성읍,경상사고,0,0,1,0,차대차 - 측면충돌,안전거리미확보,건조,맑음,단일로 - 기타,승용,남,76세,상해없음,승용,여,60세,경상
2020050600100323,2020년 5월 6일 14시,수요일,충청남도 서천군 장항읍,경상사고,0,0,1,0,차대차 - 측면충돌,안전운전불이행,건조,맑음,교차로 - 교차로안,승용,남,46세,상해없음,자전거,남,69세,경상
2020050600100358,2020년 5월 6일 15시,수요일,충청남도 보령시 대천동,중상사고,0,1,0,0,차대사람 - 횡단중,보행자보호의무위반,건조,맑음,교차로 - 교차로안,특수,남,40세,상해없음,보행자,여,68세,중상
2020050600100359,2020년 5월 6일 15시,수요일,충청남도 금산군 추부면,경상사고,0,0,1,0,차대차 - 측면충돌,차로위반,건조,맑음,단일로 - 기타,화물,남,68세,상해없음,승용,남,49세,경상
2020050600100360,2020년 5월 6일 15시,수요일,충청남도 천안시 동남구 구성동,경상사고,0,0,1,0,차대차 - 측면충돌,안전거리미확보,건조,맑음,단일로 - 기타,화물,남,64세,상해없음,승용,여,29세,경상
2020050600100407,2020년 5월 6일 16시,수요일,충청남도 계룡시 금암동,경상사고,0,0,1,0,차대차 - 측면충돌,안전거리미확보,건조,맑음,교차로 - 교차로부근,승용,여,58세,상해없음,화물,남,57세,경상
2020050600100462,2020년 5월 6일 17시,수요일,충청남도 천안시 서북구 입장면,경상사고,0,0,1,0,차대차 - 기타,안전운전불이행,건조,맑음,단일로 - 기타,승용,남,62세,경상,화물,남,36세,상해없음
2020050600100569,2020년 5월 6일 19시,수요일,충청남도 천안시 서북구 쌍용동,사망사고,1,0,0,0,차대차 - 측면충돌,안전거리미확보,건조,맑음,단일로 - 기타,승용,여,51세,상해없음,이륜,남,80세,사망
2020050600100570,2020년 5월 6일 19시,수요일,충청남도 아산시 신창면,경상사고,0,0,1,1,차대차 - 기타,안전운전불이행,건조,맑음,교차로 - 교차로안,승용,여,52세,상해없음,승용,남,26세,부상신고
2020050600100591,2020년 5월 6일 20시,수요일,충청남도 서산시 대산읍,경상사고,0,0,1,0,차대차 - 기타,안전운전불이행,건조,맑음,교차로 - 교차로부근,승용,남,23세,상해없음,승용,남,53세,경상
2020050600100592,2020년 5월 6일 20시,수요일,충청남도 당진시 신평면,경상사고,0,0,1,0,차대차 - 측면충돌,안전거리미확보,건조,맑음,단일로 - 기타,승합,여,54세,상해없음,화물,남,41세,상해없음
2020050600100593,2020년 5월 6일 20시,수요일,충청남도 천안시 동남구 성남면,중상사고,0,1,0,0,차대사람 - 기타,안전운전불이행,건조,맑음,교차로 - 교차로안,기타불명,기타불명,미분류,기타불명,보행자,남,83세,중상
2020050600100622,2020년 5월 6일 21시,수요일,충청남도 아산시 초사동,경상사고,0,0,1,0,차대차 - 기타,안전운전불이행,건조,맑음,단일로 - 기타,승용,남,20세,상해없음,승용,남,35세,경상
2020050600100647,2020년 5월 6일 22시,수요일,충청남도 아산시 둔포면,중상사고,0,1,0,0,차대차 - 기타,신호위반,건조,맑음,교차로 - 교차로안,승용,남,55세,상해없음,승용,남,45세,중상
2020050700100008,2020년 5월 7일 00시,목요일,충청남도 천안시 서북구 두정동,경상사고,0,0,1,0,차대차 - 추돌,안전운전불이행,건조,맑음,단일로 - 고가도로위,승용,남,61세,상해없음,승용,남,40세,경상
2020050700100009,2020년 5월 7일 00시,목요일,충청남도 홍성군 갈산면,경상사고,0,0,1,0,차대차 - 측면충돌,중앙선침범,건조,맑음,교차로 - 교차로부근,화물,남,64세,상해없음,승용,남,58세,경상
2020050700100010,2020년 5월 7일 00시,목요일,충청남도 천안시 동남구 구성동,중상사고,0,1,0,0,차대차 - 측면충돌,안전운전불이행,건조,맑음,단일로 - 기타,승용,남,72세,상해없음,특수,남,45세,중상
2020050700100021,2020년 5월 7일 01시,목요일,충청남도 천안시 서북구 성정동,경상사고,0,0,3,0,차대차 - 측면충돌,과속,건조,맑음,단일로 - 기타,승용,남,20세,경상,승용,남,30세,경상
2020050700100022,2020년 5월 7일 01시,목요일,충청남도 당진시 읍내리,경상사고,0,0,1,0,차대차 - 측면충돌,안전운전불이행,건조,맑음,단일로 - 기타,승용,남,24세,상해없음,승용,남,51세,경상
2020050700100085,2020년 5월 7일 07시,목요일,충청남도 천안시 서북구 성환읍,경상사고,0,0,2,0,차대차 - 측면충돌,안전운전불이행,건조,맑음,교차로 - 교차로부근,승용,남,60세,경상,승용,남,61세,경상
2020050700100086,2020년 5월 7일 07시,목요일,충청남도 아산시 득산동,경상사고,0,0,1,0,차대차 - 기타,안전운전불이행,건조,맑음,단일로 - 교량,승용,남,58세,상해없음,승합,남,36세,경상
2020050700100087,2020년 5월 7일 07시,목요일,충청남도 보령시 대천동,경상사고,0,0,1,0,차대차 - 측면충돌,안전운전불이행,건조,맑음,단일로 - 기타,화물,남,67세,상해없음,화물,남,55세,경상
2020050700100125,2020년 5월 7일 08시,목요일,충청남도 서산시 예천동,중상사고,0,1,0,0,차대차 - 측면충돌,차로위반,건조,맑음,교차로 - 교차로부근,이륜,남,84세,중상,승용,여,47세,상해없음
2020050700100201,2020년 5월 7일 10시,목요일,충청남도 논산시 성동면,중상사고,0,1,0,0,차대차 - 후진중충돌,안전운전불이행,건조,맑음,주차장 - 주차장,승용,여,42세,상해없음,개인형이동수단(PM),남,82세,중상
2020050700100241,2020년 5월 7일 11시,목요일,충청남도 아산시 탕정면,경상사고,0,0,1,0,차대차 - 기타,신호위반,건조,맑음,교차로 - 교차로부근,승용,여,38세,상해없음,승용,남,25세,경상
2020050700100242,2020년 5월 7일 11시,목요일,충청남도 아산시 배방읍,경상사고,0,0,1,0,차대차 - 기타,신호위반,건조,맑음,교차로 - 교차로안,화물,남,49세,상해없음,승용,남,81세,경상
2020050700100243,2020년 5월 7일 11시,목요일,충청남도 공주시 상왕동,중상사고,0,1,0,0,차량단독 - 공작물충돌,안전운전불이행,건조,맑음,단일로 - 기타,승용,남,67세,기타불명,,,,
2020050700100283,2020년 5월 7일 12시,목요일,충청남도 논산시 광석면,중상사고,0,1,0,0,차대차 - 측면충돌,중앙선침범,건조,맑음,단일로 - 기타,승용,남,49세,상해없음,이륜,남,76세,중상
2020050700100284,2020년 5월 7일 12시,목요일,충청남도 보령시 신흑동,경상사고,0,0,1,0,차대차 - 측면충돌,직진우회전진행방해,건조,맑음,교차로 - 교차로안,승용,남,18세,상해없음,화물,남,24세,경상
2020050700100318,2020년 5월 7일 13시,목요일,충청남도 서천군 서천읍,경상사고,0,0,2,0,차대차 - 측면충돌,안전운전불이행,건조,맑음,주차장 - 주차장,화물,남,73세,상해없음,승용,여,74세,경상
2020050700100395,2020년 5월 7일 15시,목요일,충청남도 계룡시 엄사면,중상사고,0,1,0,0,차량단독 - 기타,기타,건조,맑음,단일로 - 기타,승용,여,47세,중상,,,,
2020050700100396,2020년 5월 7일 15시,목요일,충청남도 아산시 영인면,경상사고,0,0,1,0,차대차 - 측면충돌,안전운전불이행,건조,맑음,교차로 - 교차로안,화물,남,52세,상해없음,승용,남,30세,경상
2020050700100435,2020년 5월 7일 16시,목요일,충청남도 아산시 초사동,경상사고,0,0,3,0,차대차 - 기타,신호위반,건조,맑음,교차로 - 교차로안,승용,남,50세,경상,승용,남,81세,경상
2020050700100485,2020년 5월 7일 17시,목요일,충청남도 서산시 예천동,경상사고,0,0,1,0,차대차 - 추돌,안전운전불이행,건조,맑음,단일로 - 기타,화물,남,51세,상해없음,승용,남,43세,경상
2020050700100486,2020년 5월 7일 17시,목요일,충청남도 아산시 탕정면,경상사고,0,0,2,0,차대차 - 기타,안전운전불이행,건조,맑음,단일로 - 기타,승용,여,50세,상해없음,승용,여,42세,경상
2020050700100487,2020년 5월 7일 17시,목요일,충청남도 보령시 요암동,경상사고,0,0,1,0,차대차 - 추돌,안전운전불이행,건조,맑음,단일로 - 기타,승용,남,57세,상해없음,이륜,남,34세,경상
2020050700100488,2020년 5월 7일 17시,목요일,충청남도 청양군 청양읍,중상사고,0,1,1,0,차대차 - 측면충돌,직진우회전진행방해,건조,맑음,교차로 - 교차로안,화물,남,72세,경상,화물,남,78세,중상
2020050700100489,2020년 5월 7일 17시,목요일,충청남도 청양군 목면,중상사고,0,1,0,0,차대차 - 측면충돌,안전운전불이행,건조,맑음,기타 - 기타,승용,남,57세,상해없음,이륜,남,79세,중상
2020050700100536,2020년 5월 7일 18시,목요일,충청남도 계룡시 신도안면,중상사고,0,1,1,0,차대차 - 정면충돌,중앙선침범,건조,맑음,단일로 - 기타,승용,여,27세,상해없음,승용,여,44세,중상
2020050700100576,2020년 5월 7일 19시,목요일,충청남도 청양군 청양읍,중상사고,0,1,0,0,차대차 - 측면충돌,중앙선침범,건조,맑음,기타 - 기타,화물,남,54세,상해없음,승용,남,78세,중상
2020050700100577,2020년 5월 7일 19시,목요일,충청남도 천안시 동남구 원성동,중상사고,0,1,0,0,차대사람 - 횡단중,안전운전불이행,건조,맑음,교차로 - 교차로안,승용,남,60세,상해없음,보행자,여,83세,중상
2020050700100602,2020년 5월 7일 20시,목요일,충청남도 논산시 양촌면,중상사고,0,1,0,0,차대사람 - 보도통행중,중앙선침범,건조,맑음,단일로 - 기타,승합,남,54세,상해없음,보행자,남,52세,중상
2020050700100631,2020년 5월 7일 21시,목요일,충청남도 천안시 서북구 성정동,부상신고사고,0,0,0,1,차대차 - 추돌,안전운전불이행,건조,맑음,교차로 - 교차로부근,이륜,남,45세,부상신고,승용,남,37세,상해없음
2020050700100648,2020년 5월 7일 22시,목요일,충청남도 당진시 송악읍,경상사고,0,0,3,0,차대차 - 측면충돌,안전운전불이행,건조,맑음,단일로 - 지하차도(도로)내,승용,여,41세,상해없음,승용,남,53세,경상
2020050700100675,2020년 5월 7일 23시,목요일,충청남도 아산시 신창면,부상신고사고,0,0,0,1,차대사람 - 기타,안전운전불이행,건조,맑음,단일로 - 기타,기타불명,기타불명,미분류,기타불명,보행자,남,47세,부상신고
2020050800100008,2020년 5월 8일 00시,금요일,충청남도 서산시 운산면,중상사고,0,1,0,0,차량단독 - 전도전복 - 전도,안전운전불이행,건조,맑음,단일로 - 기타,이륜,남,47세,중상,,,,
2020050800100016,2020년 5월 8일 01시,금요일,충청남도 천안시 동남구 신방동,경상사고,0,0,2,0,차대차 - 기타,안전운전불이행,건조,맑음,교차로 - 교차로안,승용,여,36세,상해없음,승용,남,58세,경상
2020050800100036,2020년 5월 8일 04시,금요일,충청남도 홍성군 홍북읍,중상사고,0,1,0,0,차대차 - 추돌,안전운전불이행,건조,맑음,단일로 - 기타,화물,남,42세,상해없음,이륜,남,62세,중상
2020050800100047,2020년 5월 8일 06시,금요일,충청남도 당진시 석문면,중상사고,0,1,2,0,차대차 - 측면충돌,신호위반,건조,맑음,교차로 - 교차로안,승용,남,39세,상해없음,승용,남,54세,경상
2020050800100089,2020년 5월 8일 08시,금요일,충청남도 아산시 신창면,경상사고,0,0,1,0,차대차 - 기타,신호위반,건조,맑음,교차로 - 교차로안,승용,남,32세,상해없음,승용,남,28세,경상
2020050800100090,2020년 5월 8일 08시,금요일,충청남도 서천군 마서면,경상사고,0,0,4,0,차대차 - 추돌,안전운전불이행,건조,맑음,교차로 - 교차로부근,승용,여,51세,경상,승용,여,42세,경상
2020050800100126,2020년 5월 8일 09시,금요일,충청남도 당진시 합덕읍,중상사고,0,1,0,0,차대차 - 측면충돌,안전운전불이행,건조,맑음,교차로 - 교차로안,승용,남,53세,상해없음,자전거,남,85세,중상
2020050800100153,2020년 5월 8일 10시,금요일,충청남도 천안시 서북구 입장면,경상사고,0,0,3,0,차대차 - 기타,안전운전불이행,건조,맑음,교차로 - 교차로안,이륜,여,15세,상해없음,승용,남,36세,상해없음
2020050800100154,2020년 5월 8일 10시,금요일,충청남도 공주시 신관동,경상사고,0,0,1,0,차대차 - 측면충돌,신호위반,건조,맑음,교차로 - 교차로안,원동기,남,78세,상해없음,승용,여,32세,경상
2020050800100189,2020년 5월 8일 11시,금요일,충청남도 당진시 합덕읍,경상사고,0,0,1,0,차대차 - 기타,직진우회전진행방해,건조,맑음,교차로 - 교차로안,승용,여,53세,상해없음,이륜,남,78세,경상
2020050800100190,2020년 5월 8일 11시,금요일,충청남도 당진시 시곡리,경상사고,0,0,1,0,차대차 - 추돌,안전운전불이행,건조,맑음,단일로 - 기타,화물,남,52세,상해없음,승용,남,35세,경상
2020050800100232,2020년 5월 8일 12시,금요일,충청남도 당진시 대덕리,경상사고,0,0,2,0,차대차 - 추돌,안전운전불이행,건조,맑음,단일로 - 기타,승용,여,33세,상해없음,화물,남,40세,경상
2020050800100290,2020년 5월 8일 14시,금요일,충청남도 논산시 연무읍,사망사고,1,0,0,0,차대사람 - 기타,안전운전불이행,건조,맑음,단일로 - 기타,화물,남,58세,상해없음,보행자,남,61세,사망
2020050800100291,2020년 5월 8일 14시,금요일,충청남도 공주시 신관동,경상사고,0,0,2,0,차대차 - 측면충돌,안전거리미확보,건조,맑음,단일로 - 기타,승용,남,65세,상해없음,승용,남,42세,경상
2020050800100333,2020년 5월 8일 15시,금요일,충청남도 천안시 동남구 원성동,경상사고,0,0,1,0,차대차 - 기타,안전운전불이행,건조,맑음,단일로 - 기타,승용,남,42세,상해없음,승합,남,52세,경상
2020050800100406,2020년 5월 8일 17시,금요일,충청남도 서산시 석림동,경상사고,0,0,1,0,차대차 - 정면충돌,신호위반,건조,맑음,교차로 - 교차로안,승용,남,76세,상해없음,이륜,남,38세,경상
2020050800100407,2020년 5월 8일 17시,금요일,충청남도 논산시 연무읍,부상신고사고,0,0,0,1,차대차 - 측면충돌,중앙선침범,건조,맑음,교차로 - 교차로부근,이륜,남,73세,부상신고,승용,남,38세,상해없음
2020050800100451,2020년 5월 8일 18시,금요일,충청남도 천안시 서북구 쌍용동,경상사고,0,0,1,0,차대차 - 측면충돌,안전운전불이행,젖음/습기,비,교차로 - 교차로부근,승합,남,59세,상해없음,승합,남,65세,경상
2020050800100452,2020년 5월 8일 18시,금요일,충청남도 천안시 동남구 신부동,부상신고사고,0,0,0,1,차대차 - 추돌,안전운전불이행,건조,맑음,단일로 - 기타,승용,여,29세,상해없음,승용,남,19세,부상신고
2020050800100511,2020년 5월 8일 19시,금요일,충청남도 공주시 계룡면,중상사고,0,1,2,0,차대차 - 기타,안전운전불이행,젖음/습기,비,단일로 - 기타,승용,남,26세,경상,농기계,남,63세,중상
2020050800100592,2020년 5월 8일 20시,금요일,충청남도 논산시 내동,경상사고,0,0,1,0,차대차 - 측면충돌,신호위반,건조,흐림,교차로 - 교차로안,승용,남,53세,상해없음,이륜,남,16세,경상
2020050800100593,2020년 5월 8일 20시,금요일,충청남도 아산시 탕정면,경상사고,0,0,1,0,차대사람 - 기타,안전운전불이행,건조,맑음,기타 - 기타,승용,남,38세,상해없음,보행자,남,26세,경상
2020050800100594,2020년 5월 8일 20시,금요일,충청남도 천안시 동남구 신방동,경상사고,0,0,1,0,차대차 - 기타,불법유턴,건조,맑음,단일로 - 기타,승용,남,30세,상해없음,이륜,남,25세,경상
2020050800100595,2020년 5월 8일 20시,금요일,충청남도 천안시 동남구 신방동,경상사고,0,0,2,0,차대차 - 측면충돌,안전운전불이행,젖음/습기,비,교차로 - 교차로안,이륜,남,18세,경상,승용,남,63세,상해없음
2020050800100596,2020년 5월 8일 20시,금요일,충청남도 천안시 동남구 병천면,경상사고,0,0,1,0,차대차 - 측면충돌,안전운전불이행,젖음/습기,비,단일로 - 기타,화물,남,61세,상해없음,승용,여,24세,경상
2020050800100659,2020년 5월 8일 21시,금요일,충청남도 계룡시 엄사면,경상사고,0,0,2,0,차대차 - 추돌,안전운전불이행,젖음/습기,비,교차로 - 교차로부근,승용,남,69세,상해없음,승용,남,33세,경상
2020050800100660,2020년 5월 8일 21시,금요일,충청남도 아산시 권곡동,경상사고,0,0,1,0,차대차 - 기타,교차로운행방법위반,젖음/습기,비,교차로 - 교차로안,승합,남,61세,기타불명,승용,남,59세,경상
2020050800100661,2020년 5월 8일 21시,금요일,충청남도 서천군 서천읍,경상사고,0,0,1,0,차량단독 - 공작물충돌,안전운전불이행,젖음/습기,비,교차로 - 교차로부근,이륜,남,52세,경상,,,,
2020050800100743,2020년 5월 8일 23시,금요일,충청남도 천안시 서북구 성거읍,경상사고,0,0,1,0,차대차 - 추돌,안전운전불이행,젖음/습기,비,단일로 - 기타,승용,남,28세,상해없음,승합,남,52세,경상
2020050800100744,2020년 5월 8일 23시,금요일,충청남도 천안시 서북구 성정동,부상신고사고,0,0,0,1,차대사람 - 보도통행중,중앙선침범,젖음/습기,비,단일로 - 기타,승용,남,60세,상해없음,보행자,여,59세,부상신고
2020050900100022,2020년 5월 9일 00시,토요일,충청남도 서산시 음암면,중상사고,0,1,0,0,차량단독 - 공작물충돌,안전운전불이행,젖음/습기,비,단일로 - 기타,승용,남,28세,중상,,,,
2020050900100023,2020년 5월 9일 00시,토요일,충청남도 아산시 온천동,경상사고,0,0,2,0,차대차 - 추돌,안전운전불이행,젖음/습기,비,기타 - 기타,승용,남,50세,상해없음,승합,남,27세,경상
2020050900100024,2020년 5월 9일 00시,토요일,충청남도 논산시 연무읍,경상사고,0,0,1,0,차대차 - 추돌,안전운전불이행,젖음/습기,비,단일로 - 기타,승용,남,48세,상해없음,승용,여,30세,경상
2020050900100080,2020년 5월 9일 03시,토요일,충청남도 당진시 합덕읍,경상사고,0,0,2,0,차대차 - 기타,안전운전불이행,젖음/습기,비,단일로 - 기타,화물,남,57세,경상,화물,남,50세,경상
2020050900100113,2020년 5월 9일 07시,토요일,충청남도 천안시 서북구 직산읍,경상사고,0,0,1,1,차대차 - 측면충돌,교차로운행방법위반,젖음/습기,비,교차로 - 교차로안,승용,남,57세,상해없음,승용,남,51세,경상
2020050900100114,2020년 5월 9일 07시,토요일,충청남도 천안시 서북구 성거읍,경상사고,0,0,1,0,차량단독 - 기타,안전운전불이행,젖음/습기,비,교차로 - 교차로안,승합,남,50세,상해없음,,,,
2020050900100129,2020년 5월 9일 08시,토요일,충청남도 홍성군 홍북읍,중상사고,0,1,0,0,차대차 - 측면충돌,신호위반,젖음/습기,비,교차로 - 교차로안,승용,여,41세,상해없음,승용,남,31세,중상
2020050900100238,2020년 5월 9일 12시,토요일,충청남도 서산시 성연면,경상사고,0,0,1,0,차대차 - 추돌,안전운전불이행,젖음/습기,비,교차로 - 교차로부근,승용,남,52세,상해없음,승용,여,60세,경상
2020050900100273,2020년 5월 9일 13시,토요일,충청남도 논산시 연산면,중상사고,0,1,2,0,차대차 - 측면충돌,신호위반,건조,맑음,교차로 - 교차로안,승용,남,73세,상해없음,화물,남,54세,경상
2020050900100274,2020년 5월 9일 13시,토요일,충청남도 아산시 온천동,경상사고,0,0,1,0,차대차 - 기타,중앙선침범,젖음/습기,비,기타 - 기타,승용,여,60세,상해없음,승용,남,56세,경상
2020050900100275,2020년 5월 9일 13시,토요일,충청남도 천안시 동남구 북면,중상사고,0,2,1,0,차대차 - 측면충돌,안전운전불이행,건조,맑음,단일로 - 기타,화물,남,75세,중상,승용,남,33세,중상
2020050900100309,2020년 5월 9일 14시,토요일,충청남도 당진시 채운동,경상사고,0,0,1,0,차대차 - 추돌,안전운전불이행,젖음/습기,비,단일로 - 기타,화물,남,59세,상해없음,승용,남,40세,경상
2020050900100338,2020년 5월 9일 15시,토요일,충청남도 당진시 읍내리,경상사고,0,0,1,0,차대차 - 측면충돌,교차로운행방법위반,건조,맑음,교차로 - 교차로안,승용,여,52세,상해없음,이륜,남,76세,경상
2020050900100373,2020년 5월 9일 16시,토요일,충청남도 태안군 남면,경상사고,0,0,2,0,차대차 - 추돌,안전거리미확보,건조,맑음,교차로 - 교차로부근,승용,남,33세,상해없음,승용,남,63세,경상
2020050900100398,2020년 5월 9일 17시,토요일,충청남도 서산시 동문동,경상사고,0,0,1,0,차대차 - 측면충돌,신호위반,건조,맑음,교차로 - 교차로안,승용,남,51세,상해없음,이륜,남,24세,경상
2020050900100399,2020년 5월 9일 17시,토요일,충청남도 태안군 태안읍,경상사고,0,0,1,0,차대차 - 측면충돌,차로위반,건조,맑음,단일로 - 기타,승합,남,46세,상해없음,승용,여,63세,경상
2020050900100470,2020년 5월 9일 19시,토요일,충청남도 천안시 서북구 성환읍,중상사고,0,2,0,0,차대차 - 측면충돌,안전운전불이행,젖음/습기,흐림,교차로 - 교차로안,승용,남,53세,기타불명,승용,남,73세,중상
2020050900100471,2020년 5월 9일 19시,토요일,충청남도 천안시 서북구 성성동,경상사고,0,0,1,0,차대차 - 추돌,안전거리미확보,건조,맑음,단일로 - 기타,이륜,남,34세,상해없음,승용,남,27세,상해없음
2020050900100472,2020년 5월 9일 19시,토요일,충청남도 아산시 온천동,경상사고,0,0,1,0,차대차 - 추돌,안전운전불이행,젖음/습기,흐림,교차로 - 교차로부근,승용,남,30세,상해없음,승용,남,24세,경상
2020050900100541,2020년 5월 9일 21시,토요일,충청남도 서산시 석남동,경상사고,0,0,1,0,차대사람 - 보도통행중,보행자보호의무위반,젖음/습기,맑음,교차로 - 교차로안,승용,남,57세,상해없음,보행자,여,20세,경상
2020050900100576,2020년 5월 9일 22시,토요일,충청남도 아산시 용화동,경상사고,0,0,1,0,차대차 - 측면충돌,교차로운행방법위반,건조,맑음,교차로 - 교차로안,이륜,남,17세,경상,승용,남,40세,상해없음
2020050900100577,2020년 5월 9일 22시,토요일,충청남도 아산시 선장면,중상사고,0,1,0,0,차대사람 - 차도통행중,안전운전불이행,건조,맑음,기타 - 기타,승합,남,55세,상해없음,보행자,남,48세,중상
2020050900100600,2020년 5월 9일 23시,토요일,충청남도 서산시 읍내동,경상사고,0,0,1,0,차대사람 - 기타,안전운전불이행,젖음/습기,비,교차로 - 교차로안,승용,남,56세,상해없음,보행자,여,52세,경상
2020050900100601,2020년 5월 9일 23시,토요일,충청남도 서산시 예천동,경상사고,0,0,4,0,차대차 - 측면충돌,안전운전불이행,젖음/습기,비,교차로 - 교차로안,승용,남,54세,상해없음,이륜,남,26세,경상
2020050900100602,2020년 5월 9일 23시,토요일,충청남도 홍성군 홍성읍,경상사고,0,0,1,0,차대사람 - 차도통행중,안전운전불이행,젖음/습기,비,교차로 - 교차로안,화물,남,20세,상해없음,보행자,여,49세,경상
2020050900100603,2020년 5월 9일 23시,토요일,충청남도 천안시 동남구 원성동,경상사고,0,0,1,0,차대차 - 추돌,안전거리미확보,젖음/습기,비,단일로 - 기타,승용,여,47세,상해없음,승용,남,40세,경상
2020051000100027,2020년 5월 10일 01시,일요일,충청남도 홍성군 구항면,경상사고,0,0,1,0,차대차 - 기타,안전운전불이행,젖음/습기,비,단일로 - 기타,승용,남,30세,상해없음,승용,남,34세,경상
2020051000100063,2020년 5월 10일 04시,일요일,충청남도 예산군 덕산면,중상사고,0,1,0,0,차량단독 - 공작물충돌,안전운전불이행,젖음/습기,비,단일로 - 고가도로위,승용,남,23세,상해없음,,,,
2020051000100114,2020년 5월 10일 10시,일요일,충청남도 천안시 서북구 성정동,경상사고,0,0,1,0,차대차 - 측면충돌,안전운전불이행,건조,흐림,교차로 - 교차로부근,승용,남,60세,상해없음,이륜,남,21세,경상
2020051000100145,2020년 5월 10일 12시,일요일,충청남도 천안시 동남구 영성동,경상사고,0,0,1,0,차대사람 - 기타,안전운전불이행,건조,맑음,단일로 - 기타,승용,여,60세,상해없음,보행자,여,57세,경상
2020051000100220,2020년 5월 10일 15시,일요일,충청남도 공주시 유구읍,경상사고,0,0,1,0,차대차 - 기타,직진우회전진행방해,건조,맑음,교차로 - 교차로안,화물,남,55세,상해없음,자전거,여,69세,경상
2020051000100250,2020년 5월 10일 16시,일요일,충청남도 아산시 배방읍,중상사고,0,1,0,0,차대사람 - 기타,안전운전불이행,건조,맑음,교차로 - 교차로부근,승용,남,37세,상해없음,보행자,남,23세,중상
2020051000100251,2020년 5월 10일 16시,일요일,충청남도 부여군 임천면,경상사고,0,0,1,0,차대차 - 측면충돌,안전운전불이행,건조,맑음,단일로 - 교량,이륜,남,61세,경상,화물,남,47세,상해없음
2020051000100369,2020년 5월 10일 21시,일요일,충청남도 천안시 서북구 두정동,중상사고,0,1,1,0,차대차 - 측면충돌,신호위반,건조,맑음,교차로 - 교차로안,이륜,남,23세,경상,승용,여,28세,중상
2020051100100005,2020년 5월 11일 00시,월요일,충청남도 논산시 채운면,중상사고,0,1,0,0,차대차 - 측면충돌,신호위반,건조,맑음,교차로 - 교차로안,승용,남,78세,상해없음,농기계,남,63세,중상
2020051100100006,2020년 5월 11일 00시,월요일,충청남도 천안시 동남구 봉명동,중상사고,0,1,0,0,차대사람 - 기타,안전운전불이행,건조,맑음,기타 - 기타,화물,남,63세,상해없음,보행자,남,50세,중상
2020051100100014,2020년 5월 11일 01시,월요일,충청남도 서산시 양대동,경상사고,0,0,1,0,차대사람 - 기타,안전운전불이행,건조,맑음,단일로 - 기타,승용,남,55세,상해없음,보행자,남,61세,경상
2020051100100118,2020년 5월 11일 08시,월요일,충청남도 서산시 동문동,중상사고,0,1,0,0,차대차 - 측면충돌,교차로운행방법위반,건조,맑음,교차로 - 교차로안,승용,남,54세,상해없음,자전거,남,77세,중상
2020051100100119,2020년 5월 11일 08시,월요일,충청남도 천안시 동남구 병천면,중상사고,0,1,0,0,차대차 - 측면충돌,직진우회전진행방해,건조,맑음,교차로 - 교차로안,화물,남,64세,상해없음,이륜,여,55세,중상
2020051100100155,2020년 5월 11일 09시,월요일,충청남도 아산시 온천동,경상사고,0,0,1,0,차대차 - 기타,안전운전불이행,건조,맑음,단일로 - 기타,승용,남,78세,상해없음,승용,남,24세,경상
2020051100100156,2020년 5월 11일 09시,월요일,충청남도 보령시 대천동,경상사고,0,0,1,0,차대사람 - 기타,안전운전불이행,건조,맑음,단일로 - 기타,승용,남,56세,상해없음,보행자,여,76세,경상
2020051100100196,2020년 5월 11일 10시,월요일,충청남도 서산시 음암면,중상사고,0,2,0,0,차대차 - 추돌,안전거리미확보,건조,맑음,교차로 - 교차로안,화물,남,74세,상해없음,승용,여,36세,중상
2020051100100197,2020년 5월 11일 10시,월요일,충청남도 천안시 서북구 업성동,중상사고,0,2,0,0,차대차 - 측면충돌,교차로운행방법위반,건조,맑음,단일로 - 기타,화물,남,59세,상해없음,화물,남,73세,중상
2020051100100280,2020년 5월 11일 12시,월요일,충청남도 서산시 읍내동,경상사고,0,0,1,0,차대차 - 측면충돌,불법유턴,건조,맑음,교차로 - 교차로안,승용,남,26세,상해없음,이륜,남,43세,경상
2020051100100281,2020년 5월 11일 12시,월요일,충청남도 논산시 연산면,경상사고,0,0,1,0,차대차 - 측면충돌,직진우회전진행방해,건조,맑음,교차로 - 교차로안,승용,남,63세,상해없음,화물,남,40세,경상
2020051100100282,2020년 5월 11일 12시,월요일,충청남도 예산군 덕산면,경상사고,0,0,1,1,차대차 - 측면충돌,신호위반,건조,맑음,교차로 - 교차로안,승용,남,17세,상해없음,승합,여,55세,경상
2020051100100311,2020년 5월 11일 13시,월요일,충청남도 천안시 서북구 백석동,중상사고,0,1,0,0,차대차 - 측면충돌,안전운전불이행,건조,맑음,단일로 - 기타,승용,여,50세,상해없음,이륜,남,45세,중상
2020051100100312,2020년 5월 11일 13시,월요일,충청남도 천안시 서북구 두정동,경상사고,0,0,2,0,차대차 - 측면충돌,직진우회전진행방해,건조,맑음,교차로 - 교차로안,승용,남,22세,경상,승용,남,37세,경상