사고번호,사고일시,요일,시군구,사고내용,사망자수,중상자수,경상자수,부상신고자수,사고유형,법규위반,노면상태,기상상태,도로형태,가해운전자 차종,가해운전자 성별,가해운전자 연령,가해운전자 상해정도,피해운전자 차종,피해운전자 성별,피해운전자 연령,피해운전자 상해정도
2020051100100353,2020년 5월 11일 14시,월요일,충청남도 부여군 부여읍,중상사고,0,1,0,0,차대사람 - 기타,안전운전불이행,건조,맑음,단일로 - 기타,승용,여,66세,상해없음,보행자,여,89세,중상
2020051100100354,2020년 5월 11일 14시,월요일,충청남도 공주시 이인면,경상사고,0,0,1,0,차대차 - 기타,안전운전불이행,건조,맑음,단일로 - 기타,승용,남,29세,상해없음,승용,남,34세,경상
2020051100100405,2020년 5월 11일 15시,월요일,충청남도 아산시 음봉면,중상사고,0,1,2,0,차대차 - 기타,신호위반,건조,맑음,교차로 - 교차로안,화물,남,45세,상해없음,승용,남,35세,중상
2020051100100406,2020년 5월 11일 15시,월요일,충청남도 청양군 장평면,경상사고,0,0,1,0,차대차 - 측면충돌,안전운전불이행,건조,맑음,교차로 - 교차로안,화물,남,73세,상해없음,승용,남,64세,경상
2020051100100444,2020년 5월 11일 16시,월요일,충청남도 천안시 서북구 두정동,중상사고,0,1,2,0,차대차 - 측면충돌,신호위반,건조,맑음,교차로 - 교차로안,이륜,남,23세,상해없음,승용,여,50세,경상
2020051100100445,2020년 5월 11일 16시,월요일,충청남도 천안시 서북구 쌍용동,경상사고,0,0,1,0,차대차 - 측면충돌,안전운전불이행,건조,맑음,단일로 - 기타,승합,남,46세,상해없음,승용,남,62세,경상
2020051100100446,2020년 5월 11일 16시,월요일,충청남도 천안시 서북구 쌍용동,경상사고,0,0,1,0,차대차 - 측면충돌,안전운전불이행,건조,맑음,교차로 - 교차로부근,승용,남,41세,상해없음,승용,남,27세,경상
2020051100100447,2020년 5월 11일 16시,월요일,충청남도 아산시 배방읍,중상사고,0,1,0,0,차대차 - 기타,교차로운행방법위반,건조,맑음,교차로 - 교차로안,승용,남,57세,상해없음,화물,남,49세,중상
2020051100100448,2020년 5월 11일 16시,월요일,충청남도 공주시 정안면,중상사고,0,2,0,0,차대차 - 기타,안전운전불이행,건조,맑음,단일로 - 터널,승용,남,34세,상해없음,승용,남,62세,중상
2020051100100485,2020년 5월 11일 17시,월요일,충청남도 논산시 반월동,중상사고,0,1,0,0,차대차 - 추돌,안전운전불이행,건조,맑음,교차로 - 교차로안,승용,남,45세,상해없음,이륜,남,37세,중상
2020051100100486,2020년 5월 11일 17시,월요일,충청남도 예산군 삽교읍,경상사고,0,0,3,0,차대차 - 정면충돌,직진우회전진행방해,건조,맑음,교차로 - 교차로안,승합,여,58세,상해없음,승용,여,69세,경상
2020051100100518,2020년 5월 11일 18시,월요일,충청남도 천안시 서북구 직산읍,경상사고,0,0,1,0,차대차 - 추돌,안전운전불이행,건조,맑음,교차로 - 교차로안,화물,남,51세,상해없음,승용,남,24세,경상
2020051100100519,2020년 5월 11일 18시,월요일,충청남도 홍성군 홍북읍,경상사고,0,0,1,0,차대차 - 기타,안전운전불이행,건조,맑음,단일로 - 기타,승용,남,34세,상해없음,자전거,남,11세,경상
2020051100100520,2020년 5월 11일 18시,월요일,충청남도 공주시 사곡면,중상사고,0,1,0,0,차량단독 - 기타,안전운전불이행,건조,맑음,단일로 - 기타,이륜,남,66세,중상,,,,
2020051100100584,2020년 5월 11일 20시,월요일,충청남도 홍성군 홍북읍,중상사고,0,1,0,0,차대차 - 정면충돌,신호위반,건조,맑음,교차로 - 교차로안,승용,남,24세,상해없음,승용,남,39세,중상
2020051100100585,2020년 5월 11일 20시,월요일,충청남도 당진시 송악읍,경상사고,0,0,1,0,차대차 - 측면충돌,안전거리미확보,건조,맑음,단일로 - 기타,승용,남,40세,상해없음,승용,여,72세,경상
2020051100100612,2020년 5월 11일 21시,월요일,충청남도 아산시 탕정면,중상사고,0,2,0,0,차대차 - 추돌,안전운전불이행,젖음/습기,비,단일로 - 기타,승용,남,17세,상해없음,이륜,남,29세,중상
2020051100100613,2020년 5월 11일 21시,월요일,충청남도 서천군 종천면,사망사고,1,0,0,0,차대차 - 기타,안전운전불이행,건조,맑음,단일로 - 기타,승용,남,37세,상해없음,원동기,남,35세,사망
2020051100100673,2020년 5월 11일 23시,월요일,충청남도 서산시 동문동,중상사고,0,1,0,0,차대차 - 추돌,안전운전불이행,젖음/습기,비,단일로 - 기타,화물,남,44세,상해없음,승용,여,51세,중상
2020051200100064,2020년 5월 12일 06시,화요일,충청남도 천안시 동남구 목천읍,경상사고,0,0,2,0,차대차 - 측면충돌,신호위반,건조,맑음,교차로 - 교차로안,화물,남,44세,상해없음,승용,남,40세,경상
2020051200100065,2020년 5월 12일 06시,화요일,충청남도 천안시 동남구 수신면,경상사고,0,0,1,1,차대차 - 측면충돌,직진우회전진행방해,건조,맑음,교차로 - 교차로부근,승용,남,59세,부상신고,승용,여,47세,경상
2020051200100125,2020년 5월 12일 08시,화요일,충청남도 논산시 대교동,중상사고,0,2,0,0,차대차 - 기타,신호위반,건조,맑음,교차로 - 교차로안,화물,남,63세,상해없음,화물,남,56세,중상
2020051200100126,2020년 5월 12일 08시,화요일,충청남도 아산시 영인면,경상사고,0,0,1,0,차대차 - 추돌,안전운전불이행,건조,맑음,단일로 - 기타,승용,남,32세,상해없음,승용,여,37세,경상
2020051200100127,2020년 5월 12일 08시,화요일,충청남도 아산시 음봉면,경상사고,0,0,3,0,차대차 - 기타,기타,건조,맑음,단일로 - 기타,승용,여,34세,기타불명,승용,남,48세,경상
2020051200100128,2020년 5월 12일 08시,화요일,충청남도 부여군 석성면,경상사고,0,0,1,0,차대차 - 측면충돌,과속,건조,맑음,단일로 - 기타,승용,여,45세,상해없음,승용,여,61세,경상
2020051200100129,2020년 5월 12일 08시,화요일,충청남도 천안시 동남구 신방동,경상사고,0,0,2,0,차대차 - 측면충돌,교차로운행방법위반,건조,맑음,교차로 - 교차로안,승용,남,33세,경상,승용,남,33세,경상
2020051200100160,2020년 5월 12일 09시,화요일,충청남도 공주시 신관동,경상사고,0,0,1,1,차대차 - 추돌,안전운전불이행,건조,맑음,단일로 - 기타,화물,남,37세,부상신고,승용,남,54세,경상
2020051200100186,2020년 5월 12일 10시,화요일,충청남도 당진시 채운동,경상사고,0,0,1,1,차대차 - 측면충돌,교차로운행방법위반,건조,맑음,교차로 - 교차로안,승용,남,31세,부상신고,화물,남,62세,경상
2020051200100187,2020년 5월 12일 10시,화요일,충청남도 천안시 동남구 신방동,경상사고,0,0,1,0,차대차 - 기타,신호위반,건조,맑음,교차로 - 교차로안,화물,남,65세,상해없음,승용,남,44세,경상
2020051200100223,2020년 5월 12일 11시,화요일,충청남도 천안시 서북구 성환읍,경상사고,0,0,1,0,차대차 - 후진중충돌,안전거리미확보,건조,맑음,단일로 - 기타,화물,남,56세,경상,화물,남,63세,상해없음
2020051200100249,2020년 5월 12일 12시,화요일,충청남도 당진시 읍내리,경상사고,0,0,1,0,차대차 - 추돌,안전거리미확보,건조,맑음,단일로 - 기타,승용,남,18세,상해없음,승용,여,57세,경상
2020051200100275,2020년 5월 12일 13시,화요일,충청남도 아산시 법곡동,중상사고,0,1,0,0,차대사람 - 횡단중,안전운전불이행,건조,맑음,단일로 - 기타,승용,남,50세,상해없음,보행자,여,85세,중상
2020051200100276,2020년 5월 12일 13시,화요일,충청남도 당진시 송악읍,경상사고,0,0,2,0,차대차 - 추돌,안전거리미확보,건조,맑음,단일로 - 기타,승용,남,55세,상해없음,특수,남,56세,경상
2020051200100304,2020년 5월 12일 14시,화요일,충청남도 서산시 예천동,부상신고사고,0,0,0,1,차대차 - 측면충돌,안전운전불이행,건조,맑음,교차로 - 교차로부근,이륜,남,18세,부상신고,승용,남,65세,상해없음
2020051200100372,2020년 5월 12일 16시,화요일,충청남도 보령시 대천동,중상사고,0,1,0,0,차대차 - 기타,안전운전불이행,건조,맑음,교차로 - 교차로안,이륜,남,42세,중상,승용,여,52세,상해없음
2020051200100470,2020년 5월 12일 18시,화요일,충청남도 서산시 동문동,중상사고,0,1,0,0,차대사람 - 차도통행중,안전운전불이행,건조,맑음,단일로 - 기타,승용,여,54세,상해없음,보행자,여,61세,중상
2020051200100471,2020년 5월 12일 18시,화요일,충청남도 당진시 읍내리,경상사고,0,0,1,0,차대차 - 측면충돌,안전운전불이행,건조,맑음,교차로 - 교차로안,승합,남,66세,상해없음,승용,남,70세,경상
2020051200100555,2020년 5월 12일 21시,화요일,충청남도 당진시 송악읍,경상사고,0,0,1,0,차대차 - 측면충돌,중앙선침범,건조,맑음,단일로 - 기타,기타불명,기타불명,미분류,기타불명,승용,남,57세,경상
2020051200100574,2020년 5월 12일 22시,화요일,충청남도 당진시 우강면,중상사고,0,1,0,0,차대차 - 정면충돌,중앙선침범,건조,맑음,단일로 - 기타,승용,여,37세,상해없음,승용,남,20세,중상
2020051200100594,2020년 5월 12일 23시,화요일,충청남도 당진시 석문면,경상사고,0,0,3,0,차대차 - 측면충돌,중앙선침범,건조,맑음,단일로 - 기타,화물,남,35세,상해없음,승용,남,27세,경상
2020051300100022,2020년 5월 13일 01시,수요일,충청남도 천안시 서북구 성정동,경상사고,0,0,1,0,차대차 - 추돌,안전운전불이행,건조,맑음,교차로 - 교차로부근,승용,남,27세,상해없음,승용,여,58세,경상
2020051300100042,2020년 5월 13일 03시,수요일,충청남도 논산시 가야곡면,중상사고,0,1,1,0,차대차 - 추돌,안전운전불이행,건조,맑음,단일로 - 기타,승용,남,24세,중상,화물,남,50세,경상
2020051300100047,2020년 5월 13일 04시,수요일,충청남도 아산시 온천동,경상사고,0,0,1,0,차대차 - 정면충돌,안전운전불이행,건조,맑음,단일로 - 기타,승용,남,24세,기타불명,자전거,남,75세,경상
2020051300100067,2020년 5월 13일 06시,수요일,충청남도 아산시 용화동,경상사고,0,0,1,0,차대차 - 측면충돌,신호위반,건조,맑음,교차로 - 교차로안,승용,남,64세,상해없음,승용,남,33세,경상
2020051300100091,2020년 5월 13일 07시,수요일,충청남도 당진시 대덕리,경상사고,0,0,1,0,차대차 - 측면충돌,안전운전불이행,건조,맑음,기타 - 기타,화물,남,62세,상해없음,화물,남,60세,경상
2020051300100118,2020년 5월 13일 08시,수요일,충청남도 천안시 서북구 입장면,경상사고,0,0,1,1,차대차 - 정면충돌,중앙선침범,건조,맑음,단일로 - 기타,승용,남,68세,부상신고,승용,여,53세,경상
2020051300100119,2020년 5월 13일 08시,수요일,충청남도 천안시 서북구 성정동,경상사고,0,0,2,0,차대차 - 기타,안전거리미확보,건조,맑음,교차로 - 교차로안,승용,남,33세,상해없음,승용,남,32세,경상
2020051300100120,2020년 5월 13일 08시,수요일,충청남도 보령시 남포면,중상사고,0,1,1,0,차대차 - 측면충돌,안전운전불이행,건조,맑음,교차로 - 교차로안,화물,남,63세,경상,농기계,남,63세,중상
2020051300100121,2020년 5월 13일 08시,수요일,충청남도 당진시 송산면,중상사고,0,2,0,0,차대차 - 정면충돌,안전운전불이행,건조,맑음,교차로 - 교차로안,화물,남,70세,중상,승용,여,48세,중상
2020051300100122,2020년 5월 13일 08시,수요일,충청남도 천안시 동남구 삼룡동,경상사고,0,0,1,0,차대차 - 추돌,안전운전불이행,건조,맑음,교차로 - 교차로부근,승용,여,30세,상해없음,승용,남,56세,경상
2020051300100225,2020년 5월 13일 11시,수요일,충청남도 천안시 서북구 업성동,경상사고,0,0,1,0,차대차 - 측면충돌,안전운전불이행,건조,맑음,교차로 - 교차로안,승용,남,56세,상해없음,화물,여,61세,경상
2020051300100226,2020년 5월 13일 11시,수요일,충청남도 보령시 대천동,경상사고,0,0,1,0,차대사람 - 기타,안전운전불이행,건조,맑음,기타 - 기타,승용,여,38세,상해없음,보행자,남,47세,경상
2020051300100227,2020년 5월 13일 11시,수요일,충청남도 공주시 정안면,중상사고,0,1,1,0,차대차 - 정면충돌,중앙선침범,건조,맑음,단일로 - 기타,승용,남,35세,중상,승용,남,59세,경상
2020051300100259,2020년 5월 13일 12시,수요일,충청남도 서천군 기산면,경상사고,0,0,1,0,차량단독 - 도로외이탈 - 기타,안전운전불이행,건조,맑음,단일로 - 기타,화물,남,26세,경상,,,,
2020051300100260,2020년 5월 13일 12시,수요일,충청남도 천안시 동남구 풍세면,경상사고,0,0,2,0,차대차 - 기타,안전운전불이행,건조,맑음,단일로 - 터널,승용,남,32세,상해없음,승용,여,44세,경상
2020051300100323,2020년 5월 13일 14시,수요일,충청남도 당진시 읍내리,경상사고,0,0,1,0,차대차 - 측면충돌,중앙선침범,건조,맑음,교차로 - 교차로부근,승용,남,56세,상해없음,이륜,남,50세,경상
2020051300100324,2020년 5월 13일 14시,수요일,충청남도 당진시 송산면,중상사고,0,1,0,0,차대차 - 추돌,안전운전불이행,건조,맑음,교차로 - 교차로부근,화물,남,42세,상해없음,승용,여,42세,중상
2020051300100325,2020년 5월 13일 14시,수요일,충청남도 천안시 동남구 신부동,중상사고,0,1,0,0,차대차 - 측면충돌,안전운전불이행,건조,맑음,교차로 - 교차로안,승용,남,51세,상해없음,이륜,남,81세,중상
2020051300100365,2020년 5월 13일 15시,수요일,충청남도 아산시 방축동,중상사고,0,1,0,0,차대차 - 측면충돌,교차로운행방법위반,건조,맑음,교차로 - 교차로안,승용,남,65세,상해없음,자전거,남,43세,중상
2020051300100366,2020년 5월 13일 15시,수요일,충청남도 아산시 음봉면,중상사고,0,1,0,0,차대사람 - 기타,안전운전불이행,건조,맑음,교차로 - 교차로부근,승용,여,51세,상해없음,보행자,남,96세,중상
2020051300100460,2020년 5월 13일 17시,수요일,충청남도 당진시 석문면,경상사고,0,0,3,0,차대차 - 추돌,안전운전불이행,건조,맑음,교차로 - 교차로부근,화물,남,67세,상해없음,승용,여,54세,경상
2020051300100502,2020년 5월 13일 18시,수요일,충청남도 서산시 예천동,경상사고,0,0,1,0,차대차 - 기타,안전운전불이행,건조,맑음,교차로 - 교차로부근,승용,남,40세,상해없음,이륜,남,27세,경상
2020051300100503,2020년 5월 13일 18시,수요일,충청남도 천안시 서북구 성정동,경상사고,0,0,1,0,차대차 - 측면충돌,신호위반,건조,맑음,교차로 - 교차로안,이륜,남,50세,상해없음,승용,여,67세,경상
2020051300100504,2020년 5월 13일 18시,수요일,충청남도 천안시 서북구 성환읍,경상사고,0,0,1,0,차대차 - 기타,안전운전불이행,건조,맑음,단일로 - 기타,승용,남,46세,상해없음,승용,남,58세,경상
2020051300100589,2020년 5월 13일 20시,수요일,충청남도 천안시 서북구 성거읍,경상사고,0,0,1,0,차대차 - 측면충돌,안전거리미확보,건조,맑음,단일로 - 기타,승용,여,60세,상해없음,승용,여,53세,경상
2020051300100590,2020년 5월 13일 20시,수요일,충청남도 아산시 온천동,경상사고,0,0,2,0,차대차 - 추돌,안전운전불이행,건조,맑음,교차로 - 교차로부근,승용,남,49세,상해없음,승용,남,32세,경상
2020051300100591,2020년 5월 13일 20시,수요일,충청남도 부여군 부여읍,중상사고,0,2,3,0,차대차 - 측면충돌,신호위반,건조,맑음,교차로 - 교차로안,승용,남,40세,경상,승용,여,40세,중상
2020051300100592,2020년 5월 13일 20시,수요일,충청남도 청양군 청양읍,경상사고,0,0,1,0,차량단독 - 공작물충돌,안전운전불이행,건조,맑음,단일로 - 기타,승용,여,64세,경상,,,,
2020051300100627,2020년 5월 13일 22시,수요일,충청남도 천안시 서북구 신당동,경상사고,0,0,1,0,차대차 - 추돌,안전운전불이행,건조,맑음,교차로 - 교차로부근,승용,남,41세,상해없음,승용,남,28세,경상
2020051300100628,2020년 5월 13일 22시,수요일,충청남도 서천군 장항읍,경상사고,0,0,1,0,차대차 - 추돌,안전운전불이행,건조,맑음,단일로 - 기타,승용,여,52세,경상,화물,남,45세,기타불명
2020051300100643,2020년 5월 13일 23시,수요일,충청남도 천안시 서북구 불당동,사망사고,1,1,1,0,차대차 - 측면충돌,신호위반,건조,맑음,교차로 - 교차로안,이륜,남,24세,중상,승용,남,46세,경상
2020051300100644,2020년 5월 13일 23시,수요일,충청남도 서천군 서천읍,경상사고,0,0,1,0,차대차 - 측면충돌,중앙선침범,건조,맑음,단일로 - 기타,승용,남,56세,경상,승용,남,44세,상해없음
2020051400100009,2020년 5월 14일 00시,목요일,충청남도 아산시 용화동,경상사고,0,0,2,0,차대차 - 기타,안전운전불이행,건조,맑음,교차로 - 교차로부근,승용,남,23세,상해없음,승용,남,34세,경상
2020051400100049,2020년 5월 14일 06시,목요일,충청남도 당진시 석문면,경상사고,0,0,1,0,차대차 - 측면충돌,중앙선침범,건조,맑음,단일로 - 기타,승용,남,49세,상해없음,승용,남,48세,경상
2020051400100123,2020년 5월 14일 09시,목요일,충청남도 당진시 송악읍,중상사고,0,1,0,0,차대사람 - 차도통행중,안전운전불이행,건조,맑음,단일로 - 기타,승용,여,43세,상해없음,보행자,여,83세,중상
2020051400100124,2020년 5월 14일 09시,목요일,충청남도 당진시 읍내리,부상신고사고,0,0,0,1,차대차 - 측면충돌,교차로운행방법위반,건조,맑음,교차로 - 교차로안,승용,남,84세,부상신고,승용,남,47세,상해없음
2020051400100152,2020년 5월 14일 10시,목요일,충청남도 서산시 동문동,경상사고,0,0,1,0,차대사람 - 차도통행중,안전운전불이행,건조,맑음,단일로 - 기타,승용,남,73세,상해없음,보행자,여,56세,경상
2020051400100192,2020년 5월 14일 11시,목요일,충청남도 서산시 예천동,경상사고,0,0,1,0,차대차 - 측면충돌,신호위반,건조,맑음,교차로 - 교차로안,승용,여,56세,상해없음,승용,여,36세,경상
2020051400100193,2020년 5월 14일 11시,목요일,충청남도 당진시 합덕읍,경상사고,0,0,1,0,차대사람 - 차도통행중,안전운전불이행,건조,맑음,단일로 - 기타,승용,남,43세,상해없음,보행자,여,80세,경상
2020051400100194,2020년 5월 14일 11시,목요일,충청남도 천안시 서북구 입장면,경상사고,0,0,1,0,차대차 - 측면충돌,안전운전불이행,건조,맑음,단일로 - 기타,승용,남,67세,상해없음,승용,남,33세,경상
2020051400100228,2020년 5월 14일 12시,목요일,충청남도 서천군 비인면,중상사고,0,1,0,0,차대차 - 후진중충돌,안전운전불이행,건조,맑음,교차로 - 교차로부근,승용,여,58세,중상,이륜,남,82세,상해없음
2020051400100298,2020년 5월 14일 14시,목요일,충청남도 천안시 서북구 백석동,경상사고,0,0,1,0,차대차 - 기타,교차로운행방법위반,건조,맑음,교차로 - 교차로안,승용,남,29세,상해없음,승용,남,38세,경상
2020051400100299,2020년 5월 14일 14시,목요일,충청남도 예산군 오가면,경상사고,0,0,1,0,차대차 - 측면충돌,직진우회전진행방해,건조,맑음,교차로 - 교차로안,이륜,여,58세,상해없음,승용,남,30세,경상
2020051400100374,2020년 5월 14일 16시,목요일,충청남도 태안군 고남면,중상사고,0,2,0,0,차대차 - 정면충돌,안전운전불이행,건조,흐림,단일로 - 기타,화물,남,59세,상해없음,이륜,남,71세,중상
2020051400100413,2020년 5월 14일 17시,목요일,충청남도 천안시 서북구 두정동,경상사고,0,0,1,0,차대차 - 기타,안전운전불이행,건조,맑음,단일로 - 기타,승용,여,65세,상해없음,자전거,여,26세,경상
2020051400100414,2020년 5월 14일 17시,목요일,충청남도 아산시 배방읍,중상사고,0,1,0,0,차대차 - 기타,안전운전불이행,건조,맑음,주차장 - 주차장,승용,남,59세,상해없음,자전거,여,8세,중상
2020051400100463,2020년 5월 14일 18시,목요일,충청남도 예산군 예산읍,경상사고,0,0,3,0,차대차 - 기타,안전운전불이행,건조,맑음,주차장 - 주차장,승용,여,41세,상해없음,승용,여,42세,기타불명
2020051400100507,2020년 5월 14일 19시,목요일,충청남도 천안시 서북구 두정동,경상사고,0,0,1,0,차대차 - 측면충돌,교차로운행방법위반,건조,맑음,교차로 - 교차로안,승용,여,46세,상해없음,이륜,남,38세,경상
2020051400100569,2020년 5월 14일 21시,목요일,충청남도 당진시 읍내리,경상사고,0,0,1,0,차대사람 - 차도통행중,안전운전불이행,건조,맑음,교차로 - 교차로안,승용,남,26세,상해없음,보행자,남,38세,경상
2020051400100600,2020년 5월 14일 22시,목요일,충청남도 아산시 권곡동,경상사고,0,0,1,0,차대차 - 기타,안전운전불이행,건조,맑음,교차로 - 교차로부근,승용,남,45세,상해없음,승용,여,23세,경상
2020051400100601,2020년 5월 14일 22시,목요일,충청남도 당진시 수청리,경상사고,0,0,2,0,차대차 - 추돌,안전운전불이행,건조,맑음,단일로 - 기타,승용,남,34세,상해없음,화물,남,65세,경상
2020051500100006,2020년 5월 15일 00시,금요일,충청남도 아산시 모종동,경상사고,0,0,1,0,차대차 - 기타,신호위반,건조,맑음,교차로 - 교차로안,승용,남,38세,상해없음,승용,남,63세,경상
2020051500100007,2020년 5월 15일 00시,금요일,충청남도 예산군 응봉면,경상사고,0,0,1,0,차대차 - 측면충돌,차로위반,건조,맑음,단일로 - 기타,승용,여,49세,상해없음,승용,남,31세,경상
2020051500100008,2020년 5월 15일 00시,금요일,충청남도 천안시 동남구 청당동,경상사고,0,0,1,0,차대차 - 후진중충돌,안전운전불이행,건조,맑음,교차로 - 교차로안,승용,남,28세,상해없음,승용,남,52세,경상
2020051500100081,2020년 5월 15일 07시,금요일,충청남도 아산시 배방읍,경상사고,0,0,1,0,차대차 - 추돌,안전운전불이행,젖음/습기,비,교차로 - 교차로부근,화물,남,27세,상해없음,승합,남,63세,경상
2020051500100082,2020년 5월 15일 07시,금요일,충청남도 당진시 송악읍,경상사고,0,0,3,0,차대차 - 추돌,안전운전불이행,젖음/습기,비,단일로 - 기타,특수,남,25세,상해없음,화물,남,63세,경상
2020051500100114,2020년 5월 15일 08시,금요일,충청남도 천안시 서북구 쌍용동,부상신고사고,0,0,0,1,차대차 - 측면충돌,불법유턴,건조,맑음,단일로 - 기타,승용,남,69세,부상신고,승용,남,58세,상해없음
2020051500100171,2020년 5월 15일 10시,금요일,충청남도 아산시 모종동,경상사고,0,0,1,0,차대사람 - 횡단중,보행자보호의무위반,젖음/습기,비,교차로 - 교차로안,승용,남,47세,상해없음,보행자,남,56세,경상
2020051500100172,2020년 5월 15일 10시,금요일,충청남도 천안시 동남구 신방동,경상사고,0,0,1,0,차대차 - 추돌,안전운전불이행,건조,맑음,단일로 - 기타,승용,남,58세,상해없음,승용,여,54세,경상
2020051500100193,2020년 5월 15일 11시,금요일,충청남도 예산군 대흥면,중상사고,0,1,1,0,차량단독 - 기타,안전운전불이행,젖음/습기,비,단일로 - 기타,승합,남,54세,상해없음,,,,
2020051500100194,2020년 5월 15일 11시,금요일,충청남도 천안시 동남구 신부동,경상사고,0,0,1,0,차대차 - 기타,안전운전불이행,젖음/습기,비,단일로 - 기타,화물,남,67세,상해없음,승용,남,31세,경상
2020051500100224,2020년 5월 15일 12시,금요일,충청남도 논산시 내동,중상사고,0,3,0,0,차대차 - 추돌,안전운전불이행,젖음/습기,비,교차로 - 교차로부근,화물,남,69세,상해없음,승용,여,43세,중상
2020051500100225,2020년 5월 15일 12시,금요일,충청남도 부여군 석성면,경상사고,0,0,1,0,차대차 - 측면충돌,교차로운행방법위반,젖음/습기,비,교차로 - 교차로안,화물,남,55세,상해없음,승용,남,50세,경상
2020051500100288,2020년 5월 15일 14시,금요일,충청남도 서산시 예천동,경상사고,0,0,1,0,차대차 - 기타,직진우회전진행방해,건조,맑음,교차로 - 교차로안,승용,남,60세,상해없음,이륜,남,58세,경상
2020051500100289,2020년 5월 15일 14시,금요일,충청남도 공주시 계룡면,경상사고,0,0,3,0,차대차 - 정면충돌,중앙선침범,젖음/습기,비,단일로 - 기타,승용,남,53세,기타불명,승합,남,55세,경상
2020051500100290,2020년 5월 15일 14시,금요일,충청남도 당진시 송산면,경상사고,0,0,1,0,차대차 - 측면충돌,신호위반,젖음/습기,비,교차로 - 교차로안,승용,남,63세,상해없음,승용,여,40세,경상
2020051500100322,2020년 5월 15일 15시,금요일,충청남도 서산시 대산읍,중상사고,0,2,0,0,차대차 - 측면충돌,신호위반,젖음/습기,맑음,교차로 - 교차로안,화물,남,44세,상해없음,승용,남,35세,중상
2020051500100323,2020년 5월 15일 15시,금요일,충청남도 서산시 대산읍,경상사고,0,0,1,0,차대차 - 정면충돌,안전운전불이행,건조,맑음,교차로 - 교차로부근,화물,남,53세,상해없음,승용,남,48세,상해없음
2020051500100324,2020년 5월 15일 15시,금요일,충청남도 천안시 서북구 신당동,중상사고,0,2,1,0,차대차 - 측면충돌,안전운전불이행,건조,맑음,단일로 - 기타,승용,여,43세,상해없음,승용,남,28세,경상
2020051500100325,2020년 5월 15일 15시,금요일,충청남도 논산시 부적면,경상사고,0,0,3,0,차대차 - 추돌,안전운전불이행,젖음/습기,비,교차로 - 교차로부근,화물,남,62세,상해없음,승용,여,38세,경상
2020051500100326,2020년 5월 15일 15시,금요일,충청남도 아산시 배방읍,경상사고,0,0,3,0,차대차 - 추돌,안전운전불이행,젖음/습기,비,교차로 - 교차로안,승용,남,55세,상해없음,승용,여,35세,경상
2020051500100327,2020년 5월 15일 15시,금요일,충청남도 보령시 신흑동,경상사고,0,0,1,0,차대차 - 측면충돌,안전운전불이행,건조,맑음,교차로 - 교차로안,승용,여,29세,상해없음,승용,남,61세,경상
2020051500100374,2020년 5월 15일 16시,금요일,충청남도 예산군 삽교읍,중상사고,0,1,0,0,차대차 - 측면충돌,직진우회전진행방해,젖음/습기,비,교차로 - 교차로안,화물,여,64세,상해없음,승용,여,60세,중상
2020051500100415,2020년 5월 15일 17시,금요일,충청남도 천안시 서북구 성정동,경상사고,0,0,1,0,차대사람 - 기타,안전운전불이행,젖음/습기,비,단일로 - 기타,승용,여,56세,상해없음,보행자,여,48세,경상
2020051500100416,2020년 5월 15일 17시,금요일,충청남도 천안시 서북구 쌍용동,경상사고,0,0,3,0,차대차 - 기타,교차로운행방법위반,건조,맑음,교차로 - 교차로안,승용,여,24세,상해없음,승용,여,36세,경상
2020051500100417,2020년 5월 15일 17시,금요일,충청남도 계룡시 금암동,경상사고,0,0,2,0,차대차 - 측면충돌,중앙선침범,젖음/습기,흐림,교차로 - 교차로부근,승용,남,63세,상해없음,화물,남,20세,경상
2020051500100419,2020년 5월 15일 17시,금요일,충청남도 천안시 동남구 신방동,경상사고,0,0,1,0,차대차 - 기타,교차로운행방법위반,건조,맑음,교차로 - 교차로안,승용,여,50세,상해없음,승용,여,53세,경상
2020051500100463,2020년 5월 15일 18시,금요일,충청남도 청양군 비봉면,중상사고,0,1,2,0,차대차 - 측면충돌,안전운전불이행,젖음/습기,흐림,교차로 - 교차로안,승용,남,70세,경상,승용,여,25세,경상
2020051500100595,2020년 5월 15일 21시,금요일,충청남도 당진시 시곡리,중상사고,0,1,3,0,차대차 - 기타,안전운전불이행,젖음/습기,비,교차로 - 교차로부근,승용,여,34세,상해없음,승용,남,67세,상해없음
2020051500100641,2020년 5월 15일 22시,금요일,충청남도 천안시 서북구 성정동,경상사고,0,0,2,0,차대차 - 추돌,안전운전불이행,건조,맑음,교차로 - 교차로부근,승용,남,46세,상해없음,승용,남,65세,경상
2020051500100642,2020년 5월 15일 22시,금요일,충청남도 천안시 동남구 신부동,경상사고,0,0,1,0,차대차 - 기타,직진우회전진행방해,건조,맑음,교차로 - 교차로안,승용,여,48세,상해없음,이륜,남,17세,경상
2020051500100670,2020년 5월 15일 23시,금요일,충청남도 천안시 서북구 백석동,중상사고,0,1,0,0,차대사람 - 횡단중,안전운전불이행,건조,맑음,단일로 - 기타,승용,남,63세,상해없음,보행자,남,26세,중상
2020051500100671,2020년 5월 15일 23시,금요일,충청남도 보령시 대천동,중상사고,0,1,0,0,차대사람 - 횡단중,보행자보호의무위반,젖음/습기,흐림,교차로 - 교차로횡단보도내,승용,남,61세,상해없음,보행자,남,32세,중상