사고번호,사고일시,요일,시군구,사고내용,사망자수,중상자수,경상자수,부상신고자수,사고유형,법규위반,노면상태,기상상태,도로형태,가해운전자 차종,가해운전자 성별,가해운전자 연령,가해운전자 상해정도,피해운전자 차종,피해운전자 성별,피해운전자 연령,피해운전자 상해정도
2020051600100038,2020년 5월 16일 01시,토요일,충청남도 아산시 음봉면,중상사고,0,1,0,0,차대차 - 기타,중앙선침범,젖음/습기,맑음,단일로 - 기타,이륜,남,19세,중상,화물,남,75세,상해없음
2020051600100067,2020년 5월 16일 04시,토요일,충청남도 천안시 서북구 두정동,경상사고,0,0,1,0,차대사람 - 횡단중,안전운전불이행,건조,맑음,단일로 - 기타,승용,남,37세,상해없음,보행자,남,36세,경상
2020051600100081,2020년 5월 16일 06시,토요일,충청남도 천안시 동남구 신부동,경상사고,0,0,2,0,차대차 - 측면충돌,직진우회전진행방해,건조,맑음,교차로 - 교차로안,승용,남,25세,상해없음,승용,남,27세,경상
2020051600100092,2020년 5월 16일 07시,토요일,충청남도 당진시 신평면,중상사고,0,1,0,0,차대차 - 기타,교차로운행방법위반,건조,맑음,교차로 - 교차로안,승용,여,61세,상해없음,화물,남,40세,상해없음
2020051600100183,2020년 5월 16일 11시,토요일,충청남도 서산시 부석면,중상사고,0,3,0,0,차대차 - 정면충돌,신호위반,젖음/습기,흐림,교차로 - 교차로안,승용,여,47세,상해없음,승용,남,25세,중상
2020051600100184,2020년 5월 16일 11시,토요일,충청남도 서천군 마서면,경상사고,0,0,1,0,차대차 - 측면충돌,신호위반,건조,맑음,교차로 - 교차로안,승용,남,71세,상해없음,승용,여,28세,경상
2020051600100185,2020년 5월 16일 11시,토요일,충청남도 태안군 고남면,중상사고,0,1,0,0,차대차 - 기타,안전운전불이행,건조,맑음,단일로 - 기타,화물,남,81세,상해없음,자전거,남,51세,중상
2020051600100219,2020년 5월 16일 12시,토요일,충청남도 서산시 석림동,경상사고,0,0,4,0,차대차 - 추돌,안전거리미확보,젖음/습기,흐림,교차로 - 교차로부근,승용,남,29세,상해없음,승용,남,51세,경상
2020051600100281,2020년 5월 16일 14시,토요일,충청남도 부여군 부여읍,중상사고,0,1,0,0,차대사람 - 횡단중,안전운전불이행,건조,맑음,교차로 - 교차로부근,승용,남,36세,상해없음,보행자,남,67세,중상
2020051600100315,2020년 5월 16일 15시,토요일,충청남도 홍성군 홍성읍,경상사고,0,0,1,0,차대사람 - 차도통행중,안전운전불이행,건조,맑음,단일로 - 기타,승용,여,23세,상해없음,보행자,여,86세,경상
2020051600100316,2020년 5월 16일 15시,토요일,충청남도 공주시 금성동,중상사고,0,1,1,0,차대차 - 측면충돌,신호위반,건조,맑음,교차로 - 교차로안,화물,남,70세,경상,화물,여,40세,중상
2020051600100345,2020년 5월 16일 16시,토요일,충청남도 논산시 노성면,중상사고,0,4,0,0,차대차 - 측면충돌,안전운전불이행,건조,맑음,교차로 - 교차로안,농기계,남,60세,중상,승용,남,68세,중상
2020051600100375,2020년 5월 16일 17시,토요일,충청남도 서산시 대산읍,중상사고,0,2,0,0,차대차 - 추돌,안전운전불이행,건조,흐림,교차로 - 교차로부근,승용,여,51세,상해없음,승용,여,58세,중상
2020051600100376,2020년 5월 16일 17시,토요일,충청남도 서산시 대산읍,경상사고,0,0,1,0,차대차 - 추돌,안전운전불이행,건조,맑음,교차로 - 교차로안,승용,남,66세,상해없음,승용,남,31세,경상
2020051600100377,2020년 5월 16일 17시,토요일,충청남도 논산시 취암동,경상사고,0,0,3,0,차대차 - 추돌,안전운전불이행,건조,맑음,주차장 - 주차장,이륜,남,18세,상해없음,승용,남,32세,경상
2020051600100404,2020년 5월 16일 18시,토요일,충청남도 서산시 동문동,경상사고,0,0,1,0,차대차 - 측면충돌,교차로운행방법위반,건조,흐림,교차로 - 교차로안,승용,남,32세,상해없음,승용,여,52세,경상
2020051600100405,2020년 5월 16일 18시,토요일,충청남도 천안시 서북구 두정동,부상신고사고,0,0,0,1,차대차 - 측면충돌,안전운전불이행,건조,맑음,교차로 - 교차로안,이륜,남,24세,부상신고,승용,남,23세,상해없음
2020051600100406,2020년 5월 16일 18시,토요일,충청남도 천안시 서북구 불당동,경상사고,0,0,1,0,차대차 - 측면충돌,안전운전불이행,건조,흐림,단일로 - 기타,승용,남,36세,상해없음,자전거,남,16세,경상
2020051600100437,2020년 5월 16일 19시,토요일,충청남도 공주시 신관동,경상사고,0,0,1,0,차대차 - 측면충돌,안전운전불이행,건조,맑음,단일로 - 기타,승용,남,51세,상해없음,승용,남,26세,경상
2020051600100438,2020년 5월 16일 19시,토요일,충청남도 공주시 신관동,중상사고,0,1,0,0,차대사람 - 횡단중,보행자보호의무위반,건조,맑음,교차로 - 교차로횡단보도내,승합,남,68세,상해없음,보행자,여,11세,중상
2020051600100464,2020년 5월 16일 20시,토요일,충청남도 서산시 부석면,경상사고,0,0,1,0,차대차 - 추돌,안전운전불이행,건조,흐림,단일로 - 기타,승용,남,37세,상해없음,농기계,남,55세,경상
2020051600100465,2020년 5월 16일 20시,토요일,충청남도 예산군 응봉면,경상사고,0,0,4,0,차대차 - 측면충돌,안전운전불이행,건조,맑음,단일로 - 기타,화물,남,62세,상해없음,승용,남,42세,경상
2020051600100517,2020년 5월 16일 22시,토요일,충청남도 공주시 신관동,경상사고,0,0,1,0,차대사람 - 횡단중,안전운전불이행,건조,맑음,교차로 - 교차로안,화물,남,54세,상해없음,보행자,남,35세,경상
2020051600100539,2020년 5월 16일 23시,토요일,충청남도 천안시 서북구 쌍용동,중상사고,0,1,0,0,차대사람 - 차도통행중,안전운전불이행,건조,흐림,단일로 - 기타,승용,남,34세,상해없음,보행자,남,38세,중상
2020051700100025,2020년 5월 17일 01시,일요일,충청남도 예산군 신암면,경상사고,0,0,1,0,차대차 - 기타,안전운전불이행,건조,맑음,단일로 - 기타,승용,남,33세,상해없음,화물,남,63세,경상
2020051700100040,2020년 5월 17일 02시,일요일,충청남도 아산시 둔포면,경상사고,0,0,1,0,차대차 - 측면충돌,안전운전불이행,건조,맑음,교차로 - 교차로부근,승용,남,53세,상해없음,승용,남,22세,경상
2020051700100057,2020년 5월 17일 04시,일요일,충청남도 천안시 동남구 구성동,중상사고,0,1,0,0,차대사람 - 횡단중,안전운전불이행,건조,맑음,교차로 - 교차로안,승합,남,64세,상해없음,보행자,남,52세,중상
2020051700100116,2020년 5월 17일 10시,일요일,충청남도 서산시 음암면,중상사고,0,1,0,0,차대차 - 측면충돌,교차로운행방법위반,건조,맑음,교차로 - 교차로안,자전거,남,41세,중상,화물,남,54세,상해없음
2020051700100117,2020년 5월 17일 10시,일요일,충청남도 천안시 동남구 원성동,경상사고,0,0,2,0,차대차 - 측면충돌,안전운전불이행,건조,맑음,단일로 - 기타,승용,남,42세,상해없음,승합,남,50세,경상
2020051700100172,2020년 5월 17일 12시,일요일,충청남도 천안시 동남구 신부동,경상사고,0,0,2,0,차대차 - 측면충돌,안전거리미확보,건조,맑음,단일로 - 기타,승용,여,36세,상해없음,승용,남,21세,경상
2020051700100222,2020년 5월 17일 14시,일요일,충청남도 서산시 예천동,중상사고,0,2,2,0,차대차 - 추돌,안전운전불이행,건조,맑음,단일로 - 기타,화물,남,34세,상해없음,승용,여,52세,경상
2020051700100223,2020년 5월 17일 14시,일요일,충청남도 서천군 서천읍,중상사고,0,1,0,0,차대사람 - 횡단중,보행자보호의무위반,건조,맑음,교차로 - 교차로횡단보도내,승합,남,65세,상해없음,보행자,여,56세,중상
2020051700100321,2020년 5월 17일 17시,일요일,충청남도 서산시 운산면,경상사고,0,0,3,0,차대차 - 측면충돌,교차로운행방법위반,건조,맑음,교차로 - 교차로안,승용,남,39세,상해없음,승용,남,66세,상해없음
2020051700100349,2020년 5월 17일 18시,일요일,충청남도 서산시 예천동,중상사고,0,1,0,0,차대차 - 추돌,안전운전불이행,건조,흐림,교차로 - 교차로부근,승용,남,58세,상해없음,승용,남,40세,중상
2020051700100351,2020년 5월 17일 18시,일요일,충청남도 논산시 내동,중상사고,0,1,0,0,차대사람 - 횡단중,보행자보호의무위반,건조,맑음,교차로 - 교차로안,승용,남,55세,상해없음,보행자,남,8세,중상
2020051700100352,2020년 5월 17일 18시,일요일,충청남도 천안시 동남구 수신면,중상사고,0,1,0,0,차대사람 - 기타,직진우회전진행방해,건조,맑음,교차로 - 교차로안,화물,남,71세,상해없음,보행자,남,7세,중상
2020051700100395,2020년 5월 17일 20시,일요일,충청남도 서산시 동문동,경상사고,0,0,2,0,차대차 - 후진중충돌,중앙선침범,건조,맑음,교차로 - 교차로부근,승용,남,58세,상해없음,승용,남,36세,경상
2020051700100396,2020년 5월 17일 20시,일요일,충청남도 공주시 산성동,경상사고,0,0,1,0,차대차 - 추돌,안전운전불이행,건조,맑음,단일로 - 기타,승용,남,44세,상해없음,화물,남,62세,경상
2020051700100397,2020년 5월 17일 20시,일요일,충청남도 당진시 면천면,중상사고,0,1,1,0,차대차 - 측면충돌,중앙선침범,건조,맑음,단일로 - 기타,승용,남,32세,상해없음,승용,남,33세,경상
2020051700100433,2020년 5월 17일 21시,일요일,충청남도 천안시 서북구 성거읍,경상사고,0,0,1,0,차대차 - 측면충돌,신호위반,건조,맑음,교차로 - 교차로안,승용,남,55세,상해없음,이륜,남,37세,경상
2020051700100434,2020년 5월 17일 21시,일요일,충청남도 논산시 덕지동,중상사고,0,1,2,0,차대차 - 추돌,안전운전불이행,건조,맑음,교차로 - 교차로부근,승용,남,43세,상해없음,승용,남,35세,경상
2020051700100435,2020년 5월 17일 21시,일요일,충청남도 아산시 배방읍,경상사고,0,0,2,0,차대차 - 추돌,안전운전불이행,건조,맑음,단일로 - 기타,승용,남,41세,상해없음,승용,여,46세,경상
2020051700100463,2020년 5월 17일 22시,일요일,충청남도 논산시 양촌면,경상사고,0,0,1,0,차량단독 - 전도전복 - 전도,안전운전불이행,건조,맑음,교차로 - 교차로안,이륜,남,49세,경상,,,,
2020051800100082,2020년 5월 18일 08시,월요일,충청남도 서천군 서천읍,부상신고사고,0,0,0,1,차대차 - 측면충돌,직진우회전진행방해,건조,맑음,교차로 - 교차로안,원동기,남,46세,부상신고,승용,여,51세,상해없음
2020051800100140,2020년 5월 18일 10시,월요일,충청남도 아산시 신창면,경상사고,0,0,1,0,차대차 - 기타,안전운전불이행,건조,맑음,기타 - 기타,승용,여,51세,상해없음,승용,남,39세,경상
2020051800100176,2020년 5월 18일 11시,월요일,충청남도 천안시 서북구 쌍용동,중상사고,0,1,0,0,차대사람 - 횡단중,안전운전불이행,건조,맑음,단일로 - 고가도로위,승용,남,35세,상해없음,보행자,남,40세,중상
2020051800100215,2020년 5월 18일 12시,월요일,충청남도 서산시 예천동,경상사고,0,0,2,0,차대차 - 측면충돌,안전운전불이행,건조,맑음,단일로 - 기타,승용,여,63세,기타불명,승용,남,52세,경상
2020051800100216,2020년 5월 18일 12시,월요일,충청남도 아산시 온천동,중상사고,0,1,0,0,차대차 - 기타,안전운전불이행,건조,맑음,교차로 - 교차로안,승용,여,52세,상해없음,이륜,남,38세,중상
2020051800100217,2020년 5월 18일 12시,월요일,충청남도 예산군 예산읍,경상사고,0,0,1,0,차대차 - 측면충돌,기타,건조,맑음,단일로 - 기타,원동기,남,73세,경상,승용,남,65세,상해없음
2020051800100259,2020년 5월 18일 13시,월요일,충청남도 논산시 강경읍,중상사고,0,1,0,0,차대차 - 후진중충돌,안전운전불이행,건조,맑음,교차로 - 교차로안,화물,남,63세,상해없음,승용,여,71세,중상
2020051800100260,2020년 5월 18일 13시,월요일,충청남도 보령시 미산면,중상사고,0,1,0,0,차대차 - 기타,안전운전불이행,건조,맑음,교차로 - 교차로부근,승용,여,52세,상해없음,화물,남,53세,기타불명
2020051800100298,2020년 5월 18일 14시,월요일,충청남도 서천군 서면,중상사고,0,1,0,0,차대사람 - 기타,안전운전불이행,건조,흐림,단일로 - 기타,이륜,남,44세,상해없음,보행자,여,63세,중상
2020051800100299,2020년 5월 18일 14시,월요일,충청남도 예산군 덕산면,경상사고,0,0,1,0,차대사람 - 기타,보행자보호의무위반,건조,맑음,단일로 - 기타,승용,여,53세,상해없음,보행자,남,10세,경상
2020051800100336,2020년 5월 18일 15시,월요일,충청남도 태안군 태안읍,경상사고,0,0,1,0,차대차 - 정면충돌,교차로운행방법위반,젖음/습기,비,교차로 - 교차로안,승용,남,45세,상해없음,승용,남,65세,경상
2020051800100394,2020년 5월 18일 16시,월요일,충청남도 논산시 가야곡면,중상사고,0,1,0,0,차대사람 - 횡단중,안전운전불이행,건조,맑음,교차로 - 교차로부근,화물,남,54세,상해없음,보행자,남,6세,중상
2020051800100395,2020년 5월 18일 16시,월요일,충청남도 천안시 동남구 청당동,경상사고,0,0,1,0,차대차 - 기타,안전거리미확보,젖음/습기,맑음,단일로 - 기타,기타불명,기타불명,미분류,기타불명,승용,남,32세,경상
2020051800100435,2020년 5월 18일 17시,월요일,충청남도 천안시 서북구 부대동,경상사고,0,0,1,0,차대차 - 측면충돌,안전거리미확보,젖음/습기,비,단일로 - 기타,승용,여,63세,상해없음,승용,남,29세,경상
2020051800100436,2020년 5월 18일 17시,월요일,충청남도 천안시 동남구 목천읍,경상사고,0,0,3,0,차대차 - 추돌,안전거리미확보,젖음/습기,비,단일로 - 기타,승용,남,33세,상해없음,승용,남,33세,경상
2020051800100483,2020년 5월 18일 18시,월요일,충청남도 천안시 서북구 쌍용동,경상사고,0,0,1,0,차대사람 - 횡단중,신호위반,건조,흐림,교차로 - 교차로횡단보도내,승용,남,61세,상해없음,보행자,남,42세,경상
2020051800100484,2020년 5월 18일 18시,월요일,충청남도 아산시 배방읍,경상사고,0,0,1,0,차대차 - 추돌,안전운전불이행,젖음/습기,흐림,교차로 - 교차로안,화물,남,60세,상해없음,승용,남,40세,경상
2020051800100521,2020년 5월 18일 19시,월요일,충청남도 천안시 동남구 신부동,중상사고,0,1,0,0,차대사람 - 기타,안전운전불이행,건조,맑음,기타 - 기타,승합,남,44세,상해없음,보행자,여,76세,중상
2020051800100561,2020년 5월 18일 20시,월요일,충청남도 아산시 탕정면,중상사고,0,1,0,0,차대차 - 추돌,안전운전불이행,젖음/습기,비,단일로 - 기타,기타불명,기타불명,미분류,기타불명,승용,남,46세,중상
2020051800100562,2020년 5월 18일 20시,월요일,충청남도 아산시 온천동,경상사고,0,0,2,0,차대차 - 기타,안전운전불이행,젖음/습기,비,교차로 - 교차로안,승용,남,62세,상해없음,승용,여,41세,상해없음
2020051900100008,2020년 5월 19일 00시,화요일,충청남도 천안시 동남구 광덕면,경상사고,0,0,1,0,차대차 - 측면충돌,안전운전불이행,건조,맑음,단일로 - 기타,승용,남,46세,상해없음,화물,남,67세,경상
2020051900100042,2020년 5월 19일 05시,화요일,충청남도 아산시 배방읍,경상사고,0,0,1,0,차대차 - 기타,신호위반,건조,맑음,교차로 - 교차로안,승용,남,35세,상해없음,승용,남,26세,경상
2020051900100046,2020년 5월 19일 06시,화요일,충청남도 아산시 탕정면,경상사고,0,0,1,0,차대차 - 추돌,안전거리미확보,건조,맑음,교차로 - 교차로부근,승용,여,28세,상해없음,승용,여,29세,경상
2020051900100060,2020년 5월 19일 07시,화요일,충청남도 천안시 동남구 원성동,중상사고,0,1,0,0,차대사람 - 횡단중,보행자보호의무위반,건조,맑음,교차로 - 교차로안,승용,남,29세,상해없음,보행자,여,73세,중상
2020051900100087,2020년 5월 19일 08시,화요일,충청남도 천안시 서북구 성거읍,경상사고,0,0,1,0,차대차 - 측면충돌,안전운전불이행,젖음/습기,비,교차로 - 교차로안,승합,남,28세,상해없음,승용,여,31세,경상
2020051900100088,2020년 5월 19일 08시,화요일,충청남도 금산군 군북면,사망사고,1,0,0,0,차대차 - 측면충돌,교차로운행방법위반,젖음/습기,비,교차로 - 교차로안,이륜,남,70세,사망,승용,여,59세,상해없음
2020051900100166,2020년 5월 19일 11시,화요일,충청남도 계룡시 엄사면,경상사고,0,0,1,0,차대사람 - 횡단중,안전운전불이행,젖음/습기,비,교차로 - 교차로부근,화물,남,28세,상해없음,보행자,남,50세,경상
2020051900100167,2020년 5월 19일 11시,화요일,충청남도 공주시 산성동,중상사고,0,1,0,0,차대사람 - 횡단중,안전운전불이행,젖음/습기,비,단일로 - 기타,승용,남,72세,상해없음,보행자,여,77세,중상
2020051900100168,2020년 5월 19일 11시,화요일,충청남도 당진시 석문면,경상사고,0,0,1,0,차대차 - 측면충돌,신호위반,건조,맑음,교차로 - 교차로안,승용,남,82세,상해없음,화물,남,78세,경상
2020051900100199,2020년 5월 19일 12시,화요일,충청남도 천안시 서북구 쌍용동,경상사고,0,0,1,0,차대차 - 측면충돌,안전운전불이행,건조,흐림,단일로 - 기타,승용,남,65세,상해없음,이륜,남,34세,경상
2020051900100201,2020년 5월 19일 12시,화요일,충청남도 당진시 시곡리,중상사고,0,1,0,0,차대사람 - 길가장자리구역통행중,안전운전불이행,건조,맑음,교차로 - 교차로안,화물,남,52세,상해없음,보행자,여,82세,중상
2020051900100300,2020년 5월 19일 15시,화요일,충청남도 천안시 동남구 다가동,경상사고,0,0,1,0,차대차 - 기타,안전운전불이행,건조,맑음,단일로 - 기타,이륜,남,38세,경상,화물,남,53세,상해없음
2020051900100387,2020년 5월 19일 17시,화요일,충청남도 예산군 삽교읍,중상사고,0,1,2,0,차대차 - 정면충돌,직진우회전진행방해,건조,맑음,교차로 - 교차로안,승용,여,40세,중상,승용,남,60세,경상
2020051900100421,2020년 5월 19일 18시,화요일,충청남도 홍성군 홍성읍,경상사고,0,0,1,0,차대차 - 측면충돌,교차로운행방법위반,건조,맑음,교차로 - 교차로안,승용,남,61세,상해없음,승용,남,64세,경상
2020051900100487,2020년 5월 19일 20시,화요일,충청남도 천안시 서북구 쌍용동,중상사고,0,1,2,0,차대차 - 기타,신호위반,건조,맑음,교차로 - 교차로안,승용,남,26세,경상,승합,남,61세,중상
2020051900100514,2020년 5월 19일 21시,화요일,충청남도 서산시 예천동,경상사고,0,0,1,0,차대사람 - 횡단중,보행자보호의무위반,젖음/습기,흐림,교차로 - 교차로부근,이륜,남,47세,상해없음,보행자,남,35세,경상
2020051900100515,2020년 5월 19일 21시,화요일,충청남도 아산시 탕정면,경상사고,0,0,1,0,차대차 - 추돌,안전운전불이행,건조,맑음,교차로 - 교차로부근,승용,남,31세,상해없음,승용,남,32세,경상
2020051900100516,2020년 5월 19일 21시,화요일,충청남도 예산군 오가면,경상사고,0,0,1,0,차대차 - 측면충돌,안전운전불이행,건조,맑음,교차로 - 교차로부근,화물,남,48세,상해없음,승용,남,26세,경상
2020051900100544,2020년 5월 19일 22시,화요일,충청남도 천안시 서북구 성정동,경상사고,0,0,2,0,차대차 - 측면충돌,안전운전불이행,건조,맑음,교차로 - 교차로안,이륜,남,24세,경상,이륜,남,56세,경상
2020051900100545,2020년 5월 19일 22시,화요일,충청남도 서천군 장항읍,경상사고,0,0,2,0,차대차 - 추돌,안전운전불이행,건조,맑음,교차로 - 교차로부근,승용,남,48세,상해없음,승용,여,44세,경상
2020051900100546,2020년 5월 19일 22시,화요일,충청남도 당진시 우강면,중상사고,0,1,1,0,차대차 - 추돌,안전운전불이행,건조,맑음,단일로 - 기타,승용,남,68세,상해없음,농기계,남,62세,경상
2020051900100547,2020년 5월 19일 22시,화요일,충청남도 천안시 서북구 입장면,중상사고,0,2,0,0,차대차 - 측면충돌,안전운전불이행,건조,맑음,단일로 - 기타,특수,남,71세,상해없음,승용,남,56세,중상
2020051900100566,2020년 5월 19일 23시,화요일,충청남도 천안시 서북구 성정동,부상신고사고,0,0,0,1,차대차 - 측면충돌,안전운전불이행,건조,맑음,교차로 - 교차로안,이륜,남,23세,부상신고,승용,남,32세,상해없음
2020051900100567,2020년 5월 19일 23시,화요일,충청남도 홍성군 홍북읍,경상사고,0,0,1,0,차대차 - 측면충돌,신호위반,건조,맑음,교차로 - 교차로안,승용,여,61세,상해없음,승용,여,27세,경상
2020052000100004,2020년 5월 20일 00시,수요일,충청남도 공주시 유구읍,중상사고,0,2,0,0,차량단독 - 기타,안전운전불이행,건조,맑음,단일로 - 기타,승용,여,26세,상해없음,,,,
2020052000100016,2020년 5월 20일 01시,수요일,충청남도 천안시 서북구 두정동,경상사고,0,0,2,0,차대차 - 추돌,안전운전불이행,건조,맑음,단일로 - 기타,승용,남,56세,상해없음,승용,남,60세,경상
2020052000100031,2020년 5월 20일 02시,수요일,충청남도 천안시 서북구 불당동,중상사고,0,1,0,0,차대사람 - 횡단중,안전운전불이행,건조,맑음,단일로 - 기타,승용,남,37세,상해없음,보행자,여,16세,중상
2020052000100049,2020년 5월 20일 04시,수요일,충청남도 천안시 서북구 성환읍,사망사고,1,0,0,0,차대사람 - 기타,안전운전불이행,건조,맑음,단일로 - 기타,화물,남,67세,상해없음,보행자,남,51세,사망
2020052000100115,2020년 5월 20일 08시,수요일,충청남도 천안시 서북구 부대동,경상사고,0,0,1,0,차대사람 - 차도통행중,안전운전불이행,건조,맑음,단일로 - 기타,이륜,남,29세,상해없음,보행자,여,17세,경상
2020052000100116,2020년 5월 20일 08시,수요일,충청남도 보령시 궁촌동,경상사고,0,0,1,0,차대사람 - 기타,안전운전불이행,건조,맑음,기타 - 기타,기타불명,기타불명,미분류,기타불명,보행자,남,58세,경상
2020052000100268,2020년 5월 20일 12시,수요일,충청남도 부여군 임천면,중상사고,0,1,0,0,차대차 - 정면충돌,안전운전불이행,건조,맑음,단일로 - 기타,화물,남,35세,상해없음,자전거,여,49세,중상
2020052000100269,2020년 5월 20일 12시,수요일,충청남도 당진시 읍내리,중상사고,0,2,0,1,차대차 - 측면충돌,교차로운행방법위반,건조,맑음,교차로 - 교차로안,승용,남,76세,부상신고,승용,남,72세,중상
2020052000100350,2020년 5월 20일 14시,수요일,충청남도 천안시 서북구 백석동,중상사고,0,2,0,0,차대차 - 기타,신호위반,건조,맑음,단일로 - 기타,승용,여,25세,상해없음,승용,여,23세,중상
2020052000100391,2020년 5월 20일 15시,수요일,충청남도 천안시 서북구 백석동,경상사고,0,0,1,0,차대차 - 측면충돌,안전운전불이행,건조,맑음,교차로 - 교차로안,승용,남,41세,상해없음,승합,남,42세,경상
2020052000100392,2020년 5월 20일 15시,수요일,충청남도 천안시 서북구 성정동,경상사고,0,0,1,0,차대차 - 추돌,안전운전불이행,건조,맑음,단일로 - 기타,승용,남,34세,상해없음,승용,여,22세,경상
2020052000100393,2020년 5월 20일 15시,수요일,충청남도 홍성군 광천읍,경상사고,0,0,1,0,차대차 - 측면충돌,안전운전불이행,건조,맑음,단일로 - 기타,승용,남,61세,상해없음,이륜,여,65세,경상
2020052000100394,2020년 5월 20일 15시,수요일,충청남도 당진시 합덕읍,사망사고,1,1,1,0,차대차 - 측면충돌,안전운전불이행,건조,맑음,단일로 - 기타,승용,남,68세,사망,화물,남,31세,경상
2020052000100434,2020년 5월 20일 16시,수요일,충청남도 아산시 배방읍,경상사고,0,0,1,0,차대사람 - 차도통행중,안전운전불이행,건조,맑음,단일로 - 기타,화물,남,50세,상해없음,보행자,여,74세,경상
2020052000100435,2020년 5월 20일 16시,수요일,충청남도 공주시 산성동,중상사고,0,1,0,0,차대차 - 측면충돌,안전운전불이행,건조,맑음,단일로 - 기타,승용,남,30세,상해없음,자전거,남,49세,중상
2020052000100436,2020년 5월 20일 16시,수요일,충청남도 공주시 의당면,경상사고,0,0,1,0,차대차 - 추돌,안전운전불이행,건조,맑음,교차로 - 교차로부근,승용,남,23세,상해없음,승용,남,43세,경상
2020052000100481,2020년 5월 20일 17시,수요일,충청남도 천안시 서북구 성정동,경상사고,0,0,1,0,차대차 - 측면충돌,교차로운행방법위반,건조,맑음,교차로 - 교차로안,승용,여,46세,상해없음,승합,남,57세,경상
2020052000100541,2020년 5월 20일 18시,수요일,충청남도 공주시 신관동,중상사고,0,1,1,0,차대차 - 측면충돌,안전운전불이행,건조,맑음,교차로 - 교차로안,이륜,남,65세,중상,이륜,남,21세,경상
2020052000100578,2020년 5월 20일 19시,수요일,충청남도 아산시 배방읍,중상사고,0,2,0,0,차대차 - 측면충돌,신호위반,건조,맑음,기타 - 기타,이륜,남,18세,중상,자전거,여,15세,중상
2020052000100608,2020년 5월 20일 20시,수요일,충청남도 천안시 서북구 백석동,경상사고,0,0,1,0,차대차 - 기타,안전운전불이행,건조,맑음,교차로 - 교차로부근,승용,남,62세,상해없음,승합,남,44세,경상
2020052000100609,2020년 5월 20일 20시,수요일,충청남도 공주시 금흥동,경상사고,0,0,1,0,차대차 - 측면충돌,직진우회전진행방해,건조,맑음,교차로 - 교차로안,승용,남,74세,기타불명,승용,여,61세,경상
2020052000100610,2020년 5월 20일 20시,수요일,충청남도 예산군 덕산면,중상사고,0,1,0,0,차대사람 - 차도통행중,안전운전불이행,건조,맑음,단일로 - 기타,화물,남,69세,상해없음,보행자,남,68세,중상
2020052000100663,2020년 5월 20일 22시,수요일,충청남도 당진시 송산면,경상사고,0,0,1,0,차대차 - 기타,안전운전불이행,건조,맑음,단일로 - 기타,승용,남,36세,상해없음,승용,남,29세,경상
2020052100100010,2020년 5월 21일 01시,목요일,충청남도 천안시 동남구 광덕면,경상사고,0,0,2,0,차대차 - 측면충돌,안전운전불이행,건조,맑음,단일로 - 기타,승용,남,34세,상해없음,승용,남,30세,경상
2020052100100067,2020년 5월 21일 07시,목요일,충청남도 보령시 미산면,중상사고,0,1,0,0,차대사람 - 기타,안전운전불이행,건조,맑음,단일로 - 기타,화물,남,66세,상해없음,보행자,남,35세,중상
2020052100100138,2020년 5월 21일 09시,목요일,충청남도 당진시 우강면,중상사고,0,1,0,0,차대차 - 기타,교차로운행방법위반,건조,맑음,교차로 - 교차로부근,승용,여,61세,상해없음,이륜,남,82세,중상
2020052100100166,2020년 5월 21일 10시,목요일,충청남도 천안시 동남구 신부동,경상사고,0,0,1,0,차대차 - 기타,안전거리미확보,건조,맑음,단일로 - 기타,승용,여,41세,상해없음,승용,남,28세,경상
2020052100100207,2020년 5월 21일 11시,목요일,충청남도 천안시 서북구 성정동,중상사고,0,1,0,0,차대사람 - 기타,안전운전불이행,건조,맑음,단일로 - 기타,화물,남,29세,상해없음,보행자,여,85세,중상
2020052100100246,2020년 5월 21일 12시,목요일,충청남도 서산시 지곡면,경상사고,0,0,1,0,차대차 - 추돌,안전운전불이행,건조,맑음,교차로 - 교차로부근,승용,남,28세,상해없음,승용,남,38세,경상
2020052100100280,2020년 5월 21일 13시,목요일,충청남도 천안시 서북구 입장면,경상사고,0,0,1,0,차대차 - 기타,신호위반,건조,맑음,교차로 - 교차로안,승용,남,53세,상해없음,승용,남,76세,경상
2020052100100281,2020년 5월 21일 13시,목요일,충청남도 금산군 군북면,중상사고,0,2,0,0,차대차 - 추돌,안전운전불이행,건조,맑음,단일로 - 기타,승용,남,59세,상해없음,농기계,남,81세,중상
2020052100100388,2020년 5월 21일 16시,목요일,충청남도 천안시 서북구 성성동,경상사고,0,0,1,0,차대차 - 측면충돌,안전거리미확보,건조,맑음,단일로 - 기타,승용,여,33세,기타불명,승용,여,28세,경상
2020052100100389,2020년 5월 21일 16시,목요일,충청남도 아산시 모종동,경상사고,0,0,1,0,차대차 - 기타,안전거리미확보,건조,맑음,단일로 - 기타,승용,여,51세,상해없음,승용,남,26세,경상
2020052100100441,2020년 5월 21일 17시,목요일,충청남도 계룡시 엄사면,경상사고,0,0,2,0,차대차 - 추돌,안전운전불이행,건조,맑음,교차로 - 교차로안,승용,남,63세,상해없음,승용,여,63세,경상
2020052100100442,2020년 5월 21일 17시,목요일,충청남도 당진시 송산면,경상사고,0,0,2,0,차대차 - 추돌,안전거리미확보,건조,맑음,단일로 - 기타,승용,여,57세,상해없음,특수,남,38세,경상