사고번호,사고일시,요일,시군구,사고내용,사망자수,중상자수,경상자수,부상신고자수,사고유형,법규위반,노면상태,기상상태,도로형태,가해운전자 차종,가해운전자 성별,가해운전자 연령,가해운전자 상해정도,피해운전자 차종,피해운전자 성별,피해운전자 연령,피해운전자 상해정도
2020052600100492,2020년 5월 26일 19시,화요일,충청남도 천안시 서북구 신당동,경상사고,0,0,1,0,차대차 - 측면충돌,안전운전불이행,건조,맑음,단일로 - 기타,승용,남,24세,상해없음,승용,남,28세,경상
2020052600100517,2020년 5월 26일 20시,화요일,충청남도 아산시 탕정면,경상사고,0,0,4,0,차대차 - 기타,신호위반,건조,맑음,교차로 - 교차로안,승용,남,50세,상해없음,승용,여,60세,경상
2020052600100518,2020년 5월 26일 20시,화요일,충청남도 공주시 사곡면,중상사고,0,1,1,0,차대사람 - 길가장자리구역통행중,안전운전불이행,건조,맑음,단일로 - 기타,이륜,남,66세,경상,보행자,남,59세,중상
2020052600100548,2020년 5월 26일 21시,화요일,충청남도 천안시 동남구 신방동,경상사고,0,0,2,0,차대차 - 측면충돌,안전운전불이행,건조,맑음,교차로 - 교차로안,승용,남,56세,상해없음,승용,남,52세,경상
2020052600100570,2020년 5월 26일 22시,화요일,충청남도 천안시 서북구 성정동,중상사고,0,1,0,0,차대사람 - 횡단중,안전운전불이행,건조,맑음,단일로 - 기타,이륜,남,31세,상해없음,보행자,여,60세,중상
2020052600100571,2020년 5월 26일 22시,화요일,충청남도 천안시 동남구 삼룡동,중상사고,0,1,0,0,차대사람 - 횡단중,보행자보호의무위반,건조,맑음,교차로 - 교차로횡단보도내,승용,남,27세,상해없음,보행자,남,53세,중상
2020052600100602,2020년 5월 26일 23시,화요일,충청남도 아산시 배방읍,경상사고,0,0,2,0,차대차 - 기타,안전운전불이행,건조,맑음,교차로 - 교차로부근,승용,남,24세,상해없음,승용,남,51세,경상
2020052700100041,2020년 5월 27일 05시,수요일,충청남도 아산시 탕정면,경상사고,0,0,3,0,차대차 - 기타,안전운전불이행,건조,맑음,교차로 - 교차로부근,승용,남,47세,상해없음,승용,남,24세,경상
2020052700100076,2020년 5월 27일 07시,수요일,충청남도 천안시 서북구 입장면,경상사고,0,0,2,0,차대차 - 측면충돌,교차로운행방법위반,건조,맑음,교차로 - 교차로안,화물,남,48세,상해없음,승용,남,66세,경상
2020052700100104,2020년 5월 27일 08시,수요일,충청남도 아산시 남동,경상사고,0,0,3,0,차대차 - 추돌,안전운전불이행,건조,맑음,단일로 - 기타,승합,남,59세,상해없음,승합,남,25세,경상
2020052700100105,2020년 5월 27일 08시,수요일,충청남도 예산군 예산읍,경상사고,0,0,1,0,차대차 - 추돌,안전운전불이행,건조,맑음,교차로 - 교차로안,승용,여,46세,상해없음,승용,남,47세,경상
2020052700100106,2020년 5월 27일 08시,수요일,충청남도 당진시 읍내리,경상사고,0,0,1,0,차대차 - 측면충돌,신호위반,건조,맑음,단일로 - 기타,승용,남,26세,상해없음,승용,남,51세,경상
2020052700100107,2020년 5월 27일 08시,수요일,충청남도 금산군 금산읍,중상사고,0,1,0,0,차대사람 - 횡단중,안전운전불이행,건조,맑음,단일로 - 기타,화물,남,55세,상해없음,보행자,여,66세,중상
2020052700100175,2020년 5월 27일 10시,수요일,충청남도 천안시 서북구 차암동,경상사고,0,0,1,0,차대차 - 추돌,안전운전불이행,건조,맑음,교차로 - 교차로부근,승용,남,67세,상해없음,승용,여,29세,경상
2020052700100213,2020년 5월 27일 11시,수요일,충청남도 서산시 대산읍,중상사고,0,1,0,0,차대차 - 측면충돌,교차로운행방법위반,건조,맑음,교차로 - 교차로안,승용,남,26세,상해없음,이륜,남,54세,중상
2020052700100328,2020년 5월 27일 14시,수요일,충청남도 천안시 서북구 쌍용동,경상사고,0,0,1,0,차대사람 - 기타,안전운전불이행,건조,맑음,교차로 - 교차로안,승용,남,53세,상해없음,보행자,여,75세,경상
2020052700100329,2020년 5월 27일 14시,수요일,충청남도 당진시 합덕읍,경상사고,0,0,2,0,차대차 - 측면충돌,직진우회전진행방해,건조,맑음,교차로 - 교차로안,승용,여,50세,경상,승용,여,33세,경상
2020052700100330,2020년 5월 27일 14시,수요일,충청남도 천안시 동남구 신부동,경상사고,0,0,2,0,차대사람 - 횡단중,안전운전불이행,건조,맑음,교차로 - 교차로횡단보도내,화물,남,48세,상해없음,보행자,여,39세,경상
2020052700100407,2020년 5월 27일 16시,수요일,충청남도 서산시 해미면,중상사고,0,1,0,0,차대차 - 측면충돌,차로위반,건조,맑음,단일로 - 기타,건설기계,남,59세,상해없음,승용,여,48세,중상
2020052700100408,2020년 5월 27일 16시,수요일,충청남도 아산시 온천동,경상사고,0,0,1,0,차대차 - 기타,안전운전불이행,건조,맑음,단일로 - 기타,승용,남,44세,상해없음,화물,남,60세,경상
2020052700100409,2020년 5월 27일 16시,수요일,충청남도 예산군 삽교읍,경상사고,0,0,2,0,차대차 - 측면충돌,신호위반,건조,맑음,교차로 - 교차로안,승용,남,67세,상해없음,승합,남,67세,경상
2020052700100472,2020년 5월 27일 17시,수요일,충청남도 공주시 신관동,경상사고,0,0,4,0,차대차 - 측면충돌,안전운전불이행,건조,맑음,단일로 - 기타,승용,남,70세,경상,승용,남,72세,경상
2020052700100530,2020년 5월 27일 18시,수요일,충청남도 아산시 탕정면,경상사고,0,0,2,0,차대차 - 기타,차로위반,건조,맑음,단일로 - 기타,승용,남,40세,상해없음,승용,여,28세,경상
2020052700100531,2020년 5월 27일 18시,수요일,충청남도 천안시 동남구 동면,경상사고,0,0,1,0,차대차 - 기타,안전운전불이행,건조,맑음,단일로 - 기타,승용,남,52세,상해없음,승용,남,43세,경상
2020052700100577,2020년 5월 27일 19시,수요일,충청남도 천안시 동남구 청당동,부상신고사고,0,0,0,1,차량단독 - 기타,안전운전불이행,건조,맑음,교차로 - 교차로부근,승합,남,51세,상해없음,,,,
2020052700100602,2020년 5월 27일 20시,수요일,충청남도 태안군 태안읍,중상사고,0,1,0,0,차대차 - 추돌,안전운전불이행,젖음/습기,흐림,단일로 - 기타,승용,남,42세,상해없음,농기계,남,57세,중상
2020052700100637,2020년 5월 27일 21시,수요일,충청남도 천안시 서북구 쌍용동,경상사고,0,0,1,0,차대차 - 측면충돌,안전거리미확보,건조,맑음,교차로 - 교차로안,승용,남,52세,상해없음,승용,남,25세,경상
2020052700100638,2020년 5월 27일 21시,수요일,충청남도 계룡시 엄사면,중상사고,0,1,0,0,차대사람 - 차도통행중,중앙선침범,건조,맑음,교차로 - 교차로부근,승용,여,52세,상해없음,보행자,남,54세,중상
2020052700100639,2020년 5월 27일 21시,수요일,충청남도 공주시 금흥동,경상사고,0,0,3,1,차대차 - 측면충돌,안전운전불이행,건조,맑음,교차로 - 교차로안,승용,남,34세,상해없음,화물,남,57세,상해없음
2020052700100665,2020년 5월 27일 22시,수요일,충청남도 천안시 동남구 쌍용동,중상사고,0,1,0,0,차대차 - 측면충돌,과속,건조,맑음,교차로 - 교차로부근,이륜,남,24세,중상,승용,남,60세,상해없음
2020052700100666,2020년 5월 27일 22시,수요일,충청남도 아산시 음봉면,경상사고,0,0,3,0,차대차 - 기타,신호위반,건조,맑음,교차로 - 교차로안,승용,남,39세,상해없음,승용,남,36세,경상
2020052700100667,2020년 5월 27일 22시,수요일,충청남도 부여군 부여읍,중상사고,0,2,0,0,차대차 - 추돌,안전운전불이행,건조,맑음,단일로 - 교량,승용,여,62세,중상,승용,남,64세,중상
2020052700100699,2020년 5월 27일 23시,수요일,충청남도 천안시 서북구 두정동,경상사고,0,0,1,0,차대차 - 기타,신호위반,건조,맑음,교차로 - 교차로안,승용,남,26세,상해없음,승용,남,28세,경상
2020052800100003,2020년 5월 28일 00시,목요일,충청남도 천안시 동남구 구성동,중상사고,0,1,1,0,차대사람 - 횡단중,안전운전불이행,건조,맑음,단일로 - 기타,승용,남,29세,경상,보행자,여,35세,중상
2020052800100053,2020년 5월 28일 05시,목요일,충청남도 천안시 서북구 성정동,경상사고,0,0,1,0,차대차 - 기타,신호위반,건조,맑음,교차로 - 교차로안,승용,남,23세,상해없음,승용,남,65세,경상
2020052800100054,2020년 5월 28일 05시,목요일,충청남도 홍성군 홍동면,중상사고,0,1,0,0,차량단독 - 기타,안전운전불이행,젖음/습기,안개,단일로 - 기타,화물,남,47세,상해없음,,,,
2020052800100078,2020년 5월 28일 07시,목요일,충청남도 서산시 성연면,중상사고,0,2,0,0,차대사람 - 기타,기타,건조,맑음,단일로 - 기타,화물,남,49세,중상,보행자,남,27세,중상
2020052800100079,2020년 5월 28일 07시,목요일,충청남도 아산시 탕정면,경상사고,0,0,1,0,차대차 - 기타,교차로운행방법위반,젖음/습기,맑음,교차로 - 교차로안,승용,남,32세,상해없음,개인형이동수단(PM),남,26세,경상
2020052800100080,2020년 5월 28일 07시,목요일,충청남도 태안군 남면,중상사고,0,1,0,0,차대차 - 측면충돌,차로위반,건조,맑음,단일로 - 기타,승용,남,55세,상해없음,화물,남,65세,중상
2020052800100114,2020년 5월 28일 08시,목요일,충청남도 천안시 서북구 불당동,경상사고,0,0,1,0,차대차 - 측면충돌,중앙선침범,건조,맑음,단일로 - 기타,승용,남,66세,상해없음,승용,여,46세,경상
2020052800100115,2020년 5월 28일 08시,목요일,충청남도 아산시 신창면,중상사고,0,1,1,0,차대차 - 추돌,안전운전불이행,건조,맑음,단일로 - 기타,화물,남,50세,상해없음,승용,남,72세,중상
2020052800100147,2020년 5월 28일 09시,목요일,충청남도 아산시 실옥동,경상사고,0,0,1,0,차대차 - 측면충돌,신호위반,건조,맑음,교차로 - 교차로안,화물,남,64세,기타불명,승용,여,50세,경상
2020052800100148,2020년 5월 28일 09시,목요일,충청남도 천안시 동남구 청당동,경상사고,0,0,1,0,차대사람 - 기타,안전운전불이행,건조,맑음,단일로 - 기타,승용,여,45세,상해없음,보행자,남,51세,경상
2020052800100190,2020년 5월 28일 10시,목요일,충청남도 서산시 해미면,중상사고,0,2,0,0,차대차 - 측면충돌,신호위반,건조,맑음,교차로 - 교차로안,승용,여,51세,중상,승용,여,62세,중상
2020052800100191,2020년 5월 28일 10시,목요일,충청남도 논산시 덕지동,경상사고,0,0,1,0,차대차 - 측면충돌,안전운전불이행,건조,맑음,교차로 - 교차로안,화물,남,56세,상해없음,승용,여,56세,경상
2020052800100215,2020년 5월 28일 11시,목요일,충청남도 서천군 장항읍,경상사고,0,0,1,0,차대차 - 측면충돌,안전운전불이행,건조,맑음,단일로 - 기타,승용,남,81세,상해없음,자전거,여,81세,경상
2020052800100216,2020년 5월 28일 11시,목요일,충청남도 청양군 청양읍,경상사고,0,0,1,0,차량단독 - 공작물충돌,안전운전불이행,건조,맑음,단일로 - 기타,승용,남,19세,상해없음,,,,
2020052800100250,2020년 5월 28일 12시,목요일,충청남도 논산시 가야곡면,중상사고,0,3,0,0,차대차 - 추돌,안전운전불이행,건조,맑음,교차로 - 교차로안,화물,남,51세,상해없음,승용,여,51세,중상
2020052800100251,2020년 5월 28일 12시,목요일,충청남도 홍성군 장곡면,중상사고,0,1,0,0,차대사람 - 기타,안전운전불이행,건조,맑음,단일로 - 기타,기타불명,기타불명,미분류,기타불명,보행자,여,84세,중상
2020052800100252,2020년 5월 28일 12시,목요일,충청남도 태안군 이원면,중상사고,0,1,0,0,차대차 - 측면충돌,교차로운행방법위반,건조,맑음,교차로 - 교차로안,농기계,남,84세,중상,화물,남,57세,상해없음
2020052800100371,2020년 5월 28일 15시,목요일,충청남도 천안시 동남구 봉명동,부상신고사고,0,0,0,1,차대사람 - 기타,안전운전불이행,건조,맑음,기타 - 기타,화물,남,31세,기타불명,보행자,여,4세,부상신고
2020052800100400,2020년 5월 28일 16시,목요일,충청남도 태안군 고남면,경상사고,0,0,4,0,차대차 - 추돌,안전운전불이행,건조,맑음,단일로 - 기타,승용,남,58세,상해없음,화물,남,71세,경상
2020052800100438,2020년 5월 28일 17시,목요일,충청남도 천안시 서북구 업성동,경상사고,0,0,2,0,차대차 - 측면충돌,안전운전불이행,건조,맑음,단일로 - 기타,승용,남,39세,상해없음,승용,여,35세,경상
2020052800100439,2020년 5월 28일 17시,목요일,충청남도 천안시 동남구 청수동,부상신고사고,0,0,0,1,차대차 - 후진중충돌,안전운전불이행,건조,맑음,단일로 - 기타,승용,남,41세,상해없음,승용,남,50세,부상신고
2020052800100471,2020년 5월 28일 18시,목요일,충청남도 천안시 서북구 입장면,경상사고,0,0,1,0,차대차 - 측면충돌,신호위반,건조,맑음,교차로 - 교차로안,승용,남,65세,상해없음,승용,남,35세,경상
2020052800100472,2020년 5월 28일 18시,목요일,충청남도 당진시 읍내리,경상사고,0,0,3,0,차대차 - 측면충돌,교차로운행방법위반,건조,맑음,교차로 - 교차로안,화물,남,48세,상해없음,승용,여,49세,경상
2020052800100473,2020년 5월 28일 18시,목요일,충청남도 태안군 태안읍,경상사고,0,0,1,0,차대차 - 측면충돌,교차로운행방법위반,건조,맑음,교차로 - 교차로안,승용,여,39세,상해없음,승용,남,28세,경상
2020052800100510,2020년 5월 28일 19시,목요일,충청남도 천안시 서북구 두정동,경상사고,0,0,1,0,차대차 - 측면충돌,안전운전불이행,건조,맑음,교차로 - 교차로안,승용,남,26세,상해없음,승용,남,60세,경상
2020052800100511,2020년 5월 28일 19시,목요일,충청남도 논산시 연무읍,사망사고,1,0,0,0,차대사람 - 차도통행중,안전운전불이행,건조,맑음,단일로 - 기타,승용,남,28세,상해없음,보행자,여,77세,사망
2020052800100538,2020년 5월 28일 20시,목요일,충청남도 천안시 서북구 부대동,중상사고,0,1,0,0,차대차 - 측면충돌,안전운전불이행,건조,맑음,단일로 - 기타,승용,여,31세,상해없음,이륜,남,55세,중상
2020052800100539,2020년 5월 28일 20시,목요일,충청남도 천안시 서북구 성환읍,중상사고,0,1,0,0,차대차 - 측면충돌,안전운전불이행,건조,맑음,단일로 - 기타,승용,여,57세,상해없음,승용,여,37세,중상
2020052800100540,2020년 5월 28일 20시,목요일,충청남도 예산군 삽교읍,경상사고,0,0,1,0,차대차 - 측면충돌,신호위반,건조,맑음,교차로 - 교차로부근,자전거,남,61세,경상,승용,남,30세,상해없음
2020052800100574,2020년 5월 28일 21시,목요일,충청남도 천안시 서북구 성거읍,경상사고,0,0,2,0,차대사람 - 기타,안전운전불이행,건조,맑음,교차로 - 교차로안,화물,남,37세,상해없음,보행자,남,41세,경상
2020052800100575,2020년 5월 28일 21시,목요일,충청남도 논산시 부적면,경상사고,0,0,2,0,차대차 - 추돌,안전운전불이행,건조,맑음,단일로 - 기타,승용,남,42세,경상,농기계,남,51세,경상
2020052800100625,2020년 5월 28일 23시,목요일,충청남도 천안시 동남구 목천읍,경상사고,0,0,4,0,차대차 - 기타,안전운전불이행,건조,맑음,단일로 - 기타,승용,남,41세,상해없음,승용,남,34세,경상
2020052900100021,2020년 5월 29일 01시,금요일,충청남도 당진시 시곡리,경상사고,0,0,1,0,차대차 - 정면충돌,신호위반,건조,맑음,교차로 - 교차로안,승용,남,33세,상해없음,승용,남,62세,경상
2020052900100038,2020년 5월 29일 04시,금요일,충청남도 천안시 동남구 삼룡동,경상사고,0,0,2,0,차대차 - 기타,안전운전불이행,건조,맑음,교차로 - 교차로부근,기타불명,기타불명,미분류,기타불명,승용,여,24세,경상
2020052900100056,2020년 5월 29일 06시,금요일,충청남도 당진시 고대면,경상사고,0,0,4,0,차대차 - 측면충돌,안전운전불이행,건조,맑음,단일로 - 기타,승용,여,55세,상해없음,화물,여,59세,경상
2020052900100074,2020년 5월 29일 07시,금요일,충청남도 청양군 비봉면,중상사고,0,2,0,0,차대차 - 측면충돌,직진우회전진행방해,건조,맑음,교차로 - 교차로안,이륜,여,63세,중상,승용,남,59세,중상
2020052900100122,2020년 5월 29일 08시,금요일,충청남도 홍성군 홍북읍,중상사고,0,1,0,0,차대차 - 측면충돌,안전운전불이행,건조,맑음,교차로 - 교차로안,자전거,남,86세,중상,승용,남,36세,상해없음
2020052900100123,2020년 5월 29일 08시,금요일,충청남도 예산군 예산읍,경상사고,0,0,1,0,차대차 - 측면충돌,직진우회전진행방해,건조,맑음,교차로 - 교차로안,승용,여,65세,상해없음,이륜,남,51세,경상
2020052900100167,2020년 5월 29일 09시,금요일,충청남도 천안시 서북구 쌍용동,경상사고,0,0,1,0,차대차 - 측면충돌,안전운전불이행,건조,맑음,단일로 - 기타,승용,남,72세,상해없음,승용,여,57세,경상
2020052900100168,2020년 5월 29일 09시,금요일,충청남도 아산시 모종동,중상사고,0,1,0,0,차대차 - 측면충돌,신호위반,건조,맑음,교차로 - 교차로안,화물,남,48세,상해없음,승용,여,26세,중상
2020052900100219,2020년 5월 29일 10시,금요일,충청남도 천안시 서북구 차암동,경상사고,0,0,1,0,차대차 - 측면충돌,직진우회전진행방해,건조,맑음,교차로 - 교차로안,승용,남,37세,상해없음,승용,남,48세,경상
2020052900100220,2020년 5월 29일 10시,금요일,충청남도 아산시 영인면,경상사고,0,0,1,0,차대차 - 정면충돌,중앙선침범,건조,맑음,단일로 - 기타,화물,남,72세,상해없음,승용,남,63세,경상
2020052900100252,2020년 5월 29일 11시,금요일,충청남도 아산시 배방읍,경상사고,0,0,1,0,차대차 - 기타,안전운전불이행,건조,맑음,단일로 - 기타,건설기계,남,36세,상해없음,승용,여,55세,경상
2020052900100253,2020년 5월 29일 11시,금요일,충청남도 천안시 동남구 신부동,경상사고,0,0,1,1,차대차 - 측면충돌,교차로운행방법위반,건조,맑음,교차로 - 교차로안,원동기,남,37세,부상신고,승용,남,29세,경상
2020052900100286,2020년 5월 29일 12시,금요일,충청남도 서산시 읍내동,중상사고,0,1,1,0,차대사람 - 보도통행중,보행자보호의무위반,건조,맑음,교차로 - 교차로횡단보도내,승용,여,30세,상해없음,보행자,여,74세,중상
2020052900100287,2020년 5월 29일 12시,금요일,충청남도 계룡시 금암동,경상사고,0,0,1,0,차대차 - 측면충돌,신호위반,건조,맑음,교차로 - 교차로안,승용,남,62세,상해없음,승용,여,26세,경상
2020052900100288,2020년 5월 29일 12시,금요일,충청남도 보령시 청소면,경상사고,0,0,1,0,차대차 - 측면충돌,신호위반,건조,맑음,교차로 - 교차로안,이륜,여,70세,경상,승용,남,57세,상해없음
2020052900100289,2020년 5월 29일 12시,금요일,충청남도 천안시 동남구 성남면,중상사고,0,1,0,0,차대차 - 측면충돌,직진우회전진행방해,건조,맑음,교차로 - 교차로부근,건설기계,남,51세,상해없음,화물,남,65세,중상
2020052900100317,2020년 5월 29일 13시,금요일,충청남도 천안시 동남구 청수동,중상사고,0,1,0,0,차대사람 - 횡단중,보행자보호의무위반,건조,맑음,단일로 - 기타,승용,여,48세,상해없음,보행자,남,59세,중상
2020052900100353,2020년 5월 29일 14시,금요일,충청남도 계룡시 두마면,경상사고,0,0,3,0,차대차 - 추돌,차로위반,건조,맑음,기타 - 기타,승용,남,39세,상해없음,승용,남,46세,경상
2020052900100354,2020년 5월 29일 14시,금요일,충청남도 천안시 동남구 신방동,부상신고사고,0,0,0,1,차대사람 - 횡단중,안전운전불이행,건조,맑음,교차로 - 교차로횡단보도내,승용,남,49세,상해없음,보행자,남,25세,부상신고
2020052900100355,2020년 5월 29일 14시,금요일,충청남도 천안시 동남구 광덕면,중상사고,0,2,1,0,차대차 - 측면충돌,안전운전불이행,건조,맑음,기타 - 기타,화물,남,54세,상해없음,승합,남,53세,경상
2020052900100390,2020년 5월 29일 15시,금요일,충청남도 천안시 동남구 영성동,사망사고,1,0,0,0,차대사람 - 횡단중,안전운전불이행,건조,맑음,교차로 - 교차로부근,건설기계,남,61세,상해없음,보행자,여,86세,사망
2020052900100492,2020년 5월 29일 17시,금요일,충청남도 아산시 배방읍,경상사고,0,0,1,0,차대차 - 기타,중앙선침범,건조,맑음,단일로 - 기타,승용,여,32세,상해없음,이륜,남,37세,경상
2020052900100493,2020년 5월 29일 17시,금요일,충청남도 보령시 성주면,경상사고,0,0,1,0,차대사람 - 기타,안전운전불이행,건조,맑음,단일로 - 기타,화물,남,59세,상해없음,보행자,남,6세,경상
2020052900100542,2020년 5월 29일 18시,금요일,충청남도 서산시 석림동,경상사고,0,0,1,0,차대차 - 추돌,안전운전불이행,건조,맑음,단일로 - 기타,승용,남,38세,상해없음,승용,여,50세,경상
2020052900100543,2020년 5월 29일 18시,금요일,충청남도 천안시 서북구 성성동,경상사고,0,0,1,0,차대차 - 측면충돌,신호위반,건조,맑음,단일로 - 기타,승용,여,24세,상해없음,이륜,남,32세,경상
2020052900100544,2020년 5월 29일 18시,금요일,충청남도 천안시 서북구 두정동,중상사고,0,1,3,0,차대차 - 측면충돌,교차로운행방법위반,건조,맑음,교차로 - 교차로안,승용,여,36세,경상,승용,여,27세,경상
2020052900100591,2020년 5월 29일 19시,금요일,충청남도 아산시 실옥동,경상사고,0,0,1,0,차대사람 - 기타,신호위반,건조,맑음,교차로 - 교차로부근,이륜,남,47세,상해없음,보행자,남,18세,경상
2020052900100634,2020년 5월 29일 20시,금요일,충청남도 천안시 서북구 백석동,경상사고,0,0,1,0,차대차 - 측면충돌,중앙선침범,건조,맑음,교차로 - 교차로부근,승용,남,51세,상해없음,이륜,남,35세,경상
2020052900100635,2020년 5월 29일 20시,금요일,충청남도 천안시 서북구 성정동,경상사고,0,0,1,0,차대차 - 측면충돌,차로위반,건조,맑음,교차로 - 교차로부근,승용,여,32세,상해없음,승용,남,27세,경상
2020052900100636,2020년 5월 29일 20시,금요일,충청남도 천안시 동남구 신방동,경상사고,0,0,1,1,차대차 - 정면충돌,신호위반,건조,맑음,교차로 - 교차로안,원동기,남,32세,부상신고,승용,여,54세,경상
2020052900100675,2020년 5월 29일 21시,금요일,충청남도 아산시 모종동,경상사고,0,0,1,0,차대차 - 기타,직진우회전진행방해,건조,맑음,교차로 - 교차로안,승용,남,29세,상해없음,승용,남,49세,경상
2020052900100676,2020년 5월 29일 21시,금요일,충청남도 부여군 규암면,사망사고,1,0,0,0,차량단독 - 공작물충돌,안전운전불이행,건조,맑음,단일로 - 기타,이륜,남,25세,사망,,,,
2020052900100705,2020년 5월 29일 22시,금요일,충청남도 서산시 읍내동,경상사고,0,0,1,0,차대차 - 측면충돌,교차로운행방법위반,건조,맑음,교차로 - 교차로안,승용,남,59세,상해없음,승용,여,39세,경상
2020052900100706,2020년 5월 29일 22시,금요일,충청남도 아산시 영인면,중상사고,0,2,1,0,차대차 - 정면충돌,중앙선침범,건조,맑음,단일로 - 기타,승용,남,38세,상해없음,승용,남,47세,중상
2020052900100742,2020년 5월 29일 23시,금요일,충청남도 아산시 탕정면,경상사고,0,0,1,0,차대차 - 기타,신호위반,건조,맑음,교차로 - 교차로안,기타불명,기타불명,미분류,기타불명,승용,여,23세,경상
2020053000100030,2020년 5월 30일 01시,토요일,충청남도 아산시 신창면,경상사고,0,0,2,0,차대차 - 측면충돌,중앙선침범,건조,맑음,교차로 - 교차로부근,승용,남,39세,상해없음,승용,남,23세,경상
2020053000100067,2020년 5월 30일 04시,토요일,충청남도 서산시 예천동,중상사고,0,1,0,0,차대차 - 측면충돌,교차로운행방법위반,건조,맑음,교차로 - 교차로안,승용,남,44세,상해없음,자전거,여,19세,중상
2020053000100074,2020년 5월 30일 05시,토요일,충청남도 아산시 둔포면,경상사고,0,0,1,0,차대차 - 측면충돌,신호위반,건조,맑음,교차로 - 교차로안,화물,남,49세,상해없음,화물,남,62세,경상
2020053000100082,2020년 5월 30일 06시,토요일,충청남도 서산시 석남동,경상사고,0,0,1,0,차대차 - 측면충돌,차로위반,건조,맑음,단일로 - 기타,화물,남,53세,상해없음,승용,여,67세,경상
2020053000100083,2020년 5월 30일 06시,토요일,충청남도 청양군 청양읍,중상사고,0,1,1,0,차대차 - 측면충돌,교차로운행방법위반,건조,맑음,교차로 - 교차로안,화물,남,55세,상해없음,승용,남,55세,경상
2020053000100095,2020년 5월 30일 07시,토요일,충청남도 홍성군 서부면,중상사고,0,3,1,0,차대차 - 측면충돌,안전운전불이행,건조,맑음,교차로 - 교차로안,화물,남,62세,경상,승용,남,59세,중상
2020053000100096,2020년 5월 30일 07시,토요일,충청남도 천안시 동남구 삼룡동,경상사고,0,0,1,0,차대차 - 추돌,안전운전불이행,건조,맑음,단일로 - 기타,승용,남,20세,상해없음,승용,남,33세,경상
2020053000100119,2020년 5월 30일 08시,토요일,충청남도 아산시 온천동,경상사고,0,0,1,0,차대차 - 기타,교차로운행방법위반,건조,맑음,교차로 - 교차로안,승용,여,56세,기타불명,승합,남,53세,기타불명
2020053000100146,2020년 5월 30일 09시,토요일,충청남도 천안시 서북구 성정동,경상사고,0,0,1,0,차대차 - 측면충돌,안전운전불이행,건조,맑음,단일로 - 기타,승합,남,51세,상해없음,승용,여,59세,경상
2020053000100183,2020년 5월 30일 10시,토요일,충청남도 아산시 장존동,중상사고,0,1,1,0,차대차 - 정면충돌,안전운전불이행,건조,맑음,기타 - 기타,승용,여,60세,상해없음,승합,남,60세,상해없음
2020053000100224,2020년 5월 30일 11시,토요일,충청남도 보령시 청소면,경상사고,0,0,1,0,차대차 - 추돌,안전운전불이행,건조,맑음,교차로 - 교차로부근,승용,남,56세,상해없음,승용,여,30세,상해없음
2020053000100273,2020년 5월 30일 12시,토요일,충청남도 태안군 안면읍,중상사고,0,1,5,0,차대차 - 측면충돌,불법유턴,건조,맑음,교차로 - 교차로안,승용,여,21세,경상,승용,남,48세,경상
2020053000100322,2020년 5월 30일 13시,토요일,충청남도 천안시 서북구 불당동,경상사고,0,0,2,0,차대차 - 측면충돌,교차로운행방법위반,건조,맑음,교차로 - 교차로안,승용,여,40세,상해없음,승용,남,42세,경상
2020053000100323,2020년 5월 30일 13시,토요일,충청남도 천안시 동남구 신방동,중상사고,0,1,0,0,차대사람 - 차도통행중,안전운전불이행,건조,맑음,단일로 - 기타,승용,여,34세,상해없음,보행자,여,77세,중상
2020053000100370,2020년 5월 30일 14시,토요일,충청남도 보령시 내항동,경상사고,0,0,4,0,차대차 - 측면충돌,안전운전불이행,건조,맑음,단일로 - 기타,승용,남,50세,경상,승용,남,44세,경상
2020053000100371,2020년 5월 30일 14시,토요일,충청남도 예산군 광시면,중상사고,0,1,1,0,차대차 - 측면충돌,직진우회전진행방해,건조,맑음,교차로 - 교차로안,승용,여,55세,상해없음,원동기,남,76세,경상
2020053000100372,2020년 5월 30일 14시,토요일,충청남도 천안시 동남구 신부동,경상사고,0,0,2,0,차대차 - 측면충돌,안전운전불이행,건조,맑음,단일로 - 기타,승용,남,30세,경상,승용,남,44세,경상
2020053000100403,2020년 5월 30일 15시,토요일,충청남도 공주시 반포면,경상사고,0,0,4,0,차대차 - 추돌,안전운전불이행,건조,맑음,교차로 - 교차로부근,승용,남,38세,상해없음,승용,남,44세,경상
2020053000100404,2020년 5월 30일 15시,토요일,충청남도 천안시 서북구 입장면,사망사고,1,6,11,0,차대차 - 추돌,안전운전불이행,건조,맑음,단일로 - 기타,승합,남,63세,사망,승용,남,48세,중상
2020053000100439,2020년 5월 30일 16시,토요일,충청남도 천안시 서북구 성정동,경상사고,0,0,3,0,차대차 - 측면충돌,안전운전불이행,건조,맑음,단일로 - 기타,승용,여,39세,경상,승용,남,35세,경상
2020053000100440,2020년 5월 30일 16시,토요일,충청남도 예산군 오가면,경상사고,0,0,1,0,차대차 - 측면충돌,안전운전불이행,건조,맑음,단일로 - 기타,승용,여,60세,상해없음,승용,남,60세,경상
2020053000100441,2020년 5월 30일 16시,토요일,충청남도 당진시 신평면,중상사고,0,1,2,0,차대차 - 기타,안전운전불이행,건조,맑음,교차로 - 교차로부근,원동기,여,15세,중상,승용,남,65세,경상