사고번호,사고일시,요일,시군구,사고내용,사망자수,중상자수,경상자수,부상신고자수,사고유형,법규위반,노면상태,기상상태,도로형태,가해운전자 차종,가해운전자 성별,가해운전자 연령,가해운전자 상해정도,피해운전자 차종,피해운전자 성별,피해운전자 연령,피해운전자 상해정도
2020060400100184,2020년 6월 4일 11시,목요일,충청남도 공주시 정안면,중상사고,0,1,2,0,차대차 - 정면충돌,교차로운행방법위반,건조,맑음,교차로 - 교차로안,승용,여,51세,경상,승합,여,48세,중상
2020060400100185,2020년 6월 4일 11시,목요일,충청남도 부여군 부여읍,중상사고,0,1,0,0,차대사람 - 기타,안전운전불이행,건조,맑음,교차로 - 교차로안,승용,남,36세,상해없음,보행자,남,32세,중상
2020060400100223,2020년 6월 4일 12시,목요일,충청남도 공주시 의당면,사망사고,1,0,0,0,차대차 - 기타,안전운전불이행,건조,맑음,단일로 - 기타,화물,남,86세,상해없음,자전거,남,85세,사망
2020060400100303,2020년 6월 4일 14시,목요일,충청남도 예산군 고덕면,경상사고,0,0,1,0,차대차 - 추돌,안전운전불이행,건조,맑음,교차로 - 교차로안,승용,남,59세,상해없음,승용,남,63세,경상
2020060400100304,2020년 6월 4일 14시,목요일,충청남도 천안시 동남구 구룡동,경상사고,0,0,1,0,차대차 - 측면충돌,안전운전불이행,건조,맑음,단일로 - 기타,이륜,남,72세,경상,승용,남,29세,상해없음
2020060400100346,2020년 6월 4일 15시,목요일,충청남도 서천군 기산면,경상사고,0,0,1,0,차대차 - 측면충돌,중앙선침범,건조,맑음,단일로 - 기타,화물,남,57세,상해없음,화물,남,58세,경상
2020060400100347,2020년 6월 4일 15시,목요일,충청남도 금산군 부리면,경상사고,0,0,1,0,차대차 - 정면충돌,중앙선침범,건조,맑음,단일로 - 기타,승용,여,58세,상해없음,승용,여,60세,경상
2020060400100437,2020년 6월 4일 17시,목요일,충청남도 아산시 배방읍,경상사고,0,0,1,0,차대차 - 측면충돌,안전운전불이행,건조,맑음,교차로 - 교차로부근,승용,남,37세,상해없음,승용,남,29세,경상
2020060400100438,2020년 6월 4일 17시,목요일,충청남도 부여군 부여읍,경상사고,0,0,1,0,차대차 - 측면충돌,안전운전불이행,건조,맑음,단일로 - 기타,화물,남,47세,상해없음,이륜,남,31세,경상
2020060400100439,2020년 6월 4일 17시,목요일,충청남도 당진시 채운동,경상사고,0,0,1,0,차대사람 - 기타,안전거리미확보,건조,맑음,기타 - 기타,자전거,남,40세,상해없음,보행자,남,4세,경상
2020060400100528,2020년 6월 4일 19시,목요일,충청남도 천안시 서북구 성정동,경상사고,0,0,1,0,차대차 - 측면충돌,교차로운행방법위반,건조,맑음,교차로 - 교차로안,승용,남,39세,상해없음,이륜,남,54세,경상
2020060400100529,2020년 6월 4일 19시,목요일,충청남도 당진시 송악읍,중상사고,0,1,0,0,차대차 - 측면충돌,교차로운행방법위반,건조,맑음,교차로 - 교차로안,승용,여,58세,기타불명,이륜,남,64세,중상
2020060400100625,2020년 6월 4일 22시,목요일,충청남도 아산시 배방읍,경상사고,0,0,1,0,차대차 - 기타,안전운전불이행,건조,맑음,단일로 - 기타,승용,남,32세,상해없음,승합,남,54세,상해없음
2020060500100010,2020년 6월 5일 00시,금요일,충청남도 천안시 서북구 성정동,경상사고,0,0,1,0,차대차 - 측면충돌,신호위반,건조,맑음,교차로 - 교차로안,승용,여,24세,상해없음,승용,남,50세,경상
2020060500100011,2020년 6월 5일 00시,금요일,충청남도 천안시 서북구 성거읍,경상사고,0,0,1,1,차대차 - 측면충돌,안전운전불이행,건조,맑음,기타 - 기타,이륜,남,16세,부상신고,승용,남,34세,기타불명
2020060500100012,2020년 6월 5일 00시,금요일,충청남도 천안시 서북구 쌍용동,경상사고,0,0,2,0,차대차 - 측면충돌,안전운전불이행,건조,맑음,단일로 - 기타,화물,남,57세,상해없음,승용,남,24세,경상
2020060500100027,2020년 6월 5일 01시,금요일,충청남도 천안시 서북구 백석동,경상사고,0,0,1,0,차대차 - 측면충돌,신호위반,건조,맑음,교차로 - 교차로안,승용,남,36세,상해없음,승용,남,33세,경상
2020060500100044,2020년 6월 5일 04시,금요일,충청남도 아산시 염치읍,사망사고,1,0,0,0,차대차 - 추돌,안전운전불이행,젖음/습기,비,단일로 - 기타,화물,남,48세,상해없음,농기계,남,55세,사망
2020060500100085,2020년 6월 5일 07시,금요일,충청남도 천안시 서북구 두정동,경상사고,0,0,1,0,차대차 - 측면충돌,교차로운행방법위반,건조,맑음,교차로 - 교차로안,승용,남,39세,상해없음,이륜,남,37세,경상
2020060500100086,2020년 6월 5일 07시,금요일,충청남도 예산군 예산읍,경상사고,0,0,1,0,차대차 - 측면충돌,안전거리미확보,건조,맑음,단일로 - 기타,건설기계,남,37세,상해없음,승용,여,55세,경상
2020060500100116,2020년 6월 5일 08시,금요일,충청남도 계룡시 두마면,중상사고,0,2,0,0,차대차 - 측면충돌,신호위반,건조,맑음,교차로 - 교차로안,승합,남,63세,중상,승용,여,35세,중상
2020060500100117,2020년 6월 5일 08시,금요일,충청남도 공주시 유구읍,사망사고,1,0,0,0,차대차 - 추돌,안전운전불이행,건조,맑음,단일로 - 기타,화물,남,54세,상해없음,자전거,남,81세,사망
2020060500100175,2020년 6월 5일 10시,금요일,충청남도 당진시 송악읍,경상사고,0,0,1,0,차대차 - 측면충돌,신호위반,건조,맑음,교차로 - 교차로안,화물,남,65세,상해없음,승용,남,50세,경상
2020060500100209,2020년 6월 5일 11시,금요일,충청남도 천안시 서북구 쌍용동,경상사고,0,0,1,0,차대차 - 기타,안전거리미확보,건조,맑음,교차로 - 교차로부근,건설기계,남,68세,상해없음,승용,여,40세,경상
2020060500100210,2020년 6월 5일 11시,금요일,충청남도 서천군 비인면,중상사고,0,1,1,0,차대차 - 정면충돌,중앙선침범,건조,맑음,단일로 - 기타,승용,남,61세,경상,승합,여,58세,중상
2020060500100211,2020년 6월 5일 11시,금요일,충청남도 보령시 궁촌동,중상사고,0,1,1,0,차대차 - 측면충돌,신호위반,건조,맑음,교차로 - 교차로안,승용,여,56세,상해없음,화물,남,50세,경상
2020060500100212,2020년 6월 5일 11시,금요일,충청남도 예산군 예산읍,경상사고,0,0,3,0,차대사람 - 기타,안전운전불이행,건조,맑음,교차로 - 교차로안,승용,남,79세,상해없음,보행자,여,42세,경상
2020060500100213,2020년 6월 5일 11시,금요일,충청남도 천안시 동남구 봉명동,중상사고,0,1,1,0,차대사람 - 기타,안전운전불이행,건조,맑음,단일로 - 기타,승용,여,52세,상해없음,보행자,남,34세,중상
2020060500100289,2020년 6월 5일 13시,금요일,충청남도 천안시 서북구 쌍용동,경상사고,0,0,1,0,차대차 - 정면충돌,신호위반,건조,맑음,교차로 - 교차로안,승용,남,64세,상해없음,승용,여,57세,경상
2020060500100290,2020년 6월 5일 13시,금요일,충청남도 당진시 송악읍,중상사고,0,1,0,0,차대차 - 추돌,안전거리미확보,건조,맑음,단일로 - 기타,화물,남,46세,상해없음,승용,여,45세,중상
2020060500100336,2020년 6월 5일 14시,금요일,충청남도 당진시 신평면,중상사고,0,1,0,0,차대차 - 추돌,기타,건조,맑음,교차로 - 교차로안,승용,여,55세,상해없음,사륜오토바이(ATV),여,73세,중상
2020060500100385,2020년 6월 5일 15시,금요일,충청남도 홍성군 홍동면,경상사고,0,0,4,0,차대차 - 측면충돌,중앙선침범,건조,맑음,단일로 - 기타,승용,여,44세,상해없음,승용,여,56세,경상
2020060500100386,2020년 6월 5일 15시,금요일,충청남도 아산시 인주면,중상사고,0,1,0,0,차대차 - 기타,안전거리미확보,건조,맑음,교차로 - 교차로부근,승용,여,33세,기타불명,승용,남,54세,중상
2020060500100431,2020년 6월 5일 16시,금요일,충청남도 홍성군 홍성읍,중상사고,0,1,0,0,차대사람 - 횡단중,보행자보호의무위반,건조,맑음,단일로 - 기타,승용,여,58세,상해없음,보행자,여,68세,중상
2020060500100475,2020년 6월 5일 17시,금요일,충청남도 당진시 원당리,경상사고,0,0,2,0,차대차 - 추돌,안전거리미확보,건조,맑음,단일로 - 기타,승용,여,35세,경상,승용,남,30세,경상
2020060500100525,2020년 6월 5일 18시,금요일,충청남도 아산시 배방읍,경상사고,0,0,3,0,차대차 - 기타,신호위반,건조,맑음,교차로 - 교차로안,승용,남,25세,상해없음,승용,여,37세,경상
2020060500100526,2020년 6월 5일 18시,금요일,충청남도 서천군 장항읍,경상사고,0,0,3,0,차대차 - 측면충돌,직진우회전진행방해,건조,맑음,교차로 - 교차로안,승용,여,32세,경상,승합,남,60세,경상
2020060500100569,2020년 6월 5일 19시,금요일,충청남도 서산시 운산면,중상사고,0,1,1,0,차대차 - 추돌,안전운전불이행,건조,맑음,단일로 - 기타,승용,남,28세,상해없음,승용,남,45세,중상
2020060500100609,2020년 6월 5일 20시,금요일,충청남도 서산시 동문동,중상사고,0,1,0,0,차대차 - 후진중충돌,안전운전불이행,건조,맑음,교차로 - 교차로안,화물,남,58세,상해없음,승용,남,53세,중상
2020060500100610,2020년 6월 5일 20시,금요일,충청남도 천안시 서북구 두정동,경상사고,0,0,1,0,차대차 - 기타,중앙선침범,건조,맑음,교차로 - 교차로안,이륜,남,26세,상해없음,이륜,남,31세,경상
2020060500100611,2020년 6월 5일 20시,금요일,충청남도 아산시 배방읍,경상사고,0,0,1,0,차대차 - 추돌,안전운전불이행,건조,맑음,교차로 - 교차로부근,승용,남,19세,상해없음,승합,남,41세,경상
2020060500100658,2020년 6월 5일 21시,금요일,충청남도 천안시 서북구 성정동,경상사고,0,0,1,0,차대차 - 측면충돌,신호위반,건조,맑음,교차로 - 교차로부근,승용,남,21세,상해없음,승용,여,40세,경상
2020060500100659,2020년 6월 5일 21시,금요일,충청남도 금산군 금산읍,경상사고,0,0,1,0,차대차 - 측면충돌,안전운전불이행,건조,맑음,교차로 - 교차로부근,승용,남,47세,상해없음,자전거,남,16세,경상
2020060600100042,2020년 6월 6일 02시,토요일,충청남도 아산시 탕정면,경상사고,0,0,1,0,차대차 - 측면충돌,신호위반,건조,맑음,교차로 - 교차로안,승용,남,29세,상해없음,승용,여,20세,경상
2020060600100055,2020년 6월 6일 03시,토요일,충청남도 천안시 서북구 성정동,경상사고,0,0,1,0,차대사람 - 횡단중,보행자보호의무위반,건조,맑음,교차로 - 교차로횡단보도내,승용,남,23세,상해없음,보행자,남,63세,경상
2020060600100056,2020년 6월 6일 03시,토요일,충청남도 서천군 마서면,중상사고,0,1,0,0,차량단독 - 공작물충돌,안전운전불이행,건조,맑음,단일로 - 기타,승용,남,55세,중상,,,,
2020060600100071,2020년 6월 6일 04시,토요일,충청남도 아산시 모종동,경상사고,0,0,1,0,차대차 - 측면충돌,안전운전불이행,건조,맑음,교차로 - 교차로부근,화물,남,50세,상해없음,화물,남,45세,경상
2020060600100083,2020년 6월 6일 06시,토요일,충청남도 아산시 배방읍,경상사고,0,0,1,0,차대차 - 기타,신호위반,건조,맑음,단일로 - 기타,승용,여,28세,상해없음,승용,남,33세,경상
2020060600100125,2020년 6월 6일 09시,토요일,충청남도 부여군 홍산면,경상사고,0,0,1,0,차대차 - 측면충돌,안전운전불이행,건조,맑음,단일로 - 기타,자전거,남,19세,경상,승합,남,58세,상해없음
2020060600100158,2020년 6월 6일 10시,토요일,충청남도 홍성군 홍성읍,경상사고,0,0,1,0,차대차 - 측면충돌,안전운전불이행,건조,맑음,교차로 - 교차로안,승용,남,51세,상해없음,승용,여,50세,경상
2020060600100159,2020년 6월 6일 10시,토요일,충청남도 예산군 예산읍,경상사고,0,0,2,0,차대차 - 측면충돌,교차로운행방법위반,건조,맑음,교차로 - 교차로안,건설기계,남,39세,상해없음,승용,남,44세,경상
2020060600100160,2020년 6월 6일 10시,토요일,충청남도 천안시 동남구 청당동,경상사고,0,0,3,0,차대차 - 추돌,안전운전불이행,건조,맑음,교차로 - 교차로부근,승용,여,26세,상해없음,승용,남,32세,경상
2020060600100183,2020년 6월 6일 11시,토요일,충청남도 보령시 동대동,경상사고,0,0,2,0,차대차 - 측면충돌,직진우회전진행방해,건조,맑음,교차로 - 교차로안,승용,남,43세,상해없음,승용,남,47세,경상
2020060600100260,2020년 6월 6일 13시,토요일,충청남도 천안시 서북구 성정동,경상사고,0,0,1,0,차대차 - 추돌,안전운전불이행,건조,맑음,교차로 - 교차로부근,승용,남,30세,상해없음,승용,남,39세,경상
2020060600100261,2020년 6월 6일 13시,토요일,충청남도 아산시 인주면,중상사고,0,1,0,0,차대사람 - 길가장자리구역통행중,안전운전불이행,건조,맑음,단일로 - 기타,이륜,남,31세,상해없음,보행자,남,47세,중상
2020060600100306,2020년 6월 6일 14시,토요일,충청남도 계룡시 금암동,경상사고,0,0,3,0,차대차 - 추돌,차로위반,건조,맑음,교차로 - 교차로부근,승용,남,46세,경상,승합,여,62세,경상
2020060600100339,2020년 6월 6일 15시,토요일,충청남도 천안시 동남구 원성동,경상사고,0,0,4,0,차대차 - 기타,안전거리미확보,건조,맑음,단일로 - 기타,승용,남,22세,상해없음,승용,여,29세,상해없음
2020060600100383,2020년 6월 6일 16시,토요일,충청남도 공주시 금성동,중상사고,0,1,2,0,차대차 - 측면충돌,교차로운행방법위반,건조,맑음,교차로 - 교차로안,승용,여,66세,경상,승용,남,41세,경상
2020060600100426,2020년 6월 6일 17시,토요일,충청남도 천안시 서북구 성정동,부상신고사고,0,0,0,1,차대차 - 측면충돌,안전운전불이행,건조,맑음,교차로 - 교차로부근,이륜,남,32세,부상신고,승용,남,36세,상해없음
2020060600100465,2020년 6월 6일 18시,토요일,충청남도 논산시 반월동,경상사고,0,0,1,0,차대차 - 측면충돌,안전운전불이행,건조,맑음,교차로 - 교차로안,승용,여,51세,경상,화물,남,26세,상해없음
2020060600100466,2020년 6월 6일 18시,토요일,충청남도 당진시 석문면,경상사고,0,0,2,0,차대차 - 추돌,안전운전불이행,건조,맑음,단일로 - 기타,승용,여,49세,상해없음,승용,남,53세,경상
2020060600100525,2020년 6월 6일 20시,토요일,충청남도 천안시 동남구 목천읍,경상사고,0,0,1,0,차대차 - 기타,안전운전불이행,건조,맑음,교차로 - 교차로안,승용,남,56세,상해없음,승용,남,31세,상해없음
2020060600100554,2020년 6월 6일 21시,토요일,충청남도 당진시 신평면,사망사고,1,0,0,0,차량단독 - 공작물충돌,안전운전불이행,건조,맑음,단일로 - 기타,이륜,남,69세,사망,,,,
2020060600100581,2020년 6월 6일 22시,토요일,충청남도 보령시 신흑동,경상사고,0,0,2,0,차대사람 - 기타,안전운전불이행,건조,맑음,단일로 - 기타,화물,여,25세,상해없음,보행자,남,24세,경상
2020060600100594,2020년 6월 6일 23시,토요일,충청남도 천안시 서북구 두정동,경상사고,0,0,1,0,차대차 - 정면충돌,신호위반,건조,맑음,교차로 - 교차로안,승용,남,44세,상해없음,승용,남,36세,경상
2020060700100007,2020년 6월 7일 00시,일요일,충청남도 당진시 정미면,경상사고,0,0,1,0,차대차 - 추돌,안전운전불이행,건조,맑음,단일로 - 기타,화물,남,60세,상해없음,승용,여,33세,경상
2020060700100024,2020년 6월 7일 01시,일요일,충청남도 서산시 읍내동,경상사고,0,0,1,0,차대차 - 추돌,안전거리미확보,건조,흐림,교차로 - 교차로부근,화물,남,46세,상해없음,승용,남,38세,경상
2020060700100074,2020년 6월 7일 06시,일요일,충청남도 금산군 금산읍,경상사고,0,0,1,0,차대차 - 측면충돌,신호위반,건조,맑음,교차로 - 교차로안,승용,여,62세,상해없음,화물,남,50세,경상
2020060700100141,2020년 6월 7일 10시,일요일,충청남도 당진시 송악읍,부상신고사고,0,0,0,2,차대차 - 정면충돌,중앙선침범,건조,맑음,단일로 - 기타,승용,남,30세,상해없음,승용,여,36세,부상신고
2020060700100142,2020년 6월 7일 10시,일요일,충청남도 금산군 금산읍,사망사고,1,0,0,0,차대사람 - 차도통행중,안전운전불이행,건조,맑음,교차로 - 교차로안,화물,남,45세,상해없음,보행자,여,80세,사망
2020060700100158,2020년 6월 7일 11시,일요일,충청남도 공주시 정안면,중상사고,0,1,1,0,차량단독 - 공작물충돌,안전운전불이행,건조,맑음,단일로 - 기타,화물,남,57세,경상,,,,
2020060700100159,2020년 6월 7일 11시,일요일,충청남도 예산군 응봉면,경상사고,0,0,1,0,차대차 - 측면충돌,안전운전불이행,건조,맑음,단일로 - 기타,화물,남,56세,상해없음,이륜,남,46세,경상
2020060700100187,2020년 6월 7일 12시,일요일,충청남도 서산시 예천동,경상사고,0,0,1,0,차대차 - 기타,기타,건조,맑음,교차로 - 교차로안,이륜,남,26세,경상,승용,남,45세,상해없음
2020060700100219,2020년 6월 7일 13시,일요일,충청남도 보령시 명천동,중상사고,0,1,1,0,차대차 - 측면충돌,교차로운행방법위반,건조,맑음,교차로 - 교차로안,승용,여,40세,상해없음,승용,남,36세,경상
2020060700100262,2020년 6월 7일 14시,일요일,충청남도 당진시 송악읍,경상사고,0,0,3,0,차대차 - 추돌,안전운전불이행,건조,맑음,단일로 - 기타,승용,남,59세,상해없음,승용,남,45세,경상
2020060700100290,2020년 6월 7일 15시,일요일,충청남도 보령시 주교면,경상사고,0,0,1,0,차대차 - 측면충돌,안전운전불이행,건조,맑음,교차로 - 교차로안,승용,남,57세,상해없음,승용,남,73세,경상
2020060700100291,2020년 6월 7일 15시,일요일,충청남도 공주시 정안면,경상사고,0,0,6,0,차대차 - 추돌,안전운전불이행,건조,맑음,단일로 - 기타,승용,남,50세,상해없음,승용,여,43세,경상
2020060700100292,2020년 6월 7일 15시,일요일,충청남도 태안군 안면읍,경상사고,0,0,2,0,차대차 - 추돌,안전운전불이행,건조,맑음,단일로 - 기타,화물,남,51세,상해없음,승용,여,61세,경상
2020060700100326,2020년 6월 7일 16시,일요일,충청남도 홍성군 금마면,경상사고,0,0,2,0,차대차 - 추돌,안전운전불이행,건조,맑음,교차로 - 교차로부근,화물,남,51세,상해없음,승용,남,62세,경상
2020060700100365,2020년 6월 7일 17시,일요일,충청남도 서산시 동문동,중상사고,0,1,0,0,차대사람 - 횡단중,안전운전불이행,건조,맑음,단일로 - 기타,승용,남,56세,상해없음,보행자,여,54세,중상
2020060700100366,2020년 6월 7일 17시,일요일,충청남도 아산시 온천동,중상사고,0,1,0,0,차대차 - 기타,신호위반,건조,맑음,교차로 - 교차로안,승용,여,57세,기타불명,승용,남,39세,상해없음
2020060700100367,2020년 6월 7일 17시,일요일,충청남도 천안시 동남구 청수동,경상사고,0,0,1,0,차대사람 - 기타,안전운전불이행,건조,맑음,단일로 - 기타,승용,여,64세,상해없음,보행자,여,6세,경상
2020060700100404,2020년 6월 7일 18시,일요일,충청남도 보령시 청소면,경상사고,0,0,1,0,차대차 - 추돌,안전운전불이행,건조,맑음,단일로 - 기타,화물,남,61세,상해없음,승용,여,25세,경상
2020060700100433,2020년 6월 7일 19시,일요일,충청남도 천안시 동남구 구룡동,경상사고,0,0,2,0,차대차 - 추돌,안전운전불이행,건조,맑음,단일로 - 기타,이륜,남,34세,상해없음,승용,남,60세,경상
2020060700100462,2020년 6월 7일 20시,일요일,충청남도 천안시 동남구 원성동,경상사고,0,0,1,0,차대차 - 기타,안전운전불이행,건조,맑음,교차로 - 교차로부근,이륜,남,46세,상해없음,이륜,남,28세,경상
2020060700100483,2020년 6월 7일 21시,일요일,충청남도 보령시 청소면,중상사고,0,1,0,0,차량단독 - 공작물충돌,안전운전불이행,건조,맑음,단일로 - 기타,이륜,남,23세,중상,,,,
2020060700100494,2020년 6월 7일 22시,일요일,충청남도 천안시 서북구 두정동,경상사고,0,0,1,0,차대차 - 측면충돌,안전운전불이행,건조,맑음,교차로 - 교차로부근,승용,남,31세,상해없음,이륜,남,21세,경상
2020060700100495,2020년 6월 7일 22시,일요일,충청남도 천안시 서북구 직산읍,경상사고,0,0,1,0,차대차 - 후진중충돌,안전운전불이행,건조,맑음,교차로 - 교차로안,승용,여,46세,상해없음,승용,남,26세,경상
2020060700100496,2020년 6월 7일 22시,일요일,충청남도 천안시 서북구 직산읍,경상사고,0,0,1,0,차대차 - 측면충돌,안전운전불이행,건조,맑음,교차로 - 교차로안,승용,남,56세,상해없음,승용,남,47세,경상
2020060800100016,2020년 6월 8일 02시,월요일,충청남도 홍성군 갈산면,경상사고,0,0,1,0,차대차 - 추돌,안전운전불이행,건조,흐림,단일로 - 기타,승용,남,40세,상해없음,승용,남,59세,경상
2020060800100084,2020년 6월 8일 07시,월요일,충청남도 당진시 송악읍,중상사고,0,1,0,0,차대차 - 기타,안전운전불이행,건조,맑음,교차로 - 교차로안,화물,남,51세,상해없음,이륜,남,73세,중상
2020060800100127,2020년 6월 8일 08시,월요일,충청남도 아산시 배방읍,중상사고,0,1,0,0,차량단독 - 기타,안전운전불이행,건조,맑음,단일로 - 기타,승합,남,51세,상해없음,,,,
2020060800100128,2020년 6월 8일 08시,월요일,충청남도 천안시 동남구 오룡동,경상사고,0,0,2,0,차량단독 - 전도전복 - 전도,안전운전불이행,건조,맑음,단일로 - 지하차도(도로)내,이륜,남,91세,경상,,,,
2020060800100129,2020년 6월 8일 08시,월요일,충청남도 태안군 태안읍,경상사고,0,0,1,0,차대차 - 측면충돌,교차로운행방법위반,건조,맑음,교차로 - 교차로안,화물,남,74세,상해없음,승용,여,30세,경상
2020060800100172,2020년 6월 8일 09시,월요일,충청남도 천안시 서북구 불당동,경상사고,0,0,1,0,차대차 - 추돌,안전거리미확보,건조,맑음,단일로 - 기타,승용,남,60세,상해없음,승용,여,44세,경상
2020060800100203,2020년 6월 8일 10시,월요일,충청남도 천안시 서북구 두정동,경상사고,0,0,1,0,차대사람 - 기타,안전운전불이행,건조,맑음,단일로 - 기타,승합,남,46세,상해없음,보행자,남,24세,경상
2020060800100239,2020년 6월 8일 11시,월요일,충청남도 당진시 읍내리,경상사고,0,0,1,0,차대차 - 측면충돌,불법유턴,건조,맑음,교차로 - 교차로안,화물,남,61세,상해없음,이륜,남,43세,경상
2020060800100284,2020년 6월 8일 12시,월요일,충청남도 공주시 신관동,중상사고,0,1,1,0,차대차 - 측면충돌,안전운전불이행,건조,맑음,단일로 - 기타,승합,여,50세,상해없음,승용,여,41세,중상
2020060800100285,2020년 6월 8일 12시,월요일,충청남도 당진시 읍내리,경상사고,0,0,1,0,차대차 - 추돌,안전운전불이행,건조,맑음,단일로 - 기타,승용,남,54세,상해없음,승용,남,22세,경상
2020060800100335,2020년 6월 8일 13시,월요일,충청남도 당진시 송산면,경상사고,0,0,3,0,차대차 - 측면충돌,교차로운행방법위반,건조,맑음,교차로 - 교차로안,승용,남,37세,상해없음,승용,남,65세,경상
2020060800100367,2020년 6월 8일 14시,월요일,충청남도 공주시 유구읍,경상사고,0,0,2,0,차대차 - 기타,신호위반,건조,맑음,교차로 - 교차로안,승용,남,65세,경상,건설기계,남,47세,경상
2020060800100368,2020년 6월 8일 14시,월요일,충청남도 공주시 신관동,경상사고,0,0,1,0,차대차 - 추돌,안전운전불이행,건조,맑음,교차로 - 교차로부근,승용,여,28세,상해없음,승용,여,45세,경상
2020060800100449,2020년 6월 8일 16시,월요일,충청남도 예산군 응봉면,경상사고,0,0,4,0,차대차 - 추돌,안전운전불이행,건조,맑음,교차로 - 교차로부근,승용,여,53세,상해없음,승용,여,57세,경상
2020060800100450,2020년 6월 8일 16시,월요일,충청남도 부여군 남면,경상사고,0,0,1,0,차대차 - 측면충돌,직진우회전진행방해,건조,맑음,교차로 - 교차로안,승용,여,30세,경상,화물,남,37세,상해없음
2020060800100496,2020년 6월 8일 17시,월요일,충청남도 서산시 해미면,중상사고,0,1,0,0,차대차 - 측면충돌,안전운전불이행,건조,맑음,교차로 - 교차로안,화물,남,46세,상해없음,자전거,남,84세,중상
2020060800100497,2020년 6월 8일 17시,월요일,충청남도 천안시 서북구 성정동,중상사고,0,1,0,0,차대사람 - 횡단중,보행자보호의무위반,건조,맑음,교차로 - 교차로횡단보도내,승용,남,68세,상해없음,보행자,남,54세,중상
2020060800100543,2020년 6월 8일 18시,월요일,충청남도 서산시 동문동,경상사고,0,0,1,0,차대차 - 추돌,안전운전불이행,건조,맑음,교차로 - 교차로부근,승용,남,43세,상해없음,승용,여,42세,경상
2020060800100544,2020년 6월 8일 18시,월요일,충청남도 천안시 서북구 불당동,경상사고,0,0,1,0,차대차 - 측면충돌,교차로운행방법위반,건조,맑음,단일로 - 기타,승용,남,37세,상해없음,이륜,남,23세,경상
2020060800100545,2020년 6월 8일 18시,월요일,충청남도 천안시 서북구 직산읍,경상사고,0,0,1,0,차대차 - 측면충돌,직진우회전진행방해,건조,맑음,교차로 - 교차로안,승용,남,29세,상해없음,승용,남,46세,경상
2020060800100593,2020년 6월 8일 19시,월요일,충청남도 천안시 서북구 성정동,경상사고,0,0,2,0,차대차 - 측면충돌,신호위반,건조,맑음,교차로 - 교차로안,승용,남,68세,상해없음,화물,남,46세,경상
2020060800100595,2020년 6월 8일 19시,월요일,충청남도 아산시 풍기동,경상사고,0,0,5,0,차대차 - 기타,안전운전불이행,건조,맑음,단일로 - 기타,승용,남,18세,상해없음,승용,남,27세,경상
2020060800100627,2020년 6월 8일 20시,월요일,충청남도 천안시 서북구 성정동,경상사고,0,0,1,0,차대사람 - 기타,신호위반,건조,맑음,교차로 - 교차로안,자전거,기타불명,미분류,기타불명,보행자,여,61세,경상
2020060800100628,2020년 6월 8일 20시,월요일,충청남도 아산시 모종동,경상사고,0,0,2,1,차대차 - 측면충돌,신호위반,건조,맑음,교차로 - 교차로안,이륜,남,22세,부상신고,승용,여,23세,경상
2020060800100629,2020년 6월 8일 20시,월요일,충청남도 청양군 대치면,경상사고,0,0,1,0,차량단독 - 도로외이탈 - 추락,안전운전불이행,건조,맑음,교차로 - 교차로부근,승용,여,60세,경상,,,,
2020060800100659,2020년 6월 8일 21시,월요일,충청남도 서산시 동문동,경상사고,0,0,1,0,차대사람 - 기타,안전운전불이행,건조,맑음,기타 - 기타,승용,여,63세,상해없음,보행자,남,60세,경상
2020060800100660,2020년 6월 8일 21시,월요일,충청남도 천안시 서북구 백석동,중상사고,0,1,0,0,차대사람 - 횡단중,보행자보호의무위반,건조,맑음,교차로 - 교차로횡단보도내,승용,남,45세,상해없음,보행자,남,60세,중상
2020060800100661,2020년 6월 8일 21시,월요일,충청남도 천안시 서북구 불당동,경상사고,0,0,2,0,차대차 - 측면충돌,신호위반,건조,맑음,교차로 - 교차로안,승용,남,46세,상해없음,승용,남,30세,경상
2020060800100708,2020년 6월 8일 23시,월요일,충청남도 천안시 동남구 봉명동,경상사고,0,0,2,0,차대차 - 측면충돌,신호위반,건조,맑음,교차로 - 교차로안,승용,여,42세,상해없음,승용,여,32세,경상
2020060800100709,2020년 6월 8일 23시,월요일,충청남도 천안시 서북구 성정동,경상사고,0,0,1,0,차대차 - 측면충돌,안전운전불이행,건조,맑음,교차로 - 교차로안,화물,여,59세,상해없음,승용,남,38세,상해없음
2020060800100710,2020년 6월 8일 23시,월요일,충청남도 보령시 동대동,중상사고,0,2,1,0,차대차 - 기타,직진우회전진행방해,건조,맑음,교차로 - 교차로안,이륜,남,33세,중상,승용,남,18세,경상
2020060900100017,2020년 6월 9일 01시,화요일,충청남도 천안시 서북구 두정동,경상사고,0,0,1,0,차대차 - 기타,안전운전불이행,건조,맑음,단일로 - 기타,승용,남,28세,상해없음,승용,남,20세,경상
2020060900100072,2020년 6월 9일 07시,화요일,충청남도 천안시 서북구 성정동,경상사고,0,0,1,0,차대차 - 측면충돌,안전거리미확보,건조,맑음,단일로 - 기타,특수,남,48세,상해없음,화물,남,42세,상해없음
2020060900100073,2020년 6월 9일 07시,화요일,충청남도 아산시 둔포면,경상사고,0,0,2,0,차대차 - 추돌,안전운전불이행,건조,맑음,단일로 - 기타,화물,남,37세,상해없음,승용,남,37세,경상
2020060900100074,2020년 6월 9일 07시,화요일,충청남도 예산군 덕산면,경상사고,0,0,1,0,차대차 - 측면충돌,직진우회전진행방해,건조,맑음,교차로 - 교차로안,화물,남,52세,상해없음,이륜,남,67세,경상