사고번호,사고일시,요일,시군구,사고내용,사망자수,중상자수,경상자수,부상신고자수,사고유형,법규위반,노면상태,기상상태,도로형태,가해운전자 차종,가해운전자 성별,가해운전자 연령,가해운전자 상해정도,피해운전자 차종,피해운전자 성별,피해운전자 연령,피해운전자 상해정도
2020061200100458,2020년 6월 12일 17시,금요일,충청남도 천안시 서북구 두정동,부상신고사고,0,0,0,1,차대차 - 기타,안전운전불이행,젖음/습기,비,교차로 - 교차로안,기타불명,기타불명,미분류,기타불명,이륜,남,25세,부상신고
2020061200100459,2020년 6월 12일 17시,금요일,충청남도 천안시 서북구 두정동,경상사고,0,0,1,0,차대차 - 추돌,안전운전불이행,젖음/습기,비,교차로 - 교차로부근,승용,남,37세,상해없음,승용,남,28세,경상
2020061200100460,2020년 6월 12일 17시,금요일,충청남도 아산시 도고면,경상사고,0,0,1,0,차대차 - 추돌,안전운전불이행,건조,맑음,단일로 - 기타,승합,기타불명,미분류,기타불명,승용,남,36세,경상
2020061200100461,2020년 6월 12일 17시,금요일,충청남도 아산시 탕정면,경상사고,0,0,1,0,차대차 - 측면충돌,차로위반,건조,맑음,단일로 - 기타,승용,여,58세,상해없음,승용,여,32세,경상
2020061200100462,2020년 6월 12일 17시,금요일,충청남도 공주시 우성면,중상사고,0,2,0,0,차대차 - 기타,안전운전불이행,젖음/습기,비,교차로 - 교차로부근,화물,남,47세,상해없음,화물,남,54세,중상
2020061200100515,2020년 6월 12일 18시,금요일,충청남도 공주시 유구읍,중상사고,0,2,0,0,차량단독 - 기타,기타,젖음/습기,흐림,미분류 - 미분류,화물,남,51세,중상,,,,
2020061200100567,2020년 6월 12일 19시,금요일,충청남도 천안시 서북구 두정동,경상사고,0,0,1,0,차대차 - 측면충돌,안전운전불이행,건조,맑음,단일로 - 기타,승용,남,41세,상해없음,원동기,남,20세,경상
2020061200100610,2020년 6월 12일 20시,금요일,충청남도 천안시 서북구 성거읍,중상사고,0,1,0,0,차대차 - 측면충돌,안전운전불이행,젖음/습기,비,단일로 - 기타,승합,남,70세,상해없음,승용,남,47세,중상
2020061200100641,2020년 6월 12일 21시,금요일,충청남도 천안시 서북구 성정동,경상사고,0,0,1,0,차대차 - 측면충돌,안전운전불이행,건조,맑음,단일로 - 기타,승용,여,49세,상해없음,승용,남,35세,경상
2020061200100686,2020년 6월 12일 22시,금요일,충청남도 천안시 서북구 두정동,경상사고,0,0,2,0,차대차 - 측면충돌,안전운전불이행,젖음/습기,비,단일로 - 기타,승용,남,34세,경상,이륜,남,21세,경상
2020061200100687,2020년 6월 12일 22시,금요일,충청남도 천안시 서북구 성거읍,경상사고,0,0,1,0,차대차 - 측면충돌,안전운전불이행,젖음/습기,흐림,단일로 - 기타,승용,남,48세,상해없음,승합,남,39세,경상
2020061200100688,2020년 6월 12일 22시,금요일,충청남도 서천군 서면,경상사고,0,0,1,0,차량단독 - 도로외이탈 - 기타,안전운전불이행,젖음/습기,비,단일로 - 기타,승용,여,41세,경상,,,,
2020061200100732,2020년 6월 12일 23시,금요일,충청남도 아산시 배방읍,경상사고,0,0,3,5,차대차 - 추돌,안전운전불이행,젖음/습기,비,단일로 - 기타,승용,남,32세,상해없음,승합,남,36세,부상신고
2020061200100734,2020년 6월 12일 23시,금요일,충청남도 예산군 예산읍,경상사고,0,0,1,0,차대사람 - 횡단중,보행자보호의무위반,젖음/습기,비,단일로 - 기타,승용,남,31세,기타불명,보행자,남,18세,경상
2020061300100042,2020년 6월 13일 01시,토요일,충청남도 공주시 신관동,중상사고,0,1,0,0,차량단독 - 전도전복 - 전도,안전운전불이행,젖음/습기,비,교차로 - 교차로부근,이륜,남,34세,중상,,,,
2020061300100102,2020년 6월 13일 06시,토요일,충청남도 논산시 연무읍,중상사고,0,1,0,0,차량단독 - 공작물충돌,안전운전불이행,젖음/습기,비,단일로 - 기타,승용,남,23세,상해없음,,,,
2020061300100159,2020년 6월 13일 09시,토요일,충청남도 천안시 동남구 신부동,경상사고,0,0,2,0,차대차 - 측면충돌,차로위반,건조,맑음,교차로 - 교차로부근,화물,남,52세,상해없음,승용,여,26세,경상
2020061300100187,2020년 6월 13일 10시,토요일,충청남도 서산시 동문동,중상사고,0,1,0,0,차대사람 - 횡단중,보행자보호의무위반,건조,맑음,교차로 - 교차로횡단보도내,승용,여,65세,상해없음,보행자,남,62세,중상
2020061300100188,2020년 6월 13일 10시,토요일,충청남도 당진시 송악읍,경상사고,0,0,3,0,차대차 - 측면충돌,안전운전불이행,건조,맑음,단일로 - 기타,화물,남,62세,상해없음,승용,남,49세,경상
2020061300100189,2020년 6월 13일 10시,토요일,충청남도 천안시 서북구 성거읍,경상사고,0,0,1,0,차대차 - 추돌,안전운전불이행,건조,맑음,단일로 - 기타,승용,남,35세,기타불명,승용,남,63세,경상
2020061300100217,2020년 6월 13일 11시,토요일,충청남도 천안시 서북구 불당동,경상사고,0,0,3,0,차대차 - 추돌,안전운전불이행,건조,맑음,단일로 - 기타,화물,남,49세,상해없음,승용,남,52세,경상
2020061300100218,2020년 6월 13일 11시,토요일,충청남도 서천군 서천읍,경상사고,0,0,1,0,차대사람 - 횡단중,보행자보호의무위반,건조,맑음,교차로 - 교차로안,승용,남,66세,상해없음,보행자,여,10세,경상
2020061300100310,2020년 6월 13일 13시,토요일,충청남도 천안시 서북구 두정동,경상사고,0,0,1,0,차대차 - 추돌,안전운전불이행,건조,맑음,기타 - 기타,승용,남,67세,상해없음,승용,남,29세,경상
2020061300100311,2020년 6월 13일 13시,토요일,충청남도 천안시 동남구 대흥동,부상신고사고,0,0,0,1,차대차 - 측면충돌,안전운전불이행,건조,맑음,단일로 - 기타,승용,여,34세,기타불명,승합,남,45세,부상신고
2020061300100375,2020년 6월 13일 15시,토요일,충청남도 천안시 동남구 신부동,경상사고,0,0,1,0,차대사람 - 차도통행중,보행자보호의무위반,건조,맑음,단일로 - 기타,기타불명,기타불명,미분류,기타불명,보행자,남,25세,경상
2020061300100376,2020년 6월 13일 15시,토요일,충청남도 천안시 동남구 원성동,경상사고,0,0,1,0,차대차 - 측면충돌,안전운전불이행,건조,맑음,교차로 - 교차로안,화물,남,67세,상해없음,승용,남,37세,경상
2020061300100417,2020년 6월 13일 16시,토요일,충청남도 천안시 서북구 불당동,경상사고,0,0,10,0,차대차 - 측면충돌,교차로운행방법위반,건조,맑음,교차로 - 교차로안,승용,남,27세,상해없음,승용,남,18세,경상
2020061300100418,2020년 6월 13일 16시,토요일,충청남도 아산시 음봉면,경상사고,0,0,1,0,차대차 - 기타,중앙선침범,건조,맑음,단일로 - 기타,승용,남,51세,상해없음,화물,남,51세,경상
2020061300100498,2020년 6월 13일 18시,토요일,충청남도 논산시 벌곡면,경상사고,0,0,2,0,차대차 - 측면충돌,중앙선침범,젖음/습기,맑음,단일로 - 기타,승용,여,51세,상해없음,승용,남,48세,경상
2020061300100499,2020년 6월 13일 18시,토요일,충청남도 부여군 규암면,경상사고,0,0,1,0,차대사람 - 기타,안전운전불이행,건조,흐림,주차장 - 주차장,승용,남,60세,상해없음,보행자,남,5세,경상
2020061300100573,2020년 6월 13일 20시,토요일,충청남도 서산시 동문동,경상사고,0,0,1,0,차대사람 - 기타,안전운전불이행,건조,맑음,단일로 - 기타,승용,남,56세,상해없음,보행자,남,37세,경상
2020061300100604,2020년 6월 13일 21시,토요일,충청남도 보령시 웅천읍,경상사고,0,0,1,0,차대사람 - 횡단중,안전운전불이행,건조,맑음,단일로 - 기타,이륜,남,51세,상해없음,보행자,남,55세,경상
2020061300100640,2020년 6월 13일 22시,토요일,충청남도 천안시 서북구 두정동,경상사고,0,0,1,1,차대차 - 측면충돌,직진우회전진행방해,젖음/습기,비,교차로 - 교차로안,승용,남,30세,상해없음,승용,남,50세,경상
2020061300100641,2020년 6월 13일 22시,토요일,충청남도 아산시 풍기동,경상사고,0,0,2,0,차대차 - 정면충돌,안전운전불이행,젖음/습기,비,기타 - 기타,승용,남,54세,상해없음,승용,남,26세,경상
2020061300100642,2020년 6월 13일 22시,토요일,충청남도 공주시 계룡면,중상사고,0,1,3,0,차대차 - 정면충돌,중앙선침범,젖음/습기,비,단일로 - 기타,승용,여,53세,경상,승용,여,43세,경상
2020061300100666,2020년 6월 13일 23시,토요일,충청남도 천안시 서북구 두정동,경상사고,0,0,1,0,차대차 - 측면충돌,안전운전불이행,젖음/습기,비,단일로 - 기타,승용,남,52세,상해없음,이륜,남,32세,경상
2020061400100016,2020년 6월 14일 00시,일요일,충청남도 천안시 서북구 성정동,경상사고,0,0,1,0,차대사람 - 횡단중,신호위반,젖음/습기,비,교차로 - 교차로안,승용,남,64세,상해없음,보행자,여,24세,경상
2020061400100017,2020년 6월 14일 00시,일요일,충청남도 천안시 서북구 두정동,경상사고,0,0,2,0,차대사람 - 횡단중,신호위반,젖음/습기,비,단일로 - 기타,이륜,남,45세,상해없음,보행자,남,21세,경상
2020061400100029,2020년 6월 14일 01시,일요일,충청남도 천안시 동남구 신방동,경상사고,0,0,1,0,차량단독 - 공작물충돌,안전운전불이행,젖음/습기,비,단일로 - 기타,승용,남,28세,경상,,,,
2020061400100093,2020년 6월 14일 07시,일요일,충청남도 청양군 장평면,경상사고,0,0,2,0,차량단독 - 도로외이탈 - 기타,안전운전불이행,건조,맑음,단일로 - 기타,승용,남,20세,경상,,,,
2020061400100128,2020년 6월 14일 10시,일요일,충청남도 천안시 서북구 불당동,경상사고,0,0,2,0,차대차 - 측면충돌,안전거리미확보,건조,맑음,교차로 - 교차로안,승용,여,31세,상해없음,승용,남,32세,경상
2020061400100177,2020년 6월 14일 12시,일요일,충청남도 천안시 서북구 두정동,부상신고사고,0,0,0,1,차대차 - 추돌,중앙선침범,건조,맑음,단일로 - 기타,이륜,남,47세,부상신고,승용,남,34세,상해없음
2020061400100207,2020년 6월 14일 13시,일요일,충청남도 천안시 서북구 입장면,경상사고,0,0,1,0,차대차 - 측면충돌,안전운전불이행,건조,맑음,단일로 - 기타,승용,남,54세,경상,승합,남,35세,상해없음
2020061400100283,2020년 6월 14일 15시,일요일,충청남도 서산시 석림동,중상사고,0,3,5,0,차대차 - 추돌,안전운전불이행,건조,맑음,단일로 - 기타,승용,여,64세,상해없음,승용,여,59세,중상
2020061400100284,2020년 6월 14일 15시,일요일,충청남도 보령시 남곡동,경상사고,0,0,2,0,차대차 - 기타,중앙선침범,건조,맑음,단일로 - 기타,승합,남,74세,상해없음,승용,여,58세,경상
2020061400100315,2020년 6월 14일 16시,일요일,충청남도 아산시 인주면,경상사고,0,0,1,0,차대차 - 측면충돌,안전운전불이행,건조,맑음,단일로 - 기타,승용,남,27세,상해없음,승용,남,38세,경상
2020061400100316,2020년 6월 14일 16시,일요일,충청남도 아산시 용화동,경상사고,0,0,2,0,차대차 - 추돌,안전운전불이행,건조,맑음,교차로 - 교차로부근,승용,남,41세,상해없음,승용,남,28세,경상
2020061400100317,2020년 6월 14일 16시,일요일,충청남도 공주시 신관동,경상사고,0,0,2,0,차대차 - 추돌,안전운전불이행,건조,맑음,단일로 - 교량,승용,남,31세,상해없음,승용,남,66세,상해없음
2020061400100318,2020년 6월 14일 16시,일요일,충청남도 당진시 신평면,중상사고,0,2,2,0,차대차 - 추돌,안전운전불이행,건조,맑음,단일로 - 기타,승용,남,42세,상해없음,승용,남,32세,중상
2020061400100319,2020년 6월 14일 16시,일요일,충청남도 태안군 소원면,중상사고,0,1,0,0,차대차 - 측면충돌,안전운전불이행,건조,맑음,단일로 - 기타,승용,남,25세,상해없음,농기계,여,62세,중상
2020061400100343,2020년 6월 14일 17시,일요일,충청남도 서천군 서천읍,경상사고,0,0,1,0,차대차 - 측면충돌,교차로운행방법위반,건조,맑음,교차로 - 교차로안,승용,여,24세,상해없음,승용,남,59세,경상
2020061400100344,2020년 6월 14일 17시,일요일,충청남도 천안시 서북구 입장면,경상사고,0,0,2,0,차대차 - 추돌,안전운전불이행,건조,맑음,단일로 - 기타,승용,남,47세,상해없음,승합,남,49세,상해없음
2020061400100370,2020년 6월 14일 18시,일요일,충청남도 서천군 서천읍,경상사고,0,0,1,0,차대차 - 측면충돌,교차로운행방법위반,건조,맑음,교차로 - 교차로안,승용,남,53세,상해없음,이륜,남,21세,경상
2020061400100371,2020년 6월 14일 18시,일요일,충청남도 보령시 명천동,중상사고,0,1,0,0,차대차 - 측면충돌,안전운전불이행,건조,맑음,교차로 - 교차로안,승용,여,37세,상해없음,자전거,남,62세,중상
2020061400100408,2020년 6월 14일 19시,일요일,충청남도 천안시 서북구 직산읍,경상사고,0,0,1,0,차대차 - 후진중충돌,안전운전불이행,건조,맑음,단일로 - 기타,화물,남,64세,상해없음,승용,남,32세,경상
2020061400100409,2020년 6월 14일 19시,일요일,충청남도 천안시 동남구 신부동,경상사고,0,0,1,0,차대차 - 기타,신호위반,건조,맑음,단일로 - 기타,승용,여,28세,상해없음,승용,남,37세,경상
2020061400100469,2020년 6월 14일 21시,일요일,충청남도 천안시 서북구 두정동,경상사고,0,0,1,0,차대차 - 측면충돌,안전운전불이행,건조,맑음,단일로 - 기타,이륜,남,44세,상해없음,원동기,남,23세,경상
2020061400100470,2020년 6월 14일 21시,일요일,충청남도 아산시 둔포면,경상사고,0,0,2,0,차대사람 - 기타,안전운전불이행,건조,맑음,단일로 - 기타,사륜오토바이(ATV),남,60세,경상,보행자,여,14세,경상
2020061400100471,2020년 6월 14일 21시,일요일,충청남도 보령시 요암동,경상사고,0,0,4,0,차대차 - 기타,신호위반,건조,맑음,교차로 - 교차로안,승용,남,52세,상해없음,승합,여,60세,경상
2020061400100495,2020년 6월 14일 22시,일요일,충청남도 아산시 둔포면,부상신고사고,0,0,0,1,차대사람 - 기타,안전운전불이행,건조,맑음,단일로 - 기타,승용,여,31세,상해없음,보행자,여,42세,부상신고
2020061400100511,2020년 6월 14일 23시,일요일,충청남도 보령시 대천동,부상신고사고,0,0,0,1,차대차 - 추돌,안전운전불이행,건조,맑음,단일로 - 기타,승용,남,57세,부상신고,승용,남,27세,기타불명
2020061500100047,2020년 6월 15일 06시,월요일,충청남도 홍성군 홍북읍,경상사고,0,0,1,0,차대차 - 측면충돌,신호위반,건조,맑음,교차로 - 교차로안,승용,여,62세,상해없음,승용,남,35세,경상
2020061500100048,2020년 6월 15일 06시,월요일,충청남도 아산시 배방읍,중상사고,0,1,0,0,차대차 - 측면충돌,신호위반,건조,맑음,교차로 - 교차로안,이륜,남,39세,중상,승용,남,42세,기타불명
2020061500100049,2020년 6월 15일 06시,월요일,충청남도 공주시 정안면,경상사고,0,0,1,0,차대차 - 정면충돌,안전운전불이행,건조,맑음,단일로 - 기타,화물,남,62세,기타불명,이륜,여,47세,경상
2020061500100050,2020년 6월 15일 06시,월요일,충청남도 예산군 대술면,중상사고,0,1,0,0,차대차 - 측면충돌,직진우회전진행방해,건조,맑음,기타 - 기타,이륜,남,62세,중상,승용,여,37세,상해없음
2020061500100071,2020년 6월 15일 07시,월요일,충청남도 천안시 서북구 두정동,경상사고,0,0,1,0,차대차 - 측면충돌,교차로운행방법위반,건조,맑음,교차로 - 교차로안,승용,남,29세,상해없음,승용,남,58세,경상
2020061500100101,2020년 6월 15일 08시,월요일,충청남도 계룡시 두마면,경상사고,0,0,2,0,차대차 - 측면충돌,안전운전불이행,건조,맑음,단일로 - 기타,승용,여,23세,경상,화물,남,36세,경상
2020061500100102,2020년 6월 15일 08시,월요일,충청남도 당진시 원당리,경상사고,0,0,2,0,차대차 - 측면충돌,안전거리미확보,건조,맑음,교차로 - 교차로안,화물,남,60세,상해없음,승용,남,37세,경상
2020061500100195,2020년 6월 15일 10시,월요일,충청남도 서천군 서천읍,경상사고,0,0,1,0,차대사람 - 횡단중,보행자보호의무위반,건조,맑음,교차로 - 교차로안,승용,여,61세,상해없음,보행자,남,76세,경상
2020061500100196,2020년 6월 15일 10시,월요일,충청남도 예산군 고덕면,경상사고,0,0,1,0,차대사람 - 기타,안전운전불이행,건조,맑음,주차장 - 주차장,화물,남,44세,상해없음,보행자,남,41세,경상
2020061500100231,2020년 6월 15일 11시,월요일,충청남도 예산군 삽교읍,경상사고,0,0,1,0,차량단독 - 공작물충돌,안전운전불이행,건조,맑음,단일로 - 기타,이륜,남,60세,경상,,,,
2020061500100265,2020년 6월 15일 12시,월요일,충청남도 아산시 배방읍,중상사고,0,1,0,0,차량단독 - 공작물충돌,안전운전불이행,건조,맑음,단일로 - 기타,이륜,남,80세,중상,,,,
2020061500100266,2020년 6월 15일 12시,월요일,충청남도 청양군 운곡면,경상사고,0,0,1,0,차대차 - 측면충돌,중앙선침범,건조,맑음,기타 - 기타,승용,남,20세,상해없음,승용,남,29세,경상
2020061500100267,2020년 6월 15일 12시,월요일,충청남도 천안시 동남구 신방동,중상사고,0,1,0,0,차대차 - 기타,신호위반,건조,맑음,교차로 - 교차로안,승용,여,49세,상해없음,승용,여,52세,중상
2020061500100268,2020년 6월 15일 12시,월요일,충청남도 태안군 안면읍,경상사고,0,0,2,0,차대차 - 추돌,안전거리미확보,건조,맑음,단일로 - 기타,승합,여,55세,상해없음,승용,여,50세,경상
2020061500100343,2020년 6월 15일 14시,월요일,충청남도 천안시 동남구 신방동,경상사고,0,0,1,0,차대사람 - 횡단중,신호위반,건조,맑음,교차로 - 교차로안,승용,남,48세,상해없음,보행자,여,14세,경상
2020061500100389,2020년 6월 15일 15시,월요일,충청남도 천안시 서북구 두정동,경상사고,0,0,1,0,차대차 - 측면충돌,안전운전불이행,건조,맑음,단일로 - 기타,승용,여,59세,상해없음,승합,남,32세,경상
2020061500100390,2020년 6월 15일 15시,월요일,충청남도 아산시 온천동,부상신고사고,0,0,0,1,차대차 - 기타,기타,건조,맑음,교차로 - 교차로안,승용,남,43세,상해없음,이륜,남,17세,부상신고
2020061500100391,2020년 6월 15일 15시,월요일,충청남도 천안시 동남구 광덕면,경상사고,0,0,2,0,차대차 - 추돌,안전운전불이행,건조,맑음,단일로 - 기타,승용,남,52세,상해없음,승용,여,62세,경상
2020061500100488,2020년 6월 15일 17시,월요일,충청남도 서산시 동문동,경상사고,0,0,1,0,차대차 - 측면충돌,안전운전불이행,건조,맑음,교차로 - 교차로안,승용,남,63세,상해없음,승용,남,30세,경상
2020061500100489,2020년 6월 15일 17시,월요일,충청남도 천안시 서북구 성정동,경상사고,0,0,1,0,차대차 - 측면충돌,안전운전불이행,건조,맑음,단일로 - 기타,승용,여,33세,상해없음,이륜,남,26세,경상
2020061500100490,2020년 6월 15일 17시,월요일,충청남도 천안시 서북구 성환읍,경상사고,0,0,1,0,차대사람 - 기타,안전운전불이행,건조,맑음,단일로 - 기타,승용,여,52세,상해없음,보행자,여,78세,경상
2020061500100491,2020년 6월 15일 17시,월요일,충청남도 홍성군 홍북읍,경상사고,0,0,1,0,차대차 - 추돌,안전운전불이행,건조,맑음,교차로 - 교차로부근,승용,여,50세,상해없음,승용,남,46세,경상
2020061500100492,2020년 6월 15일 17시,월요일,충청남도 청양군 청양읍,중상사고,0,1,1,0,차대차 - 측면충돌,직진우회전진행방해,건조,맑음,교차로 - 교차로안,승용,남,22세,상해없음,승용,여,32세,중상
2020061500100558,2020년 6월 15일 18시,월요일,충청남도 아산시 모종동,중상사고,0,2,0,0,차대차 - 기타,안전운전불이행,건조,맑음,교차로 - 교차로안,승용,남,38세,상해없음,이륜,남,17세,중상
2020061500100559,2020년 6월 15일 18시,월요일,충청남도 금산군 금산읍,경상사고,0,0,1,0,차대차 - 측면충돌,안전운전불이행,건조,맑음,단일로 - 기타,이륜,여,64세,경상,승용,남,63세,상해없음
2020061500100628,2020년 6월 15일 20시,월요일,충청남도 서산시 읍내동,중상사고,0,1,0,0,차대사람 - 기타,안전운전불이행,건조,맑음,단일로 - 기타,승용,남,62세,상해없음,보행자,남,51세,중상
2020061600100006,2020년 6월 16일 00시,화요일,충청남도 서천군 종천면,사망사고,1,0,2,0,차대차 - 정면충돌,중앙선침범,건조,맑음,단일로 - 기타,승용,남,37세,사망,승용,남,28세,경상
2020061600100039,2020년 6월 16일 05시,화요일,충청남도 보령시 주포면,경상사고,0,0,1,0,차량단독 - 전도전복 - 전도,안전운전불이행,건조,맑음,단일로 - 기타,사륜오토바이(ATV),남,82세,경상,,,,
2020061600100052,2020년 6월 16일 06시,화요일,충청남도 천안시 서북구 성거읍,경상사고,0,0,1,0,차대차 - 추돌,안전운전불이행,건조,맑음,단일로 - 기타,승용,남,51세,상해없음,승용,남,26세,경상
2020061600100073,2020년 6월 16일 07시,화요일,충청남도 천안시 서북구 불당동,경상사고,0,0,1,0,차대차 - 추돌,안전운전불이행,건조,맑음,교차로 - 교차로안,승용,남,37세,상해없음,승용,남,60세,경상
2020061600100075,2020년 6월 16일 07시,화요일,충청남도 태안군 원북면,경상사고,0,0,4,0,차대차 - 측면충돌,교차로운행방법위반,건조,맑음,교차로 - 교차로안,특수,남,37세,상해없음,승용,남,64세,경상
2020061600100110,2020년 6월 16일 08시,화요일,충청남도 보령시 웅천읍,중상사고,0,1,0,0,차대사람 - 길가장자리구역통행중,안전운전불이행,건조,맑음,교차로 - 교차로부근,승합,여,45세,상해없음,보행자,여,60세,중상
2020061600100111,2020년 6월 16일 08시,화요일,충청남도 천안시 동남구 동면,중상사고,0,1,0,0,차대차 - 측면충돌,안전운전불이행,건조,흐림,단일로 - 기타,승용,여,25세,상해없음,이륜,남,69세,중상
2020061600100152,2020년 6월 16일 09시,화요일,충청남도 홍성군 구항면,사망사고,1,1,0,0,차대차 - 정면충돌,중앙선침범,건조,맑음,단일로 - 기타,화물,남,57세,사망,승용,남,30세,중상
2020061600100187,2020년 6월 16일 10시,화요일,충청남도 서천군 서천읍,부상신고사고,0,0,0,1,차대차 - 측면충돌,직진우회전진행방해,건조,맑음,교차로 - 교차로안,원동기,남,85세,부상신고,승용,남,48세,상해없음
2020061600100188,2020년 6월 16일 10시,화요일,충청남도 공주시 금성동,중상사고,0,1,0,0,차대차 - 측면충돌,교차로운행방법위반,건조,맑음,교차로 - 교차로안,승용,여,53세,상해없음,이륜,남,70세,중상
2020061600100221,2020년 6월 16일 11시,화요일,충청남도 홍성군 서부면,중상사고,0,1,0,0,차대차 - 기타,안전운전불이행,건조,맑음,단일로 - 기타,이륜,남,68세,중상,화물,남,65세,상해없음
2020061600100222,2020년 6월 16일 11시,화요일,충청남도 공주시 금성동,중상사고,0,4,1,0,차대차 - 정면충돌,중앙선침범,건조,맑음,단일로 - 교량,승용,남,64세,경상,승용,남,47세,중상
2020061600100287,2020년 6월 16일 13시,화요일,충청남도 서천군 종천면,중상사고,0,1,1,0,차대차 - 측면충돌,안전운전불이행,건조,맑음,교차로 - 교차로안,화물,남,58세,중상,화물,남,55세,경상
2020061600100323,2020년 6월 16일 14시,화요일,충청남도 공주시 신풍면,중상사고,0,1,0,0,차대차 - 측면충돌,안전운전불이행,건조,맑음,단일로 - 기타,건설기계,남,44세,상해없음,화물,남,28세,중상
2020061600100324,2020년 6월 16일 14시,화요일,충청남도 당진시 합덕읍,경상사고,0,0,1,1,차대차 - 측면충돌,교차로운행방법위반,건조,맑음,교차로 - 교차로안,승용,남,79세,부상신고,승용,남,31세,경상
2020061600100366,2020년 6월 16일 15시,화요일,충청남도 천안시 서북구 성정동,중상사고,0,1,0,0,차대차 - 추돌,안전운전불이행,건조,맑음,단일로 - 기타,화물,남,46세,상해없음,화물,남,50세,중상
2020061600100418,2020년 6월 16일 16시,화요일,충청남도 아산시 배방읍,중상사고,0,1,0,0,차대차 - 기타,안전운전불이행,건조,맑음,교차로 - 교차로안,승합,남,63세,상해없음,이륜,남,24세,중상
2020061600100462,2020년 6월 16일 17시,화요일,충청남도 부여군 규암면,중상사고,0,2,1,0,차대차 - 추돌,안전운전불이행,건조,맑음,단일로 - 기타,승용,남,74세,상해없음,승용,여,33세,중상
2020061600100463,2020년 6월 16일 17시,화요일,충청남도 당진시 대호지면,부상신고사고,0,0,0,1,차량단독 - 도로외이탈 - 기타,안전운전불이행,건조,맑음,단일로 - 기타,이륜,남,58세,부상신고,,,,
2020061600100514,2020년 6월 16일 18시,화요일,충청남도 천안시 서북구 백석동,경상사고,0,0,1,0,차대차 - 기타,안전운전불이행,건조,맑음,교차로 - 교차로부근,이륜,남,54세,상해없음,승용,남,29세,경상
2020061600100515,2020년 6월 16일 18시,화요일,충청남도 논산시 취암동,경상사고,0,0,1,0,차대차 - 기타,안전운전불이행,건조,맑음,교차로 - 교차로부근,승용,남,46세,상해없음,자전거,남,14세,경상
2020061600100516,2020년 6월 16일 18시,화요일,충청남도 당진시 채운동,경상사고,0,0,1,0,차대차 - 정면충돌,안전운전불이행,건조,맑음,단일로 - 기타,이륜,남,71세,상해없음,이륜,남,26세,경상
2020061600100554,2020년 6월 16일 19시,화요일,충청남도 논산시 상월면,경상사고,0,0,2,0,차대차 - 측면충돌,안전운전불이행,건조,맑음,교차로 - 교차로안,승용,여,60세,상해없음,승용,여,43세,경상
2020061600100590,2020년 6월 16일 20시,화요일,충청남도 천안시 서북구 두정동,경상사고,0,0,1,0,차대차 - 기타,안전거리미확보,건조,맑음,단일로 - 기타,승용,남,25세,상해없음,이륜,남,36세,경상
2020061600100591,2020년 6월 16일 20시,화요일,충청남도 천안시 서북구 쌍용동,경상사고,0,0,3,0,차대차 - 추돌,안전거리미확보,건조,맑음,단일로 - 기타,승용,남,30세,상해없음,화물,남,31세,경상
2020061600100649,2020년 6월 16일 22시,화요일,충청남도 아산시 음봉면,경상사고,0,0,2,0,차대차 - 측면충돌,신호위반,건조,맑음,교차로 - 교차로안,승용,여,52세,상해없음,승용,남,32세,경상
2020061700100007,2020년 6월 17일 00시,수요일,충청남도 천안시 서북구 불당동,경상사고,0,0,1,0,차대차 - 추돌,안전운전불이행,건조,맑음,교차로 - 교차로안,승용,남,32세,상해없음,승합,남,37세,경상
2020061700100021,2020년 6월 17일 02시,수요일,충청남도 천안시 서북구 두정동,경상사고,0,0,1,0,차대차 - 기타,안전운전불이행,건조,맑음,기타 - 기타,승용,남,22세,상해없음,원동기,남,32세,경상
2020061700100054,2020년 6월 17일 06시,수요일,충청남도 천안시 동남구 용곡동,경상사고,0,0,1,0,차대차 - 측면충돌,신호위반,건조,맑음,단일로 - 기타,화물,남,22세,상해없음,승용,여,47세,경상
2020061700100121,2020년 6월 17일 08시,수요일,충청남도 천안시 서북구 불당동,경상사고,0,0,1,0,차대차 - 측면충돌,교차로운행방법위반,건조,맑음,교차로 - 교차로안,승용,여,34세,상해없음,승합,남,58세,경상
2020061700100122,2020년 6월 17일 08시,수요일,충청남도 홍성군 홍성읍,경상사고,0,0,1,0,차대차 - 측면충돌,안전운전불이행,건조,맑음,교차로 - 교차로안,승용,남,71세,상해없음,승용,여,47세,경상
2020061700100123,2020년 6월 17일 08시,수요일,충청남도 보령시 주교면,중상사고,0,1,0,0,차대차 - 기타,안전운전불이행,건조,맑음,단일로 - 기타,이륜,남,87세,중상,승합,여,49세,상해없음
2020061700100124,2020년 6월 17일 08시,수요일,충청남도 공주시 옥룡동,경상사고,0,0,1,0,차대차 - 측면충돌,신호위반,건조,맑음,교차로 - 교차로안,승용,여,51세,상해없음,자전거,남,84세,경상
2020061700100125,2020년 6월 17일 08시,수요일,충청남도 부여군 세도면,경상사고,0,0,1,0,차대차 - 측면충돌,직진우회전진행방해,건조,맑음,교차로 - 교차로안,승용,여,57세,상해없음,화물,남,45세,경상
2020061700100179,2020년 6월 17일 10시,수요일,충청남도 공주시 금흥동,경상사고,0,0,1,0,차대차 - 추돌,안전운전불이행,건조,맑음,교차로 - 교차로안,승용,남,58세,상해없음,승용,남,33세,경상