사고번호,사고일시,요일,시군구,사고내용,사망자수,중상자수,경상자수,부상신고자수,사고유형,법규위반,노면상태,기상상태,도로형태,가해운전자 차종,가해운전자 성별,가해운전자 연령,가해운전자 상해정도,피해운전자 차종,피해운전자 성별,피해운전자 연령,피해운전자 상해정도
2020061700100208,2020년 6월 17일 11시,수요일,충청남도 공주시 신관동,부상신고사고,0,0,0,1,차대사람 - 기타,안전운전불이행,건조,기타,단일로 - 기타,자전거,기타불명,미분류,기타불명,보행자,여,45세,부상신고
2020061700100209,2020년 6월 17일 11시,수요일,충청남도 청양군 화성면,중상사고,0,1,0,0,차대차 - 측면충돌,신호위반,건조,맑음,단일로 - 기타,화물,남,76세,상해없음,화물,남,56세,중상
2020061700100244,2020년 6월 17일 12시,수요일,충청남도 공주시 옥룡동,경상사고,0,0,1,0,차대차 - 추돌,안전운전불이행,건조,맑음,단일로 - 기타,이륜,남,23세,경상,화물,남,47세,기타불명
2020061700100245,2020년 6월 17일 12시,수요일,충청남도 부여군 은산면,중상사고,0,1,0,0,차대차 - 추돌,안전운전불이행,건조,맑음,단일로 - 기타,승용,남,49세,상해없음,승용,여,33세,중상
2020061700100246,2020년 6월 17일 12시,수요일,충청남도 천안시 동남구 삼룡동,경상사고,0,0,1,0,차대차 - 기타,안전거리미확보,건조,맑음,단일로 - 기타,승용,남,53세,상해없음,승용,여,55세,경상
2020061700100280,2020년 6월 17일 13시,수요일,충청남도 예산군 덕산면,중상사고,0,1,0,0,차대차 - 측면충돌,직진우회전진행방해,건조,맑음,교차로 - 교차로안,승용,남,56세,상해없음,이륜,남,61세,중상
2020061700100323,2020년 6월 17일 14시,수요일,충청남도 천안시 서북구 성정동,중상사고,0,1,0,0,차대차 - 정면충돌,교차로운행방법위반,건조,맑음,교차로 - 교차로안,승용,남,69세,상해없음,이륜,남,66세,중상
2020061700100324,2020년 6월 17일 14시,수요일,충청남도 부여군 석성면,중상사고,0,1,0,0,차대차 - 추돌,안전운전불이행,건조,맑음,단일로 - 기타,화물,남,45세,상해없음,승용,여,35세,중상
2020061700100325,2020년 6월 17일 14시,수요일,충청남도 공주시 신풍면,경상사고,0,0,3,0,차대차 - 추돌,안전운전불이행,건조,맑음,단일로 - 기타,승합,남,48세,상해없음,화물,남,64세,경상
2020061700100326,2020년 6월 17일 14시,수요일,충청남도 공주시 탄천면,경상사고,0,0,1,0,차대차 - 기타,안전운전불이행,건조,맑음,단일로 - 기타,화물,남,48세,상해없음,승용,남,51세,경상
2020061700100365,2020년 6월 17일 15시,수요일,충청남도 천안시 서북구 쌍용동,경상사고,0,0,1,0,차대차 - 측면충돌,안전거리미확보,건조,맑음,단일로 - 기타,승용,여,49세,상해없음,승용,여,32세,경상
2020061700100386,2020년 6월 17일 16시,수요일,충청남도 아산시 송악면,중상사고,0,1,1,0,차대차 - 측면충돌,교차로운행방법위반,건조,맑음,교차로 - 교차로안,승합,남,42세,경상,승용,여,30세,중상
2020061700100387,2020년 6월 17일 16시,수요일,충청남도 천안시 동남구 봉명동,경상사고,0,0,1,0,차대차 - 추돌,안전운전불이행,건조,맑음,단일로 - 기타,승용,남,43세,상해없음,화물,남,55세,상해없음
2020061700100425,2020년 6월 17일 17시,수요일,충청남도 천안시 동남구 봉명동,중상사고,0,1,0,0,차대차 - 측면충돌,중앙선침범,건조,맑음,교차로 - 교차로안,승용,남,51세,상해없음,이륜,남,40세,중상
2020061700100470,2020년 6월 17일 18시,수요일,충청남도 논산시 취암동,경상사고,0,0,1,0,차대차 - 측면충돌,안전운전불이행,건조,맑음,교차로 - 교차로부근,승용,남,72세,상해없음,승용,남,51세,경상
2020061700100471,2020년 6월 17일 18시,수요일,충청남도 아산시 배방읍,경상사고,0,0,1,0,차대차 - 기타,신호위반,건조,맑음,단일로 - 교량,승용,남,49세,기타불명,승용,남,36세,경상
2020061700100472,2020년 6월 17일 18시,수요일,충청남도 태안군 근흥면,중상사고,0,1,0,0,차대차 - 정면충돌,안전운전불이행,건조,맑음,단일로 - 기타,화물,남,50세,상해없음,이륜,남,63세,중상
2020061700100513,2020년 6월 17일 19시,수요일,충청남도 아산시 둔포면,부상신고사고,0,0,0,1,차대사람 - 기타,안전운전불이행,건조,맑음,단일로 - 기타,승용,여,33세,상해없음,보행자,여,57세,부상신고
2020061700100543,2020년 6월 17일 20시,수요일,충청남도 천안시 서북구 두정동,경상사고,0,0,1,0,차대차 - 측면충돌,신호위반,건조,맑음,교차로 - 교차로안,이륜,남,22세,상해없음,이륜,남,26세,경상
2020061700100604,2020년 6월 17일 22시,수요일,충청남도 천안시 서북구 두정동,경상사고,0,0,2,0,차대차 - 추돌,안전운전불이행,건조,맑음,단일로 - 기타,승용,남,63세,상해없음,승용,남,71세,경상
2020061700100605,2020년 6월 17일 22시,수요일,충청남도 태안군 태안읍,사망사고,1,0,0,0,차대사람 - 횡단중,과속,건조,맑음,교차로 - 교차로횡단보도내,승용,여,33세,상해없음,보행자,남,61세,사망
2020061700100630,2020년 6월 17일 23시,수요일,충청남도 천안시 동남구 원성동,경상사고,0,0,2,0,차대차 - 측면충돌,안전거리미확보,건조,맑음,단일로 - 기타,승용,여,23세,상해없음,승용,남,56세,경상
2020061800100034,2020년 6월 18일 02시,목요일,충청남도 예산군 예산읍,경상사고,0,0,1,0,차량단독 - 공작물충돌,안전운전불이행,건조,맑음,단일로 - 기타,승용,남,26세,경상,,,,
2020061800100062,2020년 6월 18일 05시,목요일,충청남도 공주시 유구읍,중상사고,0,1,0,0,차대차 - 기타,신호위반,건조,맑음,교차로 - 교차로안,화물,남,58세,상해없음,화물,남,56세,중상
2020061800100098,2020년 6월 18일 07시,목요일,충청남도 예산군 응봉면,경상사고,0,0,1,0,차대차 - 측면충돌,직진우회전진행방해,건조,맑음,교차로 - 교차로부근,승용,여,50세,기타불명,승용,남,60세,경상
2020061800100099,2020년 6월 18일 07시,목요일,충청남도 천안시 동남구 문화동,경상사고,0,0,1,0,차량단독 - 전도전복 - 전복,안전운전불이행,건조,맑음,단일로 - 기타,이륜,남,42세,경상,,,,
2020061800100100,2020년 6월 18일 07시,목요일,충청남도 천안시 동남구 목천읍,경상사고,0,0,1,0,차대차 - 기타,안전거리미확보,건조,맑음,단일로 - 기타,승용,남,60세,상해없음,화물,남,70세,경상
2020061800100137,2020년 6월 18일 08시,목요일,충청남도 아산시 용화동,경상사고,0,0,1,0,차대사람 - 차도통행중,안전운전불이행,건조,맑음,교차로 - 교차로부근,승용,여,40세,기타불명,보행자,여,17세,경상
2020061800100138,2020년 6월 18일 08시,목요일,충청남도 청양군 청양읍,경상사고,0,0,2,0,차대차 - 추돌,안전거리미확보,건조,맑음,교차로 - 교차로안,승용,여,33세,경상,승용,남,63세,상해없음
2020061800100180,2020년 6월 18일 09시,목요일,충청남도 아산시 둔포면,경상사고,0,0,1,0,차대차 - 기타,안전운전불이행,건조,맑음,단일로 - 기타,화물,남,51세,상해없음,승용,남,43세,경상
2020061800100210,2020년 6월 18일 10시,목요일,충청남도 청양군 운곡면,중상사고,0,1,0,0,차량단독 - 공작물충돌,안전운전불이행,건조,흐림,교차로 - 교차로안,승용,남,66세,중상,,,,
2020061800100247,2020년 6월 18일 11시,목요일,충청남도 천안시 서북구 불당동,경상사고,0,0,3,0,차대차 - 측면충돌,안전운전불이행,건조,맑음,단일로 - 기타,승용,여,43세,경상,승합,남,55세,경상
2020061800100248,2020년 6월 18일 11시,목요일,충청남도 보령시 대천동,경상사고,0,0,1,0,차대사람 - 횡단중,보행자보호의무위반,젖음/습기,흐림,교차로 - 교차로부근,승합,남,50세,상해없음,보행자,남,40세,경상
2020061800100249,2020년 6월 18일 11시,목요일,충청남도 청양군 청양읍,중상사고,0,1,0,0,차대사람 - 기타,안전운전불이행,건조,맑음,주차장 - 주차장,승합,남,51세,상해없음,보행자,여,76세,중상
2020061800100345,2020년 6월 18일 14시,목요일,충청남도 서산시 읍내동,중상사고,0,1,0,0,차대사람 - 횡단중,안전운전불이행,건조,맑음,교차로 - 교차로안,화물,남,53세,상해없음,보행자,여,82세,중상
2020061800100375,2020년 6월 18일 15시,목요일,충청남도 공주시 신관동,경상사고,0,0,1,0,차대사람 - 기타,안전운전불이행,젖음/습기,비,단일로 - 기타,승용,여,41세,상해없음,보행자,여,12세,경상
2020061800100434,2020년 6월 18일 17시,목요일,충청남도 예산군 오가면,중상사고,0,1,0,0,차대차 - 측면충돌,중앙선침범,건조,맑음,단일로 - 기타,승용,여,49세,상해없음,이륜,남,51세,중상
2020061800100435,2020년 6월 18일 17시,목요일,충청남도 당진시 수청리,중상사고,0,1,0,0,차대차 - 측면충돌,안전거리미확보,건조,맑음,단일로 - 기타,화물,남,51세,상해없음,이륜,남,49세,중상
2020061800100506,2020년 6월 18일 19시,목요일,충청남도 금산군 부리면,중상사고,0,1,0,0,차량단독 - 공작물충돌,안전운전불이행,젖음/습기,흐림,단일로 - 기타,농기계,남,85세,중상,,,,
2020061800100577,2020년 6월 18일 21시,목요일,충청남도 아산시 음봉면,경상사고,0,0,1,0,차대차 - 기타,중앙선침범,건조,맑음,단일로 - 기타,승용,남,59세,상해없음,승용,남,27세,경상
2020061800100578,2020년 6월 18일 21시,목요일,충청남도 보령시 신흑동,경상사고,0,0,1,0,차대차 - 추돌,안전운전불이행,건조,맑음,단일로 - 기타,승용,여,22세,상해없음,승용,여,36세,경상
2020061800100579,2020년 6월 18일 21시,목요일,충청남도 천안시 동남구 용곡동,경상사고,0,0,1,0,차대차 - 기타,안전운전불이행,건조,맑음,단일로 - 기타,승용,여,35세,상해없음,이륜,남,24세,경상
2020061800100610,2020년 6월 18일 22시,목요일,충청남도 천안시 서북구 쌍용동,경상사고,0,0,1,0,차대차 - 정면충돌,중앙선침범,건조,맑음,단일로 - 기타,승용,남,35세,상해없음,이륜,남,40세,경상
2020061800100611,2020년 6월 18일 22시,목요일,충청남도 아산시 권곡동,중상사고,0,1,1,0,차대차 - 측면충돌,신호위반,건조,맑음,교차로 - 교차로안,승용,여,30세,상해없음,승용,여,34세,경상
2020061900100059,2020년 6월 19일 06시,금요일,충청남도 천안시 동남구 신방동,경상사고,0,0,2,0,차대차 - 기타,신호위반,건조,맑음,교차로 - 교차로안,자전거,남,57세,경상,승용,여,55세,경상
2020061900100060,2020년 6월 19일 06시,금요일,충청남도 천안시 동남구 풍세면,중상사고,0,1,0,0,차대차 - 추돌,안전운전불이행,건조,맑음,단일로 - 기타,화물,남,52세,상해없음,승용,남,29세,중상
2020061900100084,2020년 6월 19일 07시,금요일,충청남도 당진시 면천면,중상사고,0,1,0,0,차대차 - 측면충돌,안전운전불이행,건조,맑음,단일로 - 기타,승용,남,58세,상해없음,자전거,남,74세,중상
2020061900100120,2020년 6월 19일 08시,금요일,충청남도 홍성군 홍북읍,경상사고,0,0,1,0,차대차 - 측면충돌,신호위반,건조,맑음,교차로 - 교차로안,승용,남,23세,상해없음,승용,여,53세,경상
2020061900100152,2020년 6월 19일 09시,금요일,충청남도 천안시 동남구 신방동,경상사고,0,0,1,0,차대차 - 추돌,안전운전불이행,건조,맑음,단일로 - 기타,승용,남,50세,상해없음,승용,남,54세,경상
2020061900100225,2020년 6월 19일 11시,금요일,충청남도 천안시 서북구 백석동,경상사고,0,0,2,0,차대차 - 추돌,안전운전불이행,건조,맑음,단일로 - 기타,화물,남,41세,상해없음,승용,남,40세,경상
2020061900100273,2020년 6월 19일 12시,금요일,충청남도 아산시 신창면,경상사고,0,0,1,0,차대차 - 추돌,안전거리미확보,건조,맑음,단일로 - 기타,특수,남,36세,상해없음,승용,남,67세,경상
2020061900100274,2020년 6월 19일 12시,금요일,충청남도 보령시 명천동,경상사고,0,0,2,0,차대차 - 측면충돌,신호위반,건조,맑음,교차로 - 교차로안,승용,여,58세,상해없음,승용,남,66세,경상
2020061900100349,2020년 6월 19일 14시,금요일,충청남도 천안시 서북구 성정동,경상사고,0,0,1,0,차대차 - 정면충돌,안전운전불이행,건조,맑음,단일로 - 기타,자전거,여,59세,경상,승용,여,31세,상해없음
2020061900100393,2020년 6월 19일 15시,금요일,충청남도 천안시 서북구 성성동,중상사고,0,1,0,0,차대차 - 측면충돌,신호위반,건조,맑음,교차로 - 교차로안,승용,남,52세,상해없음,이륜,남,19세,중상
2020061900100394,2020년 6월 19일 15시,금요일,충청남도 보령시 청소면,중상사고,0,1,0,0,차량단독 - 공작물충돌,안전운전불이행,건조,맑음,단일로 - 기타,화물,남,80세,중상,,,,
2020061900100395,2020년 6월 19일 15시,금요일,충청남도 공주시 계룡면,경상사고,0,0,2,0,차대차 - 기타,안전운전불이행,건조,맑음,단일로 - 기타,승용,남,63세,상해없음,승용,남,43세,경상
2020061900100396,2020년 6월 19일 15시,금요일,충청남도 천안시 동남구 원성동,경상사고,0,0,3,0,차대차 - 기타,안전운전불이행,건조,맑음,교차로 - 교차로안,승용,남,34세,경상,승용,남,59세,경상
2020061900100437,2020년 6월 19일 16시,금요일,충청남도 논산시 반월동,부상신고사고,0,0,0,1,차대차 - 측면충돌,불법유턴,건조,맑음,교차로 - 교차로횡단보도내,자전거,남,50세,부상신고,승용,남,83세,상해없음
2020061900100438,2020년 6월 19일 16시,금요일,충청남도 예산군 오가면,중상사고,0,1,0,0,차대차 - 추돌,차로위반,건조,맑음,단일로 - 기타,이륜,여,60세,중상,화물,남,50세,상해없음
2020061900100491,2020년 6월 19일 17시,금요일,충청남도 천안시 서북구 두정동,경상사고,0,0,1,0,차대차 - 측면충돌,차로위반,건조,맑음,기타 - 기타,승용,여,39세,상해없음,이륜,남,46세,경상
2020061900100492,2020년 6월 19일 17시,금요일,충청남도 태안군 태안읍,경상사고,0,0,2,0,차대차 - 측면충돌,신호위반,건조,맑음,교차로 - 교차로안,승용,여,56세,경상,승용,여,64세,경상
2020061900100493,2020년 6월 19일 17시,금요일,충청남도 천안시 동남구 목천읍,중상사고,0,1,1,0,차대차 - 추돌,안전운전불이행,건조,맑음,단일로 - 기타,승용,남,63세,상해없음,승용,남,49세,경상
2020061900100559,2020년 6월 19일 18시,금요일,충청남도 천안시 서북구 두정동,부상신고사고,0,0,0,1,차대차 - 측면충돌,신호위반,건조,맑음,교차로 - 교차로안,이륜,남,72세,상해없음,승용,남,35세,부상신고
2020061900100560,2020년 6월 19일 18시,금요일,충청남도 홍성군 홍성읍,중상사고,0,1,0,0,차대차 - 측면충돌,신호위반,건조,맑음,교차로 - 교차로안,화물,남,66세,상해없음,승용,여,39세,중상
2020061900100561,2020년 6월 19일 18시,금요일,충청남도 천안시 동남구 봉명동,중상사고,0,1,0,0,차대사람 - 기타,안전운전불이행,건조,맑음,단일로 - 기타,승용,남,68세,상해없음,보행자,여,51세,중상
2020061900100610,2020년 6월 19일 19시,금요일,충청남도 아산시 둔포면,경상사고,0,0,1,0,차대차 - 후진중충돌,안전운전불이행,건조,맑음,단일로 - 기타,승용,남,26세,상해없음,승용,남,48세,경상
2020061900100684,2020년 6월 19일 21시,금요일,충청남도 천안시 서북구 성정동,경상사고,0,0,1,0,차대사람 - 차도통행중,안전운전불이행,건조,맑음,기타 - 기타,승용,남,53세,상해없음,보행자,남,49세,경상
2020061900100685,2020년 6월 19일 21시,금요일,충청남도 당진시 신평면,경상사고,0,0,1,0,차대차 - 추돌,안전거리미확보,건조,맑음,단일로 - 기타,화물,남,55세,상해없음,승합,남,56세,경상
2020061900100717,2020년 6월 19일 22시,금요일,충청남도 서천군 장항읍,중상사고,0,1,1,0,차대차 - 측면충돌,기타,건조,맑음,교차로 - 교차로안,승용,남,67세,상해없음,승용,남,36세,중상
2020062000100011,2020년 6월 20일 00시,토요일,충청남도 공주시 반포면,경상사고,0,0,3,1,차대차 - 정면충돌,중앙선침범,건조,맑음,단일로 - 교량,승용,남,27세,경상,승용,남,49세,경상
2020062000100040,2020년 6월 20일 02시,토요일,충청남도 천안시 서북구 불당동,경상사고,0,0,2,0,차대차 - 측면충돌,신호위반,건조,맑음,교차로 - 교차로안,승용,남,27세,상해없음,승용,남,64세,경상
2020062000100059,2020년 6월 20일 04시,토요일,충청남도 서산시 성연면,부상신고사고,0,0,0,1,차량단독 - 공작물충돌,안전운전불이행,건조,맑음,단일로 - 기타,승용,남,25세,부상신고,,,,
2020062000100091,2020년 6월 20일 07시,토요일,충청남도 홍성군 홍성읍,중상사고,0,1,0,0,차대차 - 기타,안전운전불이행,건조,맑음,단일로 - 기타,승용,남,75세,상해없음,이륜,남,76세,중상
2020062000100092,2020년 6월 20일 07시,토요일,충청남도 예산군 예산읍,경상사고,0,0,1,0,차대차 - 측면충돌,신호위반,건조,맑음,교차로 - 교차로안,화물,남,45세,상해없음,승용,여,62세,경상
2020062000100106,2020년 6월 20일 08시,토요일,충청남도 천안시 서북구 성정동,부상신고사고,0,0,0,1,차대차 - 측면충돌,안전운전불이행,건조,맑음,단일로 - 기타,이륜,남,53세,부상신고,승용,남,50세,상해없음
2020062000100107,2020년 6월 20일 08시,토요일,충청남도 부여군 부여읍,중상사고,0,1,0,0,차대사람 - 기타,안전운전불이행,건조,맑음,단일로 - 기타,승용,남,33세,상해없음,보행자,남,69세,중상
2020062000100142,2020년 6월 20일 09시,토요일,충청남도 공주시 정안면,경상사고,0,0,1,0,차대사람 - 기타,안전운전불이행,건조,맑음,기타 - 기타,승용,남,61세,상해없음,보행자,남,63세,경상
2020062000100207,2020년 6월 20일 11시,토요일,충청남도 천안시 서북구 성거읍,경상사고,0,0,1,0,차대차 - 측면충돌,안전운전불이행,건조,맑음,단일로 - 기타,승용,남,41세,상해없음,승용,여,46세,경상
2020062000100208,2020년 6월 20일 11시,토요일,충청남도 논산시 가야곡면,중상사고,0,3,2,0,차대차 - 측면충돌,중앙선침범,건조,맑음,단일로 - 터널,화물,남,66세,경상,승용,여,56세,중상
2020062000100265,2020년 6월 20일 12시,토요일,충청남도 천안시 서북구 성정동,경상사고,0,0,1,0,차대차 - 기타,기타,건조,맑음,단일로 - 기타,이륜,남,37세,경상,승용,남,56세,상해없음
2020062000100266,2020년 6월 20일 12시,토요일,충청남도 천안시 서북구 성정동,경상사고,0,0,2,0,차대차 - 추돌,안전운전불이행,건조,맑음,단일로 - 기타,승용,남,69세,상해없음,승용,여,30세,경상
2020062000100310,2020년 6월 20일 13시,토요일,충청남도 서천군 장항읍,경상사고,0,0,4,0,차대차 - 측면충돌,직진우회전진행방해,건조,맑음,교차로 - 교차로안,화물,남,40세,경상,승용,여,47세,경상
2020062000100311,2020년 6월 20일 13시,토요일,충청남도 금산군 금산읍,중상사고,0,1,0,0,차대차 - 측면충돌,교차로운행방법위반,건조,맑음,교차로 - 교차로안,승용,남,75세,상해없음,이륜,남,30세,중상
2020062000100312,2020년 6월 20일 13시,토요일,충청남도 천안시 동남구 신부동,경상사고,0,0,1,0,차대차 - 측면충돌,안전거리미확보,건조,맑음,단일로 - 기타,승용,여,29세,상해없음,승용,남,34세,경상
2020062000100349,2020년 6월 20일 14시,토요일,충청남도 예산군 덕산면,중상사고,0,1,0,0,차대차 - 측면충돌,기타,건조,맑음,교차로 - 교차로안,승용,여,27세,상해없음,이륜,남,69세,중상
2020062000100350,2020년 6월 20일 14시,토요일,충청남도 당진시 합덕읍,경상사고,0,0,1,0,차대차 - 측면충돌,직진우회전진행방해,건조,맑음,교차로 - 교차로안,승용,남,35세,상해없음,승용,남,28세,경상
2020062000100393,2020년 6월 20일 15시,토요일,충청남도 보령시 신흑동,중상사고,0,1,2,0,차대차 - 추돌,안전거리미확보,건조,맑음,교차로 - 교차로부근,승용,남,73세,경상,승용,여,25세,중상
2020062000100394,2020년 6월 20일 15시,토요일,충청남도 보령시 청라면,중상사고,0,2,3,0,차대차 - 기타,신호위반,건조,맑음,교차로 - 교차로안,원동기,남,15세,중상,승용,남,40세,경상
2020062000100430,2020년 6월 20일 16시,토요일,충청남도 서산시 팔봉면,중상사고,0,2,3,0,차대차 - 기타,기타,건조,맑음,단일로 - 기타,승용,남,27세,중상,승합,남,51세,중상
2020062000100466,2020년 6월 20일 17시,토요일,충청남도 천안시 동남구 수신면,경상사고,0,0,3,0,차대차 - 추돌,기타,건조,맑음,기타 - 기타,승용,여,21세,상해없음,승용,남,61세,상해없음
2020062000100510,2020년 6월 20일 18시,토요일,충청남도 보령시 궁촌동,중상사고,0,1,3,0,차대차 - 기타,신호위반,건조,맑음,교차로 - 교차로안,승용,남,57세,상해없음,승용,남,34세,경상
2020062000100511,2020년 6월 20일 18시,토요일,충청남도 보령시 동대동,경상사고,0,0,1,0,차대차 - 기타,안전운전불이행,건조,맑음,단일로 - 기타,이륜,남,23세,경상,승용,남,36세,상해없음
2020062000100556,2020년 6월 20일 19시,토요일,충청남도 천안시 서북구 성환읍,경상사고,0,0,3,0,차대차 - 측면충돌,직진우회전진행방해,건조,맑음,교차로 - 교차로안,승용,여,54세,경상,승용,여,52세,경상
2020062000100557,2020년 6월 20일 19시,토요일,충청남도 아산시 둔포면,경상사고,0,0,1,0,차대차 - 추돌,안전운전불이행,건조,맑음,교차로 - 교차로부근,승용,남,28세,상해없음,승용,남,30세,경상
2020062000100558,2020년 6월 20일 19시,토요일,충청남도 공주시 계룡면,경상사고,0,0,2,0,차대차 - 측면충돌,안전운전불이행,건조,맑음,교차로 - 교차로안,승용,남,73세,상해없음,승용,여,47세,경상
2020062000100559,2020년 6월 20일 19시,토요일,충청남도 부여군 부여읍,경상사고,0,0,1,0,차량단독 - 도로외이탈 - 추락,안전운전불이행,건조,맑음,단일로 - 기타,이륜,남,59세,경상,,,,
2020062000100586,2020년 6월 20일 20시,토요일,충청남도 천안시 서북구 백석동,경상사고,0,0,2,0,차대차 - 정면충돌,신호위반,건조,맑음,교차로 - 교차로안,승용,남,61세,상해없음,승용,남,30세,경상
2020062000100587,2020년 6월 20일 20시,토요일,충청남도 공주시 의당면,경상사고,0,0,1,0,차량단독 - 공작물충돌,안전운전불이행,건조,맑음,단일로 - 기타,승용,남,22세,경상,,,,
2020062000100623,2020년 6월 20일 21시,토요일,충청남도 보령시 웅천읍,경상사고,0,0,1,0,차대사람 - 기타,기타,건조,맑음,기타 - 기타,승용,남,46세,상해없음,보행자,남,41세,경상
2020062000100624,2020년 6월 20일 21시,토요일,충청남도 예산군 덕산면,중상사고,0,1,0,0,차대사람 - 차도통행중,안전운전불이행,건조,맑음,단일로 - 기타,화물,남,51세,상해없음,보행자,여,46세,중상
2020062000100650,2020년 6월 20일 22시,토요일,충청남도 천안시 동남구 신방동,경상사고,0,0,1,3,차대차 - 측면충돌,안전거리미확보,건조,맑음,단일로 - 기타,승용,남,45세,상해없음,승용,남,30세,경상
2020062100100010,2020년 6월 21일 00시,일요일,충청남도 천안시 서북구 성정동,경상사고,0,0,2,0,차대차 - 후진중충돌,안전운전불이행,건조,맑음,교차로 - 교차로안,승용,남,47세,상해없음,승용,남,25세,경상
2020062100100028,2020년 6월 21일 01시,일요일,충청남도 천안시 동남구 병천면,경상사고,0,0,2,0,차대차 - 추돌,안전운전불이행,건조,맑음,교차로 - 교차로안,승용,남,70세,상해없음,승용,남,57세,경상
2020062100100029,2020년 6월 21일 01시,일요일,충청남도 천안시 동남구 안서동,중상사고,0,1,0,0,차대사람 - 기타,안전운전불이행,건조,맑음,교차로 - 교차로부근,승용,여,60세,기타불명,보행자,여,20세,중상
2020062100100061,2020년 6월 21일 04시,일요일,충청남도 천안시 서북구 두정동,경상사고,0,0,1,0,차대사람 - 차도통행중,안전운전불이행,건조,맑음,단일로 - 기타,승용,남,24세,상해없음,보행자,남,29세,경상
2020062100100062,2020년 6월 21일 04시,일요일,충청남도 천안시 서북구 성거읍,경상사고,0,0,1,0,차대차 - 추돌,안전운전불이행,건조,맑음,단일로 - 기타,승용,남,29세,상해없음,화물,남,49세,경상
2020062100100126,2020년 6월 21일 09시,일요일,충청남도 계룡시 금암동,경상사고,0,0,3,0,차대차 - 측면충돌,안전거리미확보,건조,맑음,단일로 - 기타,승용,남,66세,경상,승용,남,60세,경상
2020062100100127,2020년 6월 21일 09시,일요일,충청남도 아산시 신창면,중상사고,0,1,0,0,차대사람 - 횡단중,안전운전불이행,건조,맑음,교차로 - 교차로부근,승용,여,38세,상해없음,보행자,남,82세,중상
2020062100100147,2020년 6월 21일 10시,일요일,충청남도 천안시 동남구 광덕면,경상사고,0,0,1,0,차대차 - 추돌,안전운전불이행,건조,맑음,기타 - 기타,승용,남,50세,상해없음,승용,남,28세,경상
2020062100100169,2020년 6월 21일 11시,일요일,충청남도 천안시 동남구 삼룡동,경상사고,0,0,1,0,차대차 - 측면충돌,안전거리미확보,건조,맑음,교차로 - 교차로부근,화물,남,64세,상해없음,승용,남,29세,경상
2020062100100198,2020년 6월 21일 12시,일요일,충청남도 천안시 서북구 성거읍,중상사고,0,1,0,0,차대차 - 추돌,안전운전불이행,건조,맑음,단일로 - 기타,승용,남,49세,상해없음,농기계,남,65세,중상
2020062100100224,2020년 6월 21일 13시,일요일,충청남도 금산군 추부면,중상사고,0,1,0,0,차대차 - 추돌,안전운전불이행,건조,맑음,단일로 - 터널,화물,여,53세,중상,건설기계,남,45세,상해없음
2020062100100251,2020년 6월 21일 14시,일요일,충청남도 당진시 신평면,경상사고,0,0,2,0,차대차 - 추돌,안전운전불이행,건조,맑음,단일로 - 기타,승용,남,68세,상해없음,승용,남,24세,경상
2020062100100292,2020년 6월 21일 15시,일요일,충청남도 논산시 내동,중상사고,0,1,0,0,차대사람 - 횡단중,보행자보호의무위반,건조,맑음,교차로 - 교차로횡단보도내,승용,여,42세,상해없음,보행자,남,6세,중상
2020062100100293,2020년 6월 21일 15시,일요일,충청남도 천안시 동남구 구성동,중상사고,0,1,0,0,차대차 - 추돌,안전운전불이행,건조,맑음,단일로 - 기타,이륜,남,72세,중상,특수,남,27세,기타불명
2020062100100327,2020년 6월 21일 16시,일요일,충청남도 아산시 배방읍,경상사고,0,0,1,0,차대차 - 측면충돌,불법유턴,건조,맑음,기타 - 기타,자전거,남,18세,경상,승용,여,52세,상해없음
2020062100100356,2020년 6월 21일 17시,일요일,충청남도 서산시 동문동,경상사고,0,0,1,0,차대차 - 후진중충돌,안전운전불이행,건조,맑음,단일로 - 기타,승용,남,54세,상해없음,승용,여,35세,경상
2020062100100357,2020년 6월 21일 17시,일요일,충청남도 당진시 정미면,중상사고,0,1,2,0,차대차 - 정면충돌,안전운전불이행,건조,맑음,단일로 - 기타,승용,남,66세,상해없음,승용,여,39세,중상
2020062100100418,2020년 6월 21일 19시,일요일,충청남도 보령시 신흑동,중상사고,0,1,1,0,차대차 - 측면충돌,신호위반,건조,맑음,교차로 - 교차로안,승용,남,65세,경상,승용,남,26세,중상
2020062100100474,2020년 6월 21일 21시,일요일,충청남도 천안시 동남구 신부동,경상사고,0,0,3,0,차대차 - 측면충돌,안전운전불이행,건조,맑음,교차로 - 교차로안,승용,남,28세,경상,승용,남,26세,경상
2020062200100009,2020년 6월 22일 00시,월요일,충청남도 천안시 동남구 봉명동,중상사고,0,1,0,0,차대차 - 측면충돌,안전운전불이행,건조,맑음,단일로 - 기타,승용,남,66세,상해없음,이륜,남,22세,중상
2020062200100042,2020년 6월 22일 05시,월요일,충청남도 천안시 서북구 성환읍,중상사고,0,1,0,0,차대차 - 측면충돌,신호위반,건조,맑음,교차로 - 교차로안,승용,남,74세,상해없음,승용,여,55세,중상
2020062200100077,2020년 6월 22일 07시,월요일,충청남도 당진시 석문면,중상사고,0,2,0,0,차대차 - 측면충돌,신호위반,건조,맑음,교차로 - 교차로안,화물,남,55세,상해없음,승용,남,68세,중상
2020062200100114,2020년 6월 22일 08시,월요일,충청남도 천안시 서북구 두정동,경상사고,0,0,1,0,차대차 - 기타,안전운전불이행,건조,맑음,단일로 - 기타,승용,남,50세,상해없음,승용,남,29세,경상