사고번호,사고일시,요일,시군구,사고내용,사망자수,중상자수,경상자수,부상신고자수,사고유형,법규위반,노면상태,기상상태,도로형태,가해운전자 차종,가해운전자 성별,가해운전자 연령,가해운전자 상해정도,피해운전자 차종,피해운전자 성별,피해운전자 연령,피해운전자 상해정도
2020062200100115,2020년 6월 22일 08시,월요일,충청남도 서천군 장항읍,부상신고사고,0,0,0,1,차대차 - 정면충돌,직진우회전진행방해,건조,맑음,교차로 - 교차로안,자전거,여,75세,부상신고,승용,여,60세,상해없음
2020062200100116,2020년 6월 22일 08시,월요일,충청남도 태안군 안면읍,사망사고,1,0,2,0,차대차 - 측면충돌,중앙선침범,건조,맑음,단일로 - 기타,화물,남,43세,사망,승용,남,45세,경상
2020062200100157,2020년 6월 22일 09시,월요일,충청남도 천안시 서북구 쌍용동,경상사고,0,0,1,0,차대차 - 측면충돌,차로위반,건조,맑음,기타 - 기타,승용,남,31세,상해없음,승합,남,64세,경상
2020062200100158,2020년 6월 22일 09시,월요일,충청남도 홍성군 홍북읍,중상사고,0,1,1,0,차대차 - 측면충돌,안전운전불이행,건조,맑음,단일로 - 기타,승용,남,82세,경상,승용,남,43세,중상
2020062200100211,2020년 6월 22일 10시,월요일,충청남도 홍성군 홍성읍,경상사고,0,0,1,0,차량단독 - 기타,안전운전불이행,건조,맑음,교차로 - 교차로안,이륜,남,19세,경상,,,,
2020062200100291,2020년 6월 22일 12시,월요일,충청남도 당진시 읍내리,경상사고,0,0,1,0,차대차 - 추돌,안전운전불이행,건조,맑음,기타 - 기타,이륜,남,42세,상해없음,자전거,남,9세,경상
2020062200100292,2020년 6월 22일 12시,월요일,충청남도 금산군 제원면,경상사고,0,0,1,0,차량단독 - 기타,안전운전불이행,건조,맑음,단일로 - 기타,화물,남,27세,경상,,,,
2020062200100293,2020년 6월 22일 12시,월요일,충청남도 태안군 안면읍,경상사고,0,0,2,0,차대차 - 추돌,안전운전불이행,건조,맑음,교차로 - 교차로부근,승용,여,58세,경상,승용,여,61세,경상
2020062200100330,2020년 6월 22일 13시,월요일,충청남도 천안시 서북구 쌍용동,경상사고,0,0,4,0,차대차 - 측면충돌,교차로운행방법위반,건조,맑음,교차로 - 교차로안,승합,남,48세,경상,승용,남,38세,경상
2020062200100331,2020년 6월 22일 13시,월요일,충청남도 금산군 진산면,중상사고,0,1,0,0,차대차 - 기타,중앙선침범,건조,맑음,단일로 - 기타,농기계,여,65세,중상,승용,남,43세,상해없음
2020062200100375,2020년 6월 22일 14시,월요일,충청남도 아산시 인주면,경상사고,0,0,1,0,차대차 - 추돌,안전운전불이행,건조,맑음,단일로 - 기타,승용,남,27세,상해없음,화물,남,60세,경상
2020062200100376,2020년 6월 22일 14시,월요일,충청남도 아산시 배방읍,경상사고,0,0,1,0,차대차 - 기타,안전운전불이행,건조,맑음,교차로 - 교차로부근,자전거,남,13세,경상,승용,남,66세,상해없음
2020062200100377,2020년 6월 22일 14시,월요일,충청남도 예산군 삽교읍,경상사고,0,0,4,0,차대차 - 측면충돌,신호위반,건조,맑음,교차로 - 교차로안,승용,여,54세,경상,승용,남,71세,경상
2020062200100421,2020년 6월 22일 15시,월요일,충청남도 서산시 동문동,경상사고,0,0,1,0,차대사람 - 횡단중,보행자보호의무위반,건조,맑음,교차로 - 교차로횡단보도내,승용,여,59세,상해없음,보행자,남,30세,경상
2020062200100469,2020년 6월 22일 16시,월요일,충청남도 천안시 서북구 두정동,경상사고,0,0,1,0,차대차 - 측면충돌,교차로운행방법위반,건조,맑음,교차로 - 교차로안,승용,남,54세,상해없음,승용,여,43세,경상
2020062200100470,2020년 6월 22일 16시,월요일,충청남도 아산시 권곡동,경상사고,0,0,2,0,차대차 - 추돌,안전운전불이행,건조,맑음,단일로 - 기타,승합,남,54세,상해없음,승합,여,49세,경상
2020062200100471,2020년 6월 22일 16시,월요일,충청남도 천안시 동남구 신부동,경상사고,0,0,1,0,차대차 - 측면충돌,직진우회전진행방해,건조,맑음,교차로 - 교차로안,승합,남,68세,상해없음,이륜,남,21세,경상
2020062200100536,2020년 6월 22일 17시,월요일,충청남도 천안시 서북구 불당동,경상사고,0,0,1,0,차대차 - 측면충돌,안전운전불이행,건조,맑음,단일로 - 기타,승용,여,47세,상해없음,승용,여,36세,경상
2020062200100537,2020년 6월 22일 17시,월요일,충청남도 당진시 송악읍,중상사고,0,1,0,0,차대사람 - 차도통행중,보행자보호의무위반,건조,맑음,교차로 - 교차로안,승용,남,21세,상해없음,보행자,여,76세,중상
2020062200100627,2020년 6월 22일 19시,월요일,충청남도 천안시 서북구 불당동,경상사고,0,0,2,0,차대차 - 측면충돌,교차로운행방법위반,건조,맑음,교차로 - 교차로안,승용,여,44세,상해없음,승용,남,37세,경상
2020062300100028,2020년 6월 23일 02시,화요일,충청남도 천안시 서북구 성정동,경상사고,0,0,1,0,차대차 - 후진중충돌,안전운전불이행,건조,맑음,교차로 - 교차로안,화물,남,32세,상해없음,승용,여,59세,경상
2020062300100029,2020년 6월 23일 02시,화요일,충청남도 서천군 서천읍,경상사고,0,0,2,0,차량단독 - 공작물충돌,안전운전불이행,건조,맑음,단일로 - 기타,승용,남,20세,경상,,,,
2020062300100037,2020년 6월 23일 03시,화요일,충청남도 천안시 서북구 두정동,경상사고,0,0,1,0,차대차 - 추돌,안전운전불이행,건조,맑음,단일로 - 기타,승용,남,65세,상해없음,화물,남,53세,기타불명
2020062300100038,2020년 6월 23일 03시,화요일,충청남도 공주시 신풍면,중상사고,0,1,0,0,차량단독 - 공작물충돌,과속,건조,맑음,단일로 - 기타,승용,여,47세,중상,,,,
2020062300100081,2020년 6월 23일 07시,화요일,충청남도 당진시 정미면,중상사고,0,1,0,0,차대사람 - 횡단중,과속,건조,맑음,단일로 - 기타,승용,남,20세,상해없음,보행자,여,72세,중상
2020062300100123,2020년 6월 23일 08시,화요일,충청남도 서산시 읍내동,중상사고,0,1,0,0,차대차 - 측면충돌,교차로운행방법위반,건조,맑음,교차로 - 교차로안,승용,남,28세,상해없음,자전거,여,61세,중상
2020062300100124,2020년 6월 23일 08시,화요일,충청남도 보령시 명천동,중상사고,0,1,0,0,차대차 - 기타,안전거리미확보,건조,맑음,단일로 - 기타,특수,남,68세,상해없음,승용,남,76세,중상
2020062300100178,2020년 6월 23일 09시,화요일,충청남도 서산시 수석동,중상사고,0,1,0,0,차대차 - 기타,기타,건조,맑음,단일로 - 기타,기타불명,기타불명,미분류,기타불명,화물,남,47세,중상
2020062300100179,2020년 6월 23일 09시,화요일,충청남도 예산군 삽교읍,중상사고,0,1,0,0,차대사람 - 기타,안전운전불이행,건조,맑음,기타 - 기타,화물,남,39세,상해없음,보행자,여,69세,중상
2020062300100216,2020년 6월 23일 10시,화요일,충청남도 보령시 주포면,중상사고,0,4,1,0,차대차 - 측면충돌,신호위반,건조,맑음,교차로 - 교차로안,화물,남,49세,상해없음,승용,남,59세,경상
2020062300100260,2020년 6월 23일 11시,화요일,충청남도 서천군 기산면,중상사고,0,1,0,0,차대차 - 기타,안전운전불이행,건조,맑음,교차로 - 교차로부근,승용,여,48세,상해없음,자전거,남,79세,중상
2020062300100298,2020년 6월 23일 12시,화요일,충청남도 천안시 동남구 신부동,경상사고,0,0,1,0,차대차 - 추돌,안전운전불이행,건조,맑음,단일로 - 기타,승용,남,69세,상해없음,화물,남,28세,경상
2020062300100299,2020년 6월 23일 12시,화요일,충청남도 천안시 동남구 신부동,경상사고,0,0,1,0,차대차 - 측면충돌,차로위반,건조,맑음,단일로 - 기타,승용,남,60세,상해없음,승용,여,29세,경상
2020062300100322,2020년 6월 23일 13시,화요일,충청남도 보령시 내항동,경상사고,0,0,3,0,차대차 - 측면충돌,안전운전불이행,건조,맑음,단일로 - 기타,화물,남,63세,경상,승용,여,57세,경상
2020062300100351,2020년 6월 23일 14시,화요일,충청남도 서산시 지곡면,중상사고,0,1,0,0,차대차 - 기타,안전운전불이행,건조,맑음,단일로 - 기타,화물,남,64세,상해없음,이륜,남,77세,중상
2020062300100352,2020년 6월 23일 14시,화요일,충청남도 아산시 모종동,경상사고,0,0,1,0,차대차 - 기타,안전운전불이행,건조,맑음,단일로 - 기타,승용,남,75세,상해없음,이륜,남,35세,경상
2020062300100353,2020년 6월 23일 14시,화요일,충청남도 부여군 충화면,중상사고,0,1,0,0,차대차 - 측면충돌,중앙선침범,건조,맑음,교차로 - 교차로안,승용,여,55세,상해없음,사륜오토바이(ATV),남,71세,중상
2020062300100384,2020년 6월 23일 15시,화요일,충청남도 당진시 채운동,경상사고,0,0,1,0,차대차 - 기타,안전운전불이행,건조,맑음,교차로 - 교차로안,화물,남,69세,상해없음,승용,남,23세,경상
2020062300100385,2020년 6월 23일 15시,화요일,충청남도 천안시 동남구 신부동,경상사고,0,0,2,0,차대차 - 측면충돌,안전운전불이행,건조,맑음,교차로 - 교차로안,승용,여,64세,경상,이륜,남,35세,경상
2020062300100421,2020년 6월 23일 16시,화요일,충청남도 아산시 배방읍,중상사고,0,1,0,0,차대차 - 정면충돌,안전운전불이행,건조,맑음,단일로 - 기타,승용,남,42세,상해없음,자전거,남,11세,중상
2020062300100422,2020년 6월 23일 16시,화요일,충청남도 아산시 둔포면,중상사고,0,1,0,0,차량단독 - 기타,기타,건조,맑음,주차장 - 주차장,화물,남,62세,기타불명,,,,
2020062300100518,2020년 6월 23일 18시,화요일,충청남도 천안시 서북구 두정동,경상사고,0,0,2,0,차대차 - 추돌,안전운전불이행,건조,맑음,단일로 - 기타,승용,남,59세,상해없음,승용,남,53세,경상
2020062300100519,2020년 6월 23일 18시,화요일,충청남도 천안시 서북구 성거읍,경상사고,0,0,1,0,차대차 - 기타,안전운전불이행,건조,맑음,단일로 - 기타,기타불명,기타불명,미분류,기타불명,자전거,여,58세,경상
2020062300100520,2020년 6월 23일 18시,화요일,충청남도 당진시 합덕읍,경상사고,0,0,1,0,차대차 - 측면충돌,교차로운행방법위반,건조,맑음,교차로 - 교차로안,승용,여,32세,상해없음,승용,남,66세,경상
2020062300100521,2020년 6월 23일 18시,화요일,충청남도 천안시 동남구 유량동,경상사고,0,0,2,0,차대차 - 기타,교차로운행방법위반,건조,맑음,교차로 - 교차로안,승용,남,63세,상해없음,승용,여,31세,경상
2020062300100522,2020년 6월 23일 18시,화요일,충청남도 보령시 내항동,경상사고,0,0,1,0,차량단독 - 기타,안전운전불이행,건조,맑음,단일로 - 기타,승합,남,59세,상해없음,,,,
2020062300100565,2020년 6월 23일 19시,화요일,충청남도 논산시 취암동,경상사고,0,0,2,0,차대차 - 추돌,안전운전불이행,건조,맑음,단일로 - 기타,승용,남,65세,상해없음,승용,남,52세,경상
2020062300100600,2020년 6월 23일 20시,화요일,충청남도 천안시 서북구 백석동,경상사고,0,0,2,0,차대차 - 측면충돌,신호위반,건조,맑음,교차로 - 교차로안,승용,남,38세,경상,승용,남,60세,경상
2020062300100601,2020년 6월 23일 20시,화요일,충청남도 천안시 서북구 성거읍,경상사고,0,0,1,0,차대차 - 후진중충돌,안전운전불이행,건조,맑음,단일로 - 기타,특수,남,69세,상해없음,특수,남,25세,경상
2020062300100602,2020년 6월 23일 20시,화요일,충청남도 공주시 신관동,중상사고,0,1,0,0,차대차 - 기타,안전운전불이행,건조,맑음,단일로 - 기타,자전거,남,13세,중상,승용,남,53세,상해없음
2020062300100691,2020년 6월 23일 23시,화요일,충청남도 천안시 서북구 성환읍,사망사고,1,0,1,0,차대사람 - 차도통행중,안전운전불이행,건조,맑음,교차로 - 교차로부근,승용,남,25세,상해없음,보행자,여,78세,사망
2020062400100004,2020년 6월 24일 00시,수요일,충청남도 당진시 읍내리,중상사고,0,1,1,1,차대차 - 측면충돌,신호위반,건조,맑음,교차로 - 교차로안,승용,남,22세,경상,승용,남,19세,부상신고
2020062400100005,2020년 6월 24일 00시,수요일,충청남도 당진시 송악읍,경상사고,0,0,1,0,차대차 - 추돌,안전운전불이행,건조,맑음,단일로 - 기타,승용,남,33세,상해없음,승용,여,53세,경상
2020062400100027,2020년 6월 24일 02시,수요일,충청남도 천안시 서북구 성정동,경상사고,0,0,1,0,차대차 - 추돌,안전거리미확보,건조,맑음,단일로 - 기타,승용,남,24세,상해없음,승용,남,47세,경상
2020062400100028,2020년 6월 24일 02시,수요일,충청남도 홍성군 홍성읍,중상사고,0,1,0,0,차대사람 - 횡단중,안전운전불이행,건조,맑음,교차로 - 교차로안,승용,남,53세,상해없음,보행자,남,49세,중상
2020062400100048,2020년 6월 24일 05시,수요일,충청남도 천안시 서북구 두정동,경상사고,0,0,2,0,차대차 - 추돌,안전운전불이행,건조,맑음,단일로 - 기타,승용,남,26세,상해없음,승용,남,61세,경상
2020062400100057,2020년 6월 24일 06시,수요일,충청남도 당진시 송산면,경상사고,0,0,1,0,차대차 - 정면충돌,중앙선침범,건조,맑음,단일로 - 기타,승용,남,62세,상해없음,승용,남,35세,경상
2020062400100077,2020년 6월 24일 07시,수요일,충청남도 태안군 근흥면,중상사고,0,1,0,0,차량단독 - 기타,안전운전불이행,건조,맑음,교차로 - 교차로안,화물,남,50세,상해없음,,,,
2020062400100150,2020년 6월 24일 09시,수요일,충청남도 천안시 동남구 목천읍,경상사고,0,0,1,0,차대차 - 기타,안전운전불이행,기타,흐림,교차로 - 교차로안,이륜,여,56세,경상,승용,남,67세,상해없음
2020062400100170,2020년 6월 24일 10시,수요일,충청남도 서천군 기산면,경상사고,0,0,1,0,차량단독 - 도로외이탈 - 기타,안전운전불이행,젖음/습기,비,단일로 - 기타,이륜,남,60세,경상,,,,
2020062400100231,2020년 6월 24일 12시,수요일,충청남도 천안시 서북구 불당동,경상사고,0,0,1,0,차대차 - 추돌,안전운전불이행,건조,맑음,단일로 - 기타,승용,여,47세,상해없음,승용,남,63세,경상
2020062400100346,2020년 6월 24일 15시,수요일,충청남도 천안시 서북구 성환읍,경상사고,0,0,1,0,차대차 - 추돌,안전운전불이행,젖음/습기,흐림,교차로 - 교차로부근,승합,남,41세,상해없음,승용,남,54세,경상
2020062400100347,2020년 6월 24일 15시,수요일,충청남도 당진시 읍내리,경상사고,0,0,3,0,차대사람 - 기타,안전운전불이행,건조,맑음,단일로 - 기타,승용,남,49세,상해없음,보행자,여,35세,경상
2020062400100387,2020년 6월 24일 16시,수요일,충청남도 서천군 서면,중상사고,0,1,0,0,차대차 - 측면충돌,신호위반,젖음/습기,흐림,교차로 - 교차로안,승용,남,51세,상해없음,승용,여,50세,중상
2020062400100388,2020년 6월 24일 16시,수요일,충청남도 천안시 동남구 다가동,경상사고,0,0,1,0,차대차 - 측면충돌,안전운전불이행,건조,맑음,교차로 - 교차로부근,승용,남,63세,상해없음,승용,남,59세,경상
2020062400100519,2020년 6월 24일 19시,수요일,충청남도 천안시 서북구 성환읍,중상사고,0,2,1,0,차대차 - 측면충돌,교차로운행방법위반,건조,흐림,교차로 - 교차로안,승용,남,29세,경상,승용,여,54세,중상
2020062400100520,2020년 6월 24일 19시,수요일,충청남도 천안시 서북구 불당동,중상사고,0,1,0,0,차대차 - 측면충돌,안전운전불이행,건조,맑음,교차로 - 교차로안,승용,남,38세,상해없음,원동기,남,34세,중상
2020062400100604,2020년 6월 24일 21시,수요일,충청남도 보령시 동대동,중상사고,0,2,1,0,차대사람 - 횡단중,과속,젖음/습기,비,교차로 - 교차로부근,승용,남,35세,상해없음,보행자,남,45세,중상
2020062400100605,2020년 6월 24일 21시,수요일,충청남도 청양군 청양읍,중상사고,0,1,0,0,차대사람 - 횡단중,안전운전불이행,젖음/습기,비,단일로 - 기타,승용,남,51세,상해없음,보행자,남,60세,중상
2020062400100655,2020년 6월 24일 22시,수요일,충청남도 서산시 예천동,중상사고,0,1,0,0,차대차 - 추돌,안전운전불이행,건조,맑음,단일로 - 기타,승용,남,20세,상해없음,이륜,남,23세,중상
2020062400100656,2020년 6월 24일 22시,수요일,충청남도 서산시 음암면,중상사고,0,1,0,0,차량단독 - 공작물충돌,안전운전불이행,젖음/습기,비,교차로 - 교차로부근,승용,여,66세,중상,,,,
2020062400100677,2020년 6월 24일 23시,수요일,충청남도 천안시 동남구 신부동,경상사고,0,0,1,0,차대차 - 기타,교차로운행방법위반,건조,맑음,교차로 - 교차로안,승용,남,24세,상해없음,승용,남,54세,상해없음
2020062500100024,2020년 6월 25일 00시,목요일,충청남도 천안시 서북구 성정동,경상사고,0,0,2,0,차대차 - 측면충돌,안전운전불이행,젖음/습기,흐림,교차로 - 교차로부근,이륜,남,41세,경상,이륜,남,18세,경상
2020062500100042,2020년 6월 25일 01시,목요일,충청남도 천안시 서북구 성환읍,경상사고,0,0,2,0,차대차 - 추돌,안전운전불이행,젖음/습기,비,단일로 - 기타,승용,남,32세,상해없음,승용,남,51세,경상
2020062500100104,2020년 6월 25일 07시,목요일,충청남도 천안시 서북구 성정동,경상사고,0,0,4,0,차대차 - 측면충돌,중앙선침범,건조,맑음,단일로 - 기타,승용,남,24세,상해없음,승합,남,34세,경상
2020062500100105,2020년 6월 25일 07시,목요일,충청남도 천안시 서북구 성정동,경상사고,0,0,1,0,차대차 - 측면충돌,안전거리미확보,건조,맑음,단일로 - 기타,승합,남,45세,상해없음,승합,남,62세,상해없음
2020062500100136,2020년 6월 25일 08시,목요일,충청남도 공주시 봉황동,경상사고,0,0,3,0,차대차 - 측면충돌,신호위반,젖음/습기,비,교차로 - 교차로안,승용,여,65세,상해없음,승용,여,40세,경상
2020062500100137,2020년 6월 25일 08시,목요일,충청남도 천안시 동남구 용곡동,중상사고,0,1,0,0,차대차 - 측면충돌,직진우회전진행방해,건조,흐림,교차로 - 교차로안,승용,남,60세,상해없음,이륜,남,54세,중상
2020062500100164,2020년 6월 25일 09시,목요일,충청남도 태안군 근흥면,경상사고,0,0,1,0,차대차 - 측면충돌,직진우회전진행방해,건조,맑음,교차로 - 교차로부근,화물,남,58세,상해없음,승용,여,66세,경상
2020062500100222,2020년 6월 25일 11시,목요일,충청남도 아산시 풍기동,중상사고,0,2,2,0,차대차 - 측면충돌,중앙선침범,건조,맑음,기타 - 기타,승용,여,42세,상해없음,승용,남,52세,중상
2020062500100250,2020년 6월 25일 12시,목요일,충청남도 예산군 덕산면,경상사고,0,0,2,0,차대차 - 측면충돌,안전운전불이행,젖음/습기,비,교차로 - 교차로안,건설기계,남,61세,상해없음,승용,여,30세,경상
2020062500100277,2020년 6월 25일 13시,목요일,충청남도 아산시 권곡동,경상사고,0,0,1,0,차대차 - 기타,안전운전불이행,건조,맑음,기타 - 기타,승용,여,61세,상해없음,승용,남,40세,경상
2020062500100306,2020년 6월 25일 14시,목요일,충청남도 천안시 동남구 신방동,경상사고,0,0,1,0,차대차 - 측면충돌,안전거리미확보,건조,맑음,단일로 - 기타,기타불명,기타불명,미분류,기타불명,승용,여,59세,경상
2020062500100343,2020년 6월 25일 15시,목요일,충청남도 공주시 산성동,중상사고,0,1,0,0,차대사람 - 횡단중,보행자보호의무위반,건조,맑음,교차로 - 교차로안,화물,남,65세,상해없음,보행자,남,89세,중상
2020062500100344,2020년 6월 25일 15시,목요일,충청남도 당진시 읍내리,경상사고,0,0,3,0,차대차 - 기타,신호위반,건조,맑음,교차로 - 교차로안,승용,여,48세,경상,승용,남,30세,경상
2020062500100345,2020년 6월 25일 15시,목요일,충청남도 청양군 청양읍,경상사고,0,0,2,0,차대차 - 추돌,안전운전불이행,젖음/습기,흐림,단일로 - 기타,승용,남,62세,상해없음,승용,여,45세,경상
2020062500100437,2020년 6월 25일 18시,목요일,충청남도 아산시 탕정면,경상사고,0,0,1,0,차대차 - 기타,안전운전불이행,건조,맑음,단일로 - 기타,이륜,남,37세,상해없음,자전거,남,23세,경상
2020062500100438,2020년 6월 25일 18시,목요일,충청남도 태안군 태안읍,경상사고,0,0,1,0,차량단독 - 공작물충돌,안전운전불이행,젖음/습기,흐림,단일로 - 기타,승용,여,52세,경상,,,,
2020062500100476,2020년 6월 25일 19시,목요일,충청남도 천안시 서북구 직산읍,경상사고,0,0,2,0,차대차 - 측면충돌,교차로운행방법위반,건조,맑음,교차로 - 교차로부근,화물,남,57세,상해없음,승용,여,31세,경상
2020062500100507,2020년 6월 25일 20시,목요일,충청남도 태안군 안면읍,경상사고,0,0,1,0,차대사람 - 횡단중,안전운전불이행,젖음/습기,흐림,단일로 - 기타,승용,남,38세,상해없음,보행자,남,51세,경상
2020062500100547,2020년 6월 25일 21시,목요일,충청남도 천안시 서북구 차암동,중상사고,0,1,0,0,차대사람 - 기타,안전운전불이행,건조,맑음,단일로 - 기타,승용,남,47세,상해없음,보행자,남,51세,중상
2020062500100548,2020년 6월 25일 21시,목요일,충청남도 홍성군 갈산면,중상사고,0,1,0,0,차대차 - 추돌,안전운전불이행,젖음/습기,비,단일로 - 기타,승용,여,45세,상해없음,화물,남,70세,상해없음
2020062500100549,2020년 6월 25일 21시,목요일,충청남도 당진시 읍내리,경상사고,0,0,3,0,차대차 - 기타,안전운전불이행,젖음/습기,비,단일로 - 기타,승용,남,49세,상해없음,승용,여,51세,경상
2020062500100550,2020년 6월 25일 21시,목요일,충청남도 청양군 청양읍,중상사고,0,2,0,0,차대차 - 추돌,과속,젖음/습기,비,단일로 - 기타,승용,남,52세,중상,농기계,남,63세,중상
2020062500100551,2020년 6월 25일 21시,목요일,충청남도 천안시 동남구 원성동,중상사고,0,1,0,0,차대차 - 측면충돌,중앙선침범,건조,맑음,단일로 - 기타,승용,여,36세,상해없음,승용,남,30세,중상
2020062500100585,2020년 6월 25일 22시,목요일,충청남도 서산시 예천동,중상사고,0,1,0,0,차대사람 - 횡단중,안전운전불이행,젖음/습기,비,단일로 - 기타,승용,남,33세,상해없음,보행자,남,32세,중상
2020062500100586,2020년 6월 25일 22시,목요일,충청남도 당진시 송악읍,경상사고,0,0,1,0,차대차 - 추돌,안전운전불이행,건조,맑음,단일로 - 기타,승용,남,56세,상해없음,승용,남,30세,경상
2020062500100587,2020년 6월 25일 22시,목요일,충청남도 금산군 금산읍,경상사고,0,0,1,0,차대차 - 기타,안전운전불이행,건조,흐림,단일로 - 기타,승용,남,38세,경상,승용,여,51세,기타불명
2020062500100616,2020년 6월 25일 23시,목요일,충청남도 홍성군 홍성읍,중상사고,0,1,0,0,차대사람 - 횡단중,보행자보호의무위반,젖음/습기,비,단일로 - 기타,승용,남,50세,상해없음,보행자,여,18세,중상
2020062600100034,2020년 6월 26일 01시,금요일,충청남도 천안시 서북구 성정동,경상사고,0,0,1,0,차대차 - 후진중충돌,안전운전불이행,건조,맑음,교차로 - 교차로부근,화물,남,40세,상해없음,승용,남,37세,경상
2020062600100035,2020년 6월 26일 01시,금요일,충청남도 예산군 예산읍,경상사고,0,0,1,0,차대차 - 추돌,안전운전불이행,건조,맑음,단일로 - 기타,승용,여,24세,경상,화물,남,43세,기타불명
2020062600100045,2020년 6월 26일 02시,금요일,충청남도 천안시 서북구 직산읍,경상사고,0,0,4,0,차대차 - 추돌,안전운전불이행,건조,맑음,교차로 - 교차로부근,승용,여,41세,상해없음,승용,남,43세,경상
2020062600100046,2020년 6월 26일 02시,금요일,충청남도 천안시 서북구 두정동,경상사고,0,0,1,0,차대차 - 추돌,안전운전불이행,건조,맑음,기타 - 기타,승용,남,26세,상해없음,승용,남,33세,경상
2020062600100102,2020년 6월 26일 07시,금요일,충청남도 천안시 동남구 성남면,경상사고,0,0,1,0,차대차 - 측면충돌,안전운전불이행,건조,맑음,단일로 - 기타,승용,남,71세,상해없음,승용,남,34세,경상
2020062600100129,2020년 6월 26일 08시,금요일,충청남도 천안시 서북구 두정동,경상사고,0,0,2,0,차대차 - 측면충돌,교차로운행방법위반,건조,맑음,교차로 - 교차로안,승용,남,25세,상해없음,승용,남,51세,경상
2020062600100130,2020년 6월 26일 08시,금요일,충청남도 서천군 마서면,경상사고,0,0,1,0,차대차 - 측면충돌,신호위반,건조,맑음,교차로 - 교차로안,승용,남,58세,상해없음,승용,여,50세,경상
2020062600100225,2020년 6월 26일 11시,금요일,충청남도 아산시 배방읍,중상사고,0,1,4,0,차대차 - 추돌,안전운전불이행,건조,맑음,단일로 - 기타,승용,남,69세,상해없음,화물,남,41세,경상
2020062600100226,2020년 6월 26일 11시,금요일,충청남도 공주시 의당면,중상사고,0,1,0,0,차량단독 - 기타,안전운전불이행,건조,맑음,단일로 - 기타,이륜,남,82세,중상,,,,
2020062600100227,2020년 6월 26일 11시,금요일,충청남도 천안시 동남구 구룡동,중상사고,0,1,0,0,차대차 - 정면충돌,중앙선침범,건조,맑음,단일로 - 기타,화물,남,57세,상해없음,이륜,남,33세,중상
2020062600100251,2020년 6월 26일 12시,금요일,충청남도 서산시 부석면,경상사고,0,0,1,0,차대차 - 추돌,안전운전불이행,건조,맑음,교차로 - 교차로부근,화물,남,56세,상해없음,승용,남,58세,경상
2020062600100252,2020년 6월 26일 12시,금요일,충청남도 서산시 석림동,경상사고,0,0,1,0,차대사람 - 기타,안전운전불이행,건조,맑음,교차로 - 교차로부근,승용,남,27세,상해없음,보행자,남,56세,경상
2020062600100253,2020년 6월 26일 12시,금요일,충청남도 천안시 서북구 두정동,중상사고,0,1,1,0,차대차 - 측면충돌,안전운전불이행,건조,맑음,교차로 - 교차로안,승용,남,43세,경상,승용,남,28세,상해없음
2020062600100290,2020년 6월 26일 13시,금요일,충청남도 홍성군 홍성읍,경상사고,0,0,1,0,차대차 - 측면충돌,교차로운행방법위반,건조,맑음,교차로 - 교차로안,승용,남,41세,기타불명,승용,여,65세,경상
2020062600100291,2020년 6월 26일 13시,금요일,충청남도 아산시 둔포면,경상사고,0,0,1,0,차대차 - 추돌,안전거리미확보,건조,맑음,교차로 - 교차로부근,승용,남,45세,상해없음,승용,남,30세,경상
2020062600100292,2020년 6월 26일 13시,금요일,충청남도 부여군 규암면,경상사고,0,0,1,0,차대차 - 측면충돌,직진우회전진행방해,건조,맑음,교차로 - 교차로안,승용,남,61세,상해없음,화물,남,55세,경상
2020062600100328,2020년 6월 26일 14시,금요일,충청남도 천안시 서북구 성정동,경상사고,0,0,2,0,차대차 - 추돌,안전운전불이행,건조,맑음,교차로 - 교차로안,원동기,남,37세,경상,이륜,남,38세,경상
2020062600100329,2020년 6월 26일 14시,금요일,충청남도 홍성군 홍성읍,중상사고,0,1,0,0,차대사람 - 차도통행중,안전운전불이행,건조,맑음,교차로 - 교차로안,승용,남,73세,상해없음,보행자,여,70세,중상
2020062600100330,2020년 6월 26일 14시,금요일,충청남도 천안시 동남구 영성동,경상사고,0,0,1,0,차대차 - 후진중충돌,안전운전불이행,건조,맑음,단일로 - 기타,화물,남,65세,상해없음,승용,여,58세,경상
2020062600100370,2020년 6월 26일 15시,금요일,충청남도 아산시 염치읍,중상사고,0,1,0,0,차대사람 - 횡단중,안전운전불이행,건조,맑음,단일로 - 기타,승용,여,52세,기타불명,보행자,여,83세,중상
2020062600100422,2020년 6월 26일 16시,금요일,충청남도 천안시 서북구 백석동,경상사고,0,0,1,0,차대차 - 측면충돌,안전운전불이행,건조,맑음,교차로 - 교차로부근,승용,남,60세,상해없음,승용,여,33세,경상
2020062600100423,2020년 6월 26일 16시,금요일,충청남도 아산시 배방읍,경상사고,0,0,1,0,차대차 - 기타,안전운전불이행,건조,맑음,교차로 - 교차로부근,승용,남,68세,상해없음,승용,남,61세,경상
2020062600100473,2020년 6월 26일 17시,금요일,충청남도 천안시 서북구 성정동,경상사고,0,0,1,0,차대사람 - 횡단중,안전운전불이행,건조,맑음,교차로 - 교차로안,승용,여,39세,상해없음,보행자,여,53세,경상
2020062600100474,2020년 6월 26일 17시,금요일,충청남도 홍성군 금마면,중상사고,0,1,0,0,차대차 - 측면충돌,교차로운행방법위반,건조,맑음,교차로 - 교차로안,원동기,남,78세,중상,화물,여,60세,상해없음