사고번호,사고일시,요일,시군구,사고내용,사망자수,중상자수,경상자수,부상신고자수,사고유형,법규위반,노면상태,기상상태,도로형태,가해운전자 차종,가해운전자 성별,가해운전자 연령,가해운전자 상해정도,피해운전자 차종,피해운전자 성별,피해운전자 연령,피해운전자 상해정도
2020062600100475,2020년 6월 26일 17시,금요일,충청남도 아산시 탕정면,중상사고,0,1,0,0,차대차 - 기타,안전운전불이행,건조,맑음,단일로 - 기타,승용,남,39세,상해없음,이륜,남,50세,중상
2020062600100476,2020년 6월 26일 17시,금요일,충청남도 보령시 청소면,경상사고,0,0,2,0,차대차 - 추돌,안전운전불이행,건조,맑음,단일로 - 기타,건설기계,남,43세,상해없음,승용,남,62세,경상
2020062600100477,2020년 6월 26일 17시,금요일,충청남도 천안시 동남구 청당동,경상사고,0,0,1,0,차대차 - 측면충돌,신호위반,건조,맑음,교차로 - 교차로안,화물,남,75세,상해없음,승용,여,43세,경상
2020062600100529,2020년 6월 26일 18시,금요일,충청남도 천안시 서북구 직산읍,중상사고,0,1,0,0,차대사람 - 횡단중,안전운전불이행,건조,맑음,단일로 - 기타,승용,여,59세,상해없음,보행자,여,84세,중상
2020062600100530,2020년 6월 26일 18시,금요일,충청남도 서천군 서면,사망사고,1,0,0,0,차량단독 - 도로외이탈 - 추락,안전운전불이행,건조,맑음,교차로 - 교차로부근,원동기,남,89세,사망,,,,
2020062600100531,2020년 6월 26일 18시,금요일,충청남도 보령시 주포면,경상사고,0,0,1,0,차대차 - 측면충돌,안전운전불이행,건조,맑음,교차로 - 교차로안,승용,남,54세,상해없음,승용,남,48세,경상
2020062600100574,2020년 6월 26일 19시,금요일,충청남도 공주시 옥룡동,중상사고,0,1,0,0,차대차 - 측면충돌,신호위반,건조,맑음,단일로 - 기타,승용,남,31세,기타불명,자전거,여,65세,중상
2020062600100610,2020년 6월 26일 20시,금요일,충청남도 계룡시 엄사면,중상사고,0,1,0,0,차대사람 - 차도통행중,안전운전불이행,건조,맑음,단일로 - 기타,승용,남,59세,상해없음,보행자,여,75세,중상
2020062600100681,2020년 6월 26일 22시,금요일,충청남도 천안시 서북구 성거읍,중상사고,0,1,0,0,차대차 - 기타,안전운전불이행,건조,맑음,단일로 - 기타,승용,남,25세,상해없음,자전거,남,52세,중상
2020062600100682,2020년 6월 26일 22시,금요일,충청남도 아산시 인주면,경상사고,0,0,2,0,차대사람 - 기타,중앙선침범,건조,맑음,단일로 - 기타,기타불명,기타불명,미분류,기타불명,보행자,남,16세,경상
2020062600100717,2020년 6월 26일 23시,금요일,충청남도 아산시 탕정면,중상사고,0,1,1,0,차대차 - 추돌,중앙선침범,건조,맑음,단일로 - 기타,화물,남,56세,기타불명,승용,남,38세,경상
2020062700100007,2020년 6월 27일 00시,토요일,충청남도 예산군 신양면,경상사고,0,0,1,0,차대차 - 측면충돌,안전운전불이행,건조,맑음,기타 - 기타,특수,남,49세,상해없음,승용,남,23세,경상
2020062700100075,2020년 6월 27일 04시,토요일,충청남도 천안시 서북구 두정동,경상사고,0,0,6,0,차대차 - 측면충돌,안전운전불이행,건조,맑음,교차로 - 교차로안,승용,남,28세,경상,승합,남,40세,경상
2020062700100076,2020년 6월 27일 04시,토요일,충청남도 천안시 동남구 원성동,경상사고,0,0,1,0,차대사람 - 횡단중,보행자보호의무위반,건조,맑음,교차로 - 교차로횡단보도내,승용,남,51세,상해없음,보행자,여,51세,경상
2020062700100119,2020년 6월 27일 08시,토요일,충청남도 아산시 선장면,경상사고,0,0,1,0,차대차 - 측면충돌,안전운전불이행,건조,맑음,단일로 - 기타,승용,여,59세,상해없음,자전거,여,66세,경상
2020062700100120,2020년 6월 27일 08시,토요일,충청남도 보령시 성주면,경상사고,0,0,3,0,차대차 - 추돌,안전운전불이행,건조,맑음,단일로 - 기타,승용,남,66세,상해없음,승용,남,61세,경상
2020062700100137,2020년 6월 27일 09시,토요일,충청남도 아산시 배방읍,경상사고,0,0,1,0,차대차 - 기타,안전거리미확보,건조,맑음,단일로 - 기타,승용,여,26세,상해없음,승용,여,48세,경상
2020062700100138,2020년 6월 27일 09시,토요일,충청남도 금산군 제원면,중상사고,0,1,0,0,차대차 - 추돌,안전운전불이행,건조,맑음,단일로 - 기타,이륜,남,80세,중상,승용,여,57세,상해없음
2020062700100202,2020년 6월 27일 11시,토요일,충청남도 홍성군 홍성읍,경상사고,0,0,1,0,차대차 - 측면충돌,안전운전불이행,건조,맑음,단일로 - 기타,승용,남,58세,상해없음,화물,남,72세,경상
2020062700100203,2020년 6월 27일 11시,토요일,충청남도 보령시 대천동,중상사고,0,1,0,0,차대사람 - 보도통행중,안전운전불이행,건조,맑음,단일로 - 기타,승용,남,57세,상해없음,보행자,남,55세,중상
2020062700100241,2020년 6월 27일 12시,토요일,충청남도 천안시 서북구 쌍용동,부상신고사고,0,0,0,1,차대차 - 측면충돌,안전운전불이행,건조,맑음,교차로 - 교차로안,자전거,남,76세,부상신고,승합,남,49세,상해없음
2020062700100271,2020년 6월 27일 13시,토요일,충청남도 천안시 서북구 쌍용동,경상사고,0,0,2,0,차대차 - 기타,안전운전불이행,건조,맑음,단일로 - 기타,승용,남,30세,상해없음,승용,남,22세,경상
2020062700100315,2020년 6월 27일 14시,토요일,충청남도 당진시 행정리,경상사고,0,0,1,0,차대차 - 기타,직진우회전진행방해,건조,맑음,교차로 - 교차로안,승용,남,56세,상해없음,승용,남,57세,경상
2020062700100351,2020년 6월 27일 15시,토요일,충청남도 당진시 면천면,경상사고,0,0,1,0,차대차 - 기타,중앙선침범,건조,맑음,교차로 - 교차로안,이륜,남,81세,경상,승용,남,40세,상해없음
2020062700100352,2020년 6월 27일 15시,토요일,충청남도 천안시 동남구 봉명동,경상사고,0,0,1,0,차대차 - 기타,안전운전불이행,건조,맑음,교차로 - 교차로안,승용,남,37세,기타불명,승용,여,38세,경상
2020062700100388,2020년 6월 27일 16시,토요일,충청남도 천안시 서북구 쌍용동,중상사고,0,1,2,0,차대차 - 정면충돌,신호위반,건조,맑음,교차로 - 교차로부근,화물,남,31세,경상,이륜,남,42세,중상
2020062700100389,2020년 6월 27일 16시,토요일,충청남도 천안시 서북구 성정동,경상사고,0,0,2,0,차대차 - 기타,안전운전불이행,건조,맑음,단일로 - 기타,원동기,남,45세,경상,승용,여,58세,경상
2020062700100390,2020년 6월 27일 16시,토요일,충청남도 아산시 배방읍,중상사고,0,1,1,0,차대차 - 기타,신호위반,건조,맑음,교차로 - 교차로안,승용,여,27세,상해없음,승용,남,50세,중상
2020062700100427,2020년 6월 27일 17시,토요일,충청남도 아산시 신창면,경상사고,0,0,1,0,차대차 - 기타,신호위반,건조,맑음,교차로 - 교차로안,승용,남,57세,상해없음,승용,남,36세,경상
2020062700100428,2020년 6월 27일 17시,토요일,충청남도 태안군 근흥면,경상사고,0,0,3,0,차대차 - 측면충돌,안전운전불이행,건조,맑음,단일로 - 기타,승용,여,63세,경상,승용,남,30세,경상
2020062700100502,2020년 6월 27일 19시,토요일,충청남도 보령시 오천면,경상사고,0,0,2,0,차대차 - 측면충돌,안전운전불이행,건조,맑음,교차로 - 교차로안,승용,여,38세,상해없음,승용,남,36세,경상
2020062700100503,2020년 6월 27일 19시,토요일,충청남도 천안시 동남구 성황동,중상사고,0,1,0,0,차대차 - 기타,신호위반,건조,맑음,교차로 - 교차로안,이륜,남,57세,중상,승용,여,38세,상해없음
2020062700100523,2020년 6월 27일 20시,토요일,충청남도 보령시 신흑동,경상사고,0,0,1,0,차대사람 - 길가장자리구역통행중,안전운전불이행,건조,맑음,단일로 - 기타,승용,남,21세,상해없음,보행자,여,18세,경상
2020062700100524,2020년 6월 27일 20시,토요일,충청남도 천안시 동남구 풍세면,경상사고,0,0,2,0,차대차 - 기타,안전운전불이행,건조,맑음,단일로 - 기타,승용,남,58세,상해없음,승용,남,33세,경상
2020062700100561,2020년 6월 27일 21시,토요일,충청남도 아산시 용화동,경상사고,0,0,1,0,차대사람 - 차도통행중,안전운전불이행,건조,맑음,단일로 - 기타,승용,남,23세,상해없음,보행자,남,31세,경상
2020062700100577,2020년 6월 27일 22시,토요일,충청남도 보령시 신흑동,경상사고,0,0,1,0,차대사람 - 길가장자리구역통행중,안전운전불이행,건조,맑음,단일로 - 기타,승용,남,32세,기타불명,보행자,남,57세,경상
2020062700100603,2020년 6월 27일 23시,토요일,충청남도 태안군 태안읍,경상사고,0,0,2,0,차대사람 - 횡단중,안전운전불이행,건조,맑음,교차로 - 교차로부근,화물,남,62세,상해없음,보행자,남,17세,경상
2020062800100136,2020년 6월 28일 10시,일요일,충청남도 아산시 배방읍,경상사고,0,0,1,2,차대차 - 기타,교차로운행방법위반,건조,맑음,교차로 - 교차로안,승용,남,28세,상해없음,승용,남,39세,경상
2020062800100191,2020년 6월 28일 12시,일요일,충청남도 보령시 신흑동,중상사고,0,1,0,0,차대사람 - 기타,안전운전불이행,건조,맑음,교차로 - 교차로안,이륜,남,44세,상해없음,보행자,남,5세,중상
2020062800100218,2020년 6월 28일 13시,일요일,충청남도 천안시 서북구 불당동,경상사고,0,0,2,0,차대차 - 측면충돌,신호위반,건조,맑음,교차로 - 교차로부근,이륜,남,21세,기타불명,승용,남,66세,경상
2020062800100219,2020년 6월 28일 13시,일요일,충청남도 천안시 서북구 불당동,경상사고,0,0,2,0,차대차 - 추돌,안전운전불이행,건조,맑음,교차로 - 교차로부근,승용,여,21세,상해없음,승용,여,32세,경상
2020062800100251,2020년 6월 28일 14시,일요일,충청남도 천안시 서북구 백석동,경상사고,0,0,1,0,차대차 - 측면충돌,교차로운행방법위반,건조,맑음,교차로 - 교차로안,승용,남,78세,상해없음,이륜,남,40세,경상
2020062800100252,2020년 6월 28일 14시,일요일,충청남도 아산시 송악면,중상사고,0,1,0,0,차대차 - 측면충돌,안전운전불이행,건조,맑음,단일로 - 기타,승용,남,56세,상해없음,원동기,남,34세,중상
2020062800100279,2020년 6월 28일 15시,일요일,충청남도 천안시 서북구 불당동,경상사고,0,0,3,0,차대차 - 측면충돌,신호위반,건조,맑음,교차로 - 교차로안,이륜,남,37세,기타불명,승용,남,24세,경상
2020062800100280,2020년 6월 28일 15시,일요일,충청남도 보령시 미산면,경상사고,0,0,1,0,차대차 - 기타,직진우회전진행방해,건조,맑음,교차로 - 교차로안,승용,남,71세,상해없음,이륜,남,50세,경상
2020062800100281,2020년 6월 28일 15시,일요일,충청남도 공주시 의당면,경상사고,0,0,3,0,차대차 - 측면충돌,교차로운행방법위반,건조,맑음,교차로 - 교차로안,화물,남,43세,상해없음,승용,남,53세,경상
2020062800100319,2020년 6월 28일 16시,일요일,충청남도 당진시 신평면,경상사고,0,0,7,0,차대차 - 추돌,안전운전불이행,건조,맑음,단일로 - 교량,승용,남,52세,상해없음,승용,남,30세,경상
2020062800100320,2020년 6월 28일 16시,일요일,충청남도 천안시 동남구 신부동,경상사고,0,0,1,0,차대사람 - 기타,안전운전불이행,건조,맑음,단일로 - 기타,화물,남,59세,상해없음,보행자,남,34세,경상
2020062800100350,2020년 6월 28일 17시,일요일,충청남도 홍성군 홍성읍,경상사고,0,0,1,0,차대차 - 추돌,안전운전불이행,건조,맑음,교차로 - 교차로부근,승용,남,65세,상해없음,승용,남,46세,경상
2020062800100390,2020년 6월 28일 18시,일요일,충청남도 천안시 동남구 대흥동,경상사고,0,0,4,0,차대차 - 측면충돌,신호위반,건조,맑음,교차로 - 교차로안,승합,남,57세,상해없음,승용,남,59세,경상
2020062800100421,2020년 6월 28일 19시,일요일,충청남도 아산시 배방읍,경상사고,0,0,1,0,차대차 - 측면충돌,안전운전불이행,건조,맑음,교차로 - 교차로안,승용,남,72세,상해없음,원동기,남,42세,경상
2020062800100444,2020년 6월 28일 20시,일요일,충청남도 아산시 탕정면,경상사고,0,0,1,0,차대차 - 후진중충돌,안전운전불이행,건조,맑음,단일로 - 기타,승용,남,26세,상해없음,이륜,남,25세,경상
2020062800100472,2020년 6월 28일 21시,일요일,충청남도 천안시 서북구 성정동,경상사고,0,0,1,0,차대사람 - 기타,안전운전불이행,건조,맑음,기타 - 기타,승용,남,55세,상해없음,보행자,여,34세,경상
2020062800100473,2020년 6월 28일 21시,일요일,충청남도 천안시 동남구 동면,경상사고,0,0,1,0,차대사람 - 길가장자리구역통행중,안전운전불이행,건조,맑음,단일로 - 기타,승용,남,54세,상해없음,보행자,남,16세,경상
2020062800100496,2020년 6월 28일 22시,일요일,충청남도 보령시 웅천읍,중상사고,0,3,0,0,차대차 - 기타,안전운전불이행,건조,맑음,단일로 - 기타,승용,남,33세,중상,승용,남,40세,중상
2020062800100504,2020년 6월 28일 23시,일요일,충청남도 서산시 읍내동,중상사고,0,1,0,0,차대차 - 측면충돌,신호위반,건조,흐림,교차로 - 교차로안,승용,남,27세,상해없음,승용,여,42세,중상
2020062900100014,2020년 6월 29일 02시,월요일,충청남도 논산시 연무읍,중상사고,0,1,1,0,차대차 - 측면충돌,안전운전불이행,건조,맑음,교차로 - 교차로안,승용,남,25세,경상,승용,남,33세,기타불명
2020062900100052,2020년 6월 29일 07시,월요일,충청남도 아산시 인주면,경상사고,0,0,2,0,차대차 - 측면충돌,중앙선침범,건조,맑음,단일로 - 기타,기타불명,기타불명,미분류,기타불명,승용,여,58세,경상
2020062900100084,2020년 6월 29일 08시,월요일,충청남도 아산시 온천동,중상사고,0,1,0,0,차대사람 - 기타,안전운전불이행,건조,맑음,주차장 - 주차장,승용,남,65세,상해없음,보행자,남,71세,중상
2020062900100111,2020년 6월 29일 09시,월요일,충청남도 보령시 동대동,중상사고,0,1,0,0,차대차 - 측면충돌,안전운전불이행,건조,맑음,교차로 - 교차로안,화물,남,26세,상해없음,자전거,남,70세,중상
2020062900100112,2020년 6월 29일 09시,월요일,충청남도 예산군 예산읍,경상사고,0,0,1,0,차대차 - 기타,불법유턴,건조,맑음,단일로 - 기타,원동기,남,81세,경상,승용,여,64세,상해없음
2020062900100143,2020년 6월 29일 10시,월요일,충청남도 논산시 강경읍,경상사고,0,0,1,0,차대사람 - 차도통행중,안전운전불이행,건조,맑음,단일로 - 기타,승용,남,73세,상해없음,보행자,여,63세,경상
2020062900100144,2020년 6월 29일 10시,월요일,충청남도 공주시 산성동,경상사고,0,0,1,0,차대사람 - 기타,안전운전불이행,건조,맑음,단일로 - 기타,승용,남,72세,상해없음,보행자,여,51세,경상
2020062900100184,2020년 6월 29일 11시,월요일,충청남도 천안시 서북구 쌍용동,경상사고,0,0,1,0,차대사람 - 기타,안전운전불이행,건조,맑음,단일로 - 기타,승용,여,68세,상해없음,보행자,남,43세,경상
2020062900100185,2020년 6월 29일 11시,월요일,충청남도 천안시 서북구 두정동,경상사고,0,0,1,0,차대차 - 측면충돌,안전거리미확보,건조,맑음,단일로 - 기타,승용,남,37세,상해없음,승용,남,55세,경상
2020062900100186,2020년 6월 29일 11시,월요일,충청남도 아산시 배방읍,중상사고,0,1,0,0,차대차 - 기타,교차로운행방법위반,건조,맑음,교차로 - 교차로안,화물,남,69세,상해없음,이륜,남,47세,중상
2020062900100187,2020년 6월 29일 11시,월요일,충청남도 당진시 송악읍,경상사고,0,0,1,0,차대차 - 추돌,안전운전불이행,젖음/습기,비,단일로 - 기타,화물,남,57세,상해없음,승용,여,37세,경상
2020062900100249,2020년 6월 29일 13시,월요일,충청남도 천안시 서북구 성거읍,경상사고,0,0,1,0,차대차 - 기타,중앙선침범,건조,맑음,단일로 - 기타,승용,남,60세,상해없음,이륜,남,25세,경상
2020062900100250,2020년 6월 29일 13시,월요일,충청남도 천안시 서북구 쌍용동,경상사고,0,0,1,0,차대차 - 기타,안전운전불이행,건조,맑음,단일로 - 기타,이륜,남,29세,경상,승용,여,34세,상해없음
2020062900100251,2020년 6월 29일 13시,월요일,충청남도 아산시 배방읍,경상사고,0,0,1,0,차대차 - 추돌,안전운전불이행,건조,맑음,교차로 - 교차로부근,승용,여,28세,상해없음,승용,남,31세,경상
2020062900100252,2020년 6월 29일 13시,월요일,충청남도 천안시 서북구 쌍용동,경상사고,0,0,1,0,차대차 - 추돌,안전운전불이행,건조,맑음,단일로 - 기타,승용,여,31세,상해없음,승용,여,32세,경상
2020062900100253,2020년 6월 29일 13시,월요일,충청남도 태안군 태안읍,중상사고,0,1,0,0,차대사람 - 기타,안전운전불이행,건조,맑음,교차로 - 교차로안,화물,남,52세,상해없음,보행자,여,81세,중상
2020062900100285,2020년 6월 29일 14시,월요일,충청남도 논산시 대교동,경상사고,0,0,3,0,차대차 - 측면충돌,신호위반,젖음/습기,비,교차로 - 교차로안,승용,여,57세,상해없음,승용,여,38세,경상
2020062900100286,2020년 6월 29일 14시,월요일,충청남도 금산군 금산읍,중상사고,0,1,0,0,차대차 - 측면충돌,교차로운행방법위반,젖음/습기,비,교차로 - 교차로안,승합,남,32세,상해없음,이륜,남,42세,중상
2020062900100317,2020년 6월 29일 15시,월요일,충청남도 서산시 음암면,중상사고,0,1,0,0,차량단독 - 전도전복 - 전복,안전운전불이행,건조,맑음,단일로 - 기타,승용,남,33세,중상,,,,
2020062900100318,2020년 6월 29일 15시,월요일,충청남도 서산시 대산읍,경상사고,0,0,1,0,차대사람 - 차도통행중,안전운전불이행,젖음/습기,비,단일로 - 기타,승용,여,54세,상해없음,보행자,여,31세,경상
2020062900100319,2020년 6월 29일 15시,월요일,충청남도 청양군 청양읍,중상사고,0,1,0,0,차대차 - 측면충돌,중앙선침범,젖음/습기,비,기타 - 기타,이륜,여,65세,중상,화물,남,50세,상해없음
2020062900100320,2020년 6월 29일 15시,월요일,충청남도 천안시 동남구 안서동,중상사고,0,1,2,0,차대차 - 정면충돌,안전운전불이행,건조,맑음,교차로 - 교차로안,승용,여,24세,상해없음,승용,남,28세,중상
2020062900100356,2020년 6월 29일 16시,월요일,충청남도 천안시 서북구 성정동,경상사고,0,0,1,0,차대사람 - 횡단중,보행자보호의무위반,건조,맑음,교차로 - 교차로안,승용,여,38세,상해없음,보행자,여,36세,경상
2020062900100357,2020년 6월 29일 16시,월요일,충청남도 천안시 서북구 쌍용동,경상사고,0,0,1,0,차대차 - 기타,중앙선침범,젖음/습기,비,단일로 - 기타,승용,여,59세,상해없음,이륜,남,59세,경상
2020062900100358,2020년 6월 29일 16시,월요일,충청남도 보령시 청라면,중상사고,0,1,0,0,차대사람 - 기타,안전운전불이행,젖음/습기,비,단일로 - 기타,승용,남,38세,상해없음,보행자,여,87세,중상
2020062900100359,2020년 6월 29일 16시,월요일,충청남도 공주시 의당면,경상사고,0,0,1,0,차대차 - 측면충돌,안전운전불이행,젖음/습기,비,단일로 - 기타,화물,남,70세,경상,화물,남,64세,상해없음
2020062900100360,2020년 6월 29일 16시,월요일,충청남도 부여군 규암면,중상사고,0,1,0,0,차대차 - 측면충돌,안전운전불이행,젖음/습기,비,단일로 - 기타,이륜,남,80세,상해없음,승용,남,68세,상해없음
2020062900100361,2020년 6월 29일 16시,월요일,충청남도 천안시 동남구 구성동,중상사고,0,1,1,0,차대차 - 정면충돌,안전운전불이행,건조,맑음,교차로 - 교차로안,승용,남,32세,상해없음,승합,여,55세,경상
2020062900100401,2020년 6월 29일 17시,월요일,충청남도 아산시 온천동,중상사고,0,1,0,0,차대사람 - 기타,안전운전불이행,젖음/습기,비,단일로 - 기타,원동기,남,38세,상해없음,보행자,여,74세,중상
2020062900100402,2020년 6월 29일 17시,월요일,충청남도 청양군 정산면,경상사고,0,0,2,0,차대차 - 측면충돌,안전거리미확보,젖음/습기,비,단일로 - 기타,승용,남,27세,경상,승용,남,25세,경상
2020062900100403,2020년 6월 29일 17시,월요일,충청남도 청양군 청양읍,경상사고,0,0,2,0,차대차 - 측면충돌,직진우회전진행방해,젖음/습기,비,교차로 - 교차로안,승용,남,71세,경상,승용,여,43세,경상
2020062900100451,2020년 6월 29일 18시,월요일,충청남도 아산시 신창면,중상사고,0,1,1,0,차대차 - 추돌,안전운전불이행,젖음/습기,비,단일로 - 기타,화물,남,65세,상해없음,화물,남,57세,중상
2020062900100452,2020년 6월 29일 18시,월요일,충청남도 청양군 정산면,경상사고,0,0,1,0,차량단독 - 공작물충돌,안전운전불이행,젖음/습기,비,단일로 - 기타,승용,여,53세,경상,,,,
2020062900100533,2020년 6월 29일 20시,월요일,충청남도 서산시 동문동,경상사고,0,0,1,0,차대차 - 기타,신호위반,젖음/습기,비,교차로 - 교차로안,화물,남,44세,상해없음,승용,여,44세,경상
2020062900100534,2020년 6월 29일 20시,월요일,충청남도 천안시 서북구 직산읍,경상사고,0,0,2,0,차대차 - 추돌,신호위반,젖음/습기,비,교차로 - 교차로안,승용,여,51세,상해없음,승용,여,29세,경상
2020062900100535,2020년 6월 29일 20시,월요일,충청남도 천안시 동남구 신부동,경상사고,0,0,1,0,차대차 - 기타,안전운전불이행,젖음/습기,비,교차로 - 교차로안,기타불명,기타불명,미분류,기타불명,이륜,남,35세,경상
2020062900100582,2020년 6월 29일 21시,월요일,충청남도 서산시 대산읍,경상사고,0,0,1,0,차대차 - 추돌,안전운전불이행,젖음/습기,비,단일로 - 기타,화물,남,62세,상해없음,승용,남,49세,경상
2020062900100583,2020년 6월 29일 21시,월요일,충청남도 천안시 동남구 신방동,경상사고,0,0,1,0,차대차 - 기타,안전운전불이행,젖음/습기,비,단일로 - 기타,승용,남,43세,상해없음,승용,남,44세,경상
2020062900100584,2020년 6월 29일 21시,월요일,충청남도 태안군 소원면,중상사고,0,1,0,0,차량단독 - 공작물충돌,안전운전불이행,젖음/습기,비,단일로 - 기타,화물,남,57세,중상,,,,
2020062900100632,2020년 6월 29일 22시,월요일,충청남도 아산시 탕정면,경상사고,0,0,2,0,차대차 - 정면충돌,중앙선침범,건조,맑음,교차로 - 교차로부근,승용,남,44세,상해없음,승용,남,41세,경상
2020062900100633,2020년 6월 29일 22시,월요일,충청남도 공주시 신관동,경상사고,0,0,1,0,차대사람 - 기타,안전운전불이행,젖음/습기,비,단일로 - 기타,승용,여,60세,기타불명,보행자,남,49세,경상
2020062900100669,2020년 6월 29일 23시,월요일,충청남도 당진시 읍내리,경상사고,0,0,1,0,차대차 - 측면충돌,교차로운행방법위반,건조,맑음,교차로 - 교차로안,승용,남,17세,상해없음,승용,남,46세,경상
2020063000100014,2020년 6월 30일 00시,화요일,충청남도 천안시 서북구 성정동,경상사고,0,0,1,0,차대차 - 측면충돌,신호위반,젖음/습기,비,교차로 - 교차로안,승용,남,53세,상해없음,승용,남,57세,경상
2020063000100088,2020년 6월 30일 07시,화요일,충청남도 서산시 갈산동,경상사고,0,0,1,0,차대차 - 측면충돌,안전운전불이행,젖음/습기,비,단일로 - 기타,승용,여,49세,상해없음,승용,남,45세,경상
2020063000100122,2020년 6월 30일 08시,화요일,충청남도 공주시 옥룡동,경상사고,0,0,1,0,차대차 - 측면충돌,안전운전불이행,젖음/습기,비,단일로 - 기타,화물,남,70세,상해없음,자전거,남,11세,경상
2020063000100123,2020년 6월 30일 08시,화요일,충청남도 청양군 비봉면,경상사고,0,0,2,0,차량단독 - 전도전복 - 전도,안전운전불이행,젖음/습기,비,단일로 - 기타,이륜,남,78세,경상,,,,
2020063000100145,2020년 6월 30일 09시,화요일,충청남도 논산시 반월동,경상사고,0,0,1,0,차대사람 - 보도통행중,기타,건조,맑음,기타 - 기타,승합,남,56세,상해없음,보행자,여,70세,경상
2020063000100174,2020년 6월 30일 10시,화요일,충청남도 아산시 도고면,경상사고,0,0,1,0,차대차 - 측면충돌,안전운전불이행,젖음/습기,비,단일로 - 기타,화물,남,61세,상해없음,승용,남,27세,경상
2020063000100175,2020년 6월 30일 10시,화요일,충청남도 당진시 읍내리,경상사고,0,0,1,0,차대차 - 측면충돌,교차로운행방법위반,건조,맑음,교차로 - 교차로안,화물,남,72세,상해없음,이륜,남,23세,경상
2020063000100193,2020년 6월 30일 11시,화요일,충청남도 아산시 장존동,경상사고,0,0,1,0,차대차 - 기타,직진우회전진행방해,젖음/습기,비,교차로 - 교차로안,화물,남,65세,기타불명,승합,남,47세,경상
2020063000100222,2020년 6월 30일 12시,화요일,충청남도 계룡시 금암동,경상사고,0,0,3,0,차대차 - 측면충돌,신호위반,젖음/습기,비,교차로 - 교차로안,화물,남,55세,경상,승용,여,23세,경상
2020063000100254,2020년 6월 30일 13시,화요일,충청남도 서산시 석남동,경상사고,0,0,1,0,차대차 - 측면충돌,안전운전불이행,젖음/습기,비,단일로 - 기타,화물,남,62세,상해없음,승용,여,35세,경상
2020063000100255,2020년 6월 30일 13시,화요일,충청남도 공주시 사곡면,부상신고사고,0,0,0,1,차량단독 - 기타,안전운전불이행,젖음/습기,흐림,단일로 - 기타,화물,남,62세,부상신고,,,,
2020063000100256,2020년 6월 30일 13시,화요일,충청남도 천안시 동남구 원성동,중상사고,0,1,0,0,차대차 - 기타,안전운전불이행,젖음/습기,흐림,교차로 - 교차로안,승합,남,56세,상해없음,이륜,남,57세,중상
2020063000100283,2020년 6월 30일 14시,화요일,충청남도 당진시 채운동,경상사고,0,0,1,0,차대차 - 측면충돌,교차로운행방법위반,젖음/습기,비,교차로 - 교차로안,승용,남,59세,상해없음,승용,남,20세,경상
2020063000100318,2020년 6월 30일 15시,화요일,충청남도 서산시 갈산동,경상사고,0,0,1,0,차대차 - 측면충돌,교차로운행방법위반,젖음/습기,비,교차로 - 교차로안,화물,남,51세,경상,화물,남,49세,상해없음
2020063000100319,2020년 6월 30일 15시,화요일,충청남도 천안시 서북구 성정동,경상사고,0,0,1,0,차대차 - 기타,안전운전불이행,젖음/습기,비,교차로 - 교차로안,승용,남,70세,상해없음,이륜,남,26세,경상
2020063000100320,2020년 6월 30일 15시,화요일,충청남도 공주시 산성동,중상사고,0,1,0,0,차대사람 - 차도통행중,안전운전불이행,건조,기타,단일로 - 기타,자전거,남,59세,상해없음,보행자,여,81세,중상
2020063000100321,2020년 6월 30일 15시,화요일,충청남도 천안시 동남구 청당동,경상사고,0,0,1,0,차대차 - 추돌,안전운전불이행,건조,맑음,단일로 - 기타,승용,남,70세,상해없음,승용,남,75세,경상
2020063000100350,2020년 6월 30일 16시,화요일,충청남도 아산시 탕정면,경상사고,0,0,1,0,차대차 - 추돌,안전운전불이행,젖음/습기,비,단일로 - 기타,화물,남,35세,상해없음,승용,여,61세,경상
2020063000100351,2020년 6월 30일 16시,화요일,충청남도 아산시 음봉면,경상사고,0,0,1,0,차대차 - 기타,안전운전불이행,젖음/습기,비,단일로 - 기타,승용,남,60세,상해없음,승용,남,51세,경상
2020063000100386,2020년 6월 30일 17시,화요일,충청남도 아산시 용화동,경상사고,0,0,1,0,차대차 - 측면충돌,직진우회전진행방해,젖음/습기,비,교차로 - 교차로안,승용,남,22세,상해없음,이륜,남,17세,경상
2020063000100428,2020년 6월 30일 18시,화요일,충청남도 천안시 서북구 직산읍,경상사고,0,0,1,0,차대차 - 측면충돌,교차로운행방법위반,젖음/습기,비,교차로 - 교차로안,승용,남,45세,상해없음,이륜,남,42세,경상
2020063000100429,2020년 6월 30일 18시,화요일,충청남도 논산시 연무읍,경상사고,0,0,3,0,차대차 - 측면충돌,차로위반,젖음/습기,비,교차로 - 교차로안,승용,기타불명,미분류,기타불명,승용,여,53세,경상
2020063000100430,2020년 6월 30일 18시,화요일,충청남도 부여군 부여읍,경상사고,0,0,1,0,차대차 - 측면충돌,안전운전불이행,젖음/습기,비,교차로 - 교차로안,자전거,남,77세,경상,승용,남,57세,상해없음
2020063000100431,2020년 6월 30일 18시,화요일,충청남도 금산군 금산읍,중상사고,0,1,2,0,차대차 - 측면충돌,안전운전불이행,젖음/습기,비,교차로 - 교차로안,승용,남,65세,경상,화물,남,27세,중상