사고번호,사고일시,요일,시군구,사고내용,사망자수,중상자수,경상자수,부상신고자수,사고유형,법규위반,노면상태,기상상태,도로형태,가해운전자 차종,가해운전자 성별,가해운전자 연령,가해운전자 상해정도,피해운전자 차종,피해운전자 성별,피해운전자 연령,피해운전자 상해정도
2020071500100374,2020년 7월 15일 16시,수요일,충청남도 천안시 서북구 백석동,경상사고,0,0,1,0,차대차 - 측면충돌,신호위반,건조,맑음,교차로 - 교차로안,사륜오토바이(ATV),여,35세,경상,승용,남,60세,상해없음
2020071500100375,2020년 7월 15일 16시,수요일,충청남도 천안시 서북구 쌍용동,경상사고,0,0,4,0,차대차 - 추돌,안전운전불이행,건조,맑음,단일로 - 기타,승용,남,63세,상해없음,승용,여,34세,경상
2020071500100376,2020년 7월 15일 16시,수요일,충청남도 천안시 동남구 신부동,경상사고,0,0,1,0,차대차 - 기타,안전운전불이행,건조,맑음,단일로 - 기타,승용,여,47세,상해없음,승용,남,65세,경상
2020071500100412,2020년 7월 15일 17시,수요일,충청남도 천안시 서북구 두정동,부상신고사고,0,0,0,1,차대차 - 추돌,안전운전불이행,건조,맑음,단일로 - 기타,이륜,남,39세,부상신고,화물,여,34세,상해없음
2020071500100413,2020년 7월 15일 17시,수요일,충청남도 천안시 서북구 성정동,경상사고,0,0,1,0,차대차 - 측면충돌,직진우회전진행방해,건조,맑음,교차로 - 교차로안,이륜,남,32세,상해없음,승용,여,37세,경상
2020071500100471,2020년 7월 15일 18시,수요일,충청남도 홍성군 홍성읍,경상사고,0,0,1,0,차대차 - 측면충돌,안전운전불이행,건조,맑음,단일로 - 기타,화물,남,66세,상해없음,승용,남,25세,경상
2020071500100472,2020년 7월 15일 18시,수요일,충청남도 천안시 동남구 원성동,경상사고,0,0,2,0,차대차 - 정면충돌,안전운전불이행,건조,맑음,단일로 - 기타,승합,남,62세,상해없음,승용,여,54세,경상
2020071500100515,2020년 7월 15일 19시,수요일,충청남도 천안시 서북구 불당동,경상사고,0,0,1,0,차대차 - 측면충돌,안전운전불이행,건조,맑음,단일로 - 기타,승용,남,59세,상해없음,이륜,남,21세,경상
2020071500100516,2020년 7월 15일 19시,수요일,충청남도 천안시 서북구 두정동,경상사고,0,0,1,0,차대사람 - 기타,안전운전불이행,건조,맑음,단일로 - 기타,승합,남,49세,상해없음,보행자,여,62세,경상
2020071500100550,2020년 7월 15일 20시,수요일,충청남도 천안시 서북구 두정동,경상사고,0,0,1,0,차대차 - 측면충돌,안전운전불이행,건조,맑음,단일로 - 기타,승합,남,55세,상해없음,승용,남,33세,경상
2020071500100551,2020년 7월 15일 20시,수요일,충청남도 당진시 석문면,사망사고,2,0,0,0,차대차 - 정면충돌,중앙선침범,건조,맑음,단일로 - 기타,승용,남,43세,사망,승용,여,62세,사망
2020071500100604,2020년 7월 15일 22시,수요일,충청남도 천안시 동남구 신부동,중상사고,0,1,0,0,차대차 - 측면충돌,안전운전불이행,건조,맑음,단일로 - 기타,승용,남,25세,상해없음,이륜,남,23세,중상
2020071600100008,2020년 7월 16일 00시,목요일,충청남도 천안시 서북구 두정동,중상사고,0,1,0,0,차대사람 - 횡단중,안전운전불이행,건조,맑음,교차로 - 교차로횡단보도내,이륜,남,30세,상해없음,보행자,남,42세,중상
2020071600100023,2020년 7월 16일 01시,목요일,충청남도 아산시 음봉면,중상사고,0,1,2,0,차대차 - 정면충돌,안전운전불이행,건조,맑음,교차로 - 교차로안,승용,남,26세,상해없음,승용,남,25세,경상
2020071600100062,2020년 7월 16일 06시,목요일,충청남도 예산군 응봉면,경상사고,0,0,1,0,차대차 - 측면충돌,신호위반,건조,맑음,교차로 - 교차로안,화물,남,79세,상해없음,승용,남,47세,경상
2020071600100110,2020년 7월 16일 08시,목요일,충청남도 천안시 서북구 부대동,경상사고,0,0,1,0,차대차 - 측면충돌,안전운전불이행,건조,맑음,단일로 - 기타,승용,여,32세,상해없음,승용,남,35세,경상
2020071600100111,2020년 7월 16일 08시,목요일,충청남도 천안시 서북구 쌍용동,부상신고사고,0,0,0,1,차량단독 - 공작물충돌,안전운전불이행,건조,맑음,단일로 - 기타,승용,남,30세,부상신고,,,,
2020071600100112,2020년 7월 16일 08시,목요일,충청남도 예산군 예산읍,경상사고,0,0,3,0,차대차 - 기타,중앙선침범,건조,맑음,단일로 - 기타,승용,여,64세,상해없음,승용,여,33세,경상
2020071600100113,2020년 7월 16일 08시,목요일,충청남도 당진시 읍내리,경상사고,0,0,1,0,차대차 - 추돌,안전운전불이행,건조,맑음,단일로 - 기타,승용,여,42세,상해없음,승용,여,48세,경상
2020071600100114,2020년 7월 16일 08시,목요일,충청남도 당진시 원당리,경상사고,0,0,1,0,차대차 - 측면충돌,안전운전불이행,건조,맑음,단일로 - 기타,화물,남,68세,상해없음,승용,여,27세,경상
2020071600100115,2020년 7월 16일 08시,목요일,충청남도 천안시 동남구 풍세면,경상사고,0,0,2,0,차대차 - 측면충돌,직진우회전진행방해,건조,맑음,교차로 - 교차로안,승용,남,48세,경상,승용,남,48세,경상
2020071600100182,2020년 7월 16일 10시,목요일,충청남도 서천군 마서면,경상사고,0,0,1,0,차대차 - 기타,안전운전불이행,건조,맑음,단일로 - 기타,화물,남,42세,상해없음,화물,남,47세,경상
2020071600100183,2020년 7월 16일 10시,목요일,충청남도 천안시 동남구 다가동,경상사고,0,0,1,0,차대차 - 기타,안전운전불이행,건조,맑음,기타 - 기타,승합,남,62세,상해없음,이륜,남,41세,경상
2020071600100287,2020년 7월 16일 13시,목요일,충청남도 서산시 석림동,경상사고,0,0,2,0,차대차 - 측면충돌,안전운전불이행,건조,맑음,단일로 - 기타,승용,남,63세,상해없음,화물,남,35세,경상
2020071600100288,2020년 7월 16일 13시,목요일,충청남도 천안시 서북구 불당동,경상사고,0,0,1,0,차대차 - 측면충돌,교차로운행방법위반,건조,맑음,교차로 - 교차로안,승용,여,53세,상해없음,승용,남,51세,경상
2020071600100289,2020년 7월 16일 13시,목요일,충청남도 당진시 석문면,중상사고,0,1,0,0,차대차 - 측면충돌,직진우회전진행방해,건조,맑음,교차로 - 교차로안,화물,남,62세,상해없음,승용,남,38세,중상
2020071600100290,2020년 7월 16일 13시,목요일,충청남도 천안시 동남구 다가동,중상사고,0,1,0,0,차대차 - 측면충돌,안전거리미확보,건조,맑음,단일로 - 기타,승용,남,51세,상해없음,이륜,남,25세,중상
2020071600100326,2020년 7월 16일 14시,목요일,충청남도 천안시 서북구 성성동,중상사고,0,1,0,0,차대차 - 기타,안전거리미확보,건조,맑음,단일로 - 기타,승용,여,35세,상해없음,이륜,남,30세,중상
2020071600100327,2020년 7월 16일 14시,목요일,충청남도 천안시 동남구 청당동,경상사고,0,0,1,0,차대차 - 기타,안전운전불이행,건조,맑음,기타 - 기타,건설기계,남,54세,상해없음,승용,남,58세,경상
2020071600100366,2020년 7월 16일 15시,목요일,충청남도 천안시 서북구 두정동,경상사고,0,0,1,0,차대차 - 기타,안전운전불이행,건조,맑음,단일로 - 기타,승용,남,52세,상해없음,승용,여,43세,경상
2020071600100408,2020년 7월 16일 16시,목요일,충청남도 당진시 석문면,경상사고,0,0,3,0,차대차 - 추돌,안전거리미확보,건조,맑음,단일로 - 기타,승합,남,52세,상해없음,승용,여,55세,상해없음
2020071600100409,2020년 7월 16일 16시,목요일,충청남도 천안시 동남구 청당동,경상사고,0,0,5,0,차대차 - 기타,직진우회전진행방해,건조,맑음,교차로 - 교차로안,승용,여,53세,상해없음,승용,여,35세,경상
2020071600100452,2020년 7월 16일 17시,목요일,충청남도 천안시 서북구 백석동,경상사고,0,0,1,0,차대차 - 측면충돌,차로위반,건조,맑음,기타 - 기타,승용,남,32세,상해없음,승합,남,51세,경상
2020071600100453,2020년 7월 16일 17시,목요일,충청남도 천안시 서북구 성정동,경상사고,0,0,1,0,차대사람 - 횡단중,신호위반,건조,맑음,교차로 - 교차로안,승용,여,42세,상해없음,보행자,여,16세,경상
2020071600100454,2020년 7월 16일 17시,목요일,충청남도 천안시 서북구 성환읍,경상사고,0,0,1,0,차대차 - 측면충돌,교차로운행방법위반,건조,맑음,교차로 - 교차로안,승용,남,58세,상해없음,승용,여,51세,경상
2020071600100455,2020년 7월 16일 17시,목요일,충청남도 홍성군 홍성읍,경상사고,0,0,1,0,차대차 - 측면충돌,신호위반,건조,맑음,교차로 - 교차로안,승합,남,59세,상해없음,화물,남,68세,경상
2020071600100456,2020년 7월 16일 17시,목요일,충청남도 보령시 동대동,경상사고,0,0,1,0,차대차 - 기타,안전운전불이행,건조,맑음,교차로 - 교차로횡단보도내,승용,남,67세,상해없음,자전거,남,11세,경상
2020071600100457,2020년 7월 16일 17시,목요일,충청남도 당진시 원당리,경상사고,0,0,1,0,차대차 - 추돌,안전운전불이행,건조,맑음,교차로 - 교차로안,승합,남,63세,상해없음,승용,여,51세,경상
2020071600100458,2020년 7월 16일 17시,목요일,충청남도 천안시 동남구 원성동,경상사고,0,0,2,0,차대차 - 측면충돌,교차로운행방법위반,건조,맑음,교차로 - 교차로안,승용,여,61세,상해없음,승용,남,34세,경상
2020071600100459,2020년 7월 16일 17시,목요일,충청남도 태안군 원북면,경상사고,0,0,1,0,차대차 - 추돌,안전거리미확보,건조,맑음,기타 - 기타,이륜,남,74세,경상,화물,남,51세,상해없음
2020071600100460,2020년 7월 16일 17시,목요일,충청남도 공주시 사곡면,경상사고,0,0,2,0,차대차 - 추돌,안전운전불이행,건조,맑음,기타 - 기타,화물,남,42세,상해없음,승용,남,44세,경상
2020071600100507,2020년 7월 16일 18시,목요일,충청남도 논산시 광석면,사망사고,1,0,0,0,차량단독 - 전도전복 - 전도,안전운전불이행,건조,맑음,단일로 - 기타,이륜,여,70세,사망,,,,
2020071600100508,2020년 7월 16일 18시,목요일,충청남도 논산시 취암동,경상사고,0,0,1,0,차대차 - 측면충돌,신호위반,건조,맑음,교차로 - 교차로안,화물,여,59세,상해없음,이륜,남,17세,경상
2020071600100509,2020년 7월 16일 18시,목요일,충청남도 부여군 세도면,중상사고,0,1,0,0,차대차 - 측면충돌,기타,건조,맑음,교차로 - 교차로안,승용,여,49세,상해없음,승용,여,71세,중상
2020071600100578,2020년 7월 16일 20시,목요일,충청남도 아산시 신창면,중상사고,0,1,0,0,차대사람 - 횡단중,안전운전불이행,건조,맑음,교차로 - 교차로안,승용,남,33세,상해없음,보행자,남,80세,중상
2020071600100579,2020년 7월 16일 20시,목요일,충청남도 아산시 탕정면,경상사고,0,0,1,0,차대사람 - 횡단중,안전운전불이행,건조,맑음,교차로 - 교차로부근,승용,남,61세,상해없음,보행자,여,46세,경상
2020071600100600,2020년 7월 16일 21시,목요일,충청남도 천안시 서북구 성거읍,경상사고,0,0,1,0,차대차 - 기타,안전운전불이행,건조,맑음,단일로 - 기타,기타불명,기타불명,미분류,기타불명,승용,남,30세,상해없음
2020071600100660,2020년 7월 16일 23시,목요일,충청남도 서산시 온석동,경상사고,0,0,1,0,차대차 - 측면충돌,안전운전불이행,건조,맑음,단일로 - 기타,승용,남,49세,상해없음,화물,남,55세,경상
2020071700100006,2020년 7월 17일 00시,금요일,충청남도 공주시 정안면,부상신고사고,0,0,0,1,차량단독 - 전도전복 - 전도,안전운전불이행,건조,맑음,단일로 - 기타,자전거,남,55세,부상신고,,,,
2020071700100007,2020년 7월 17일 00시,금요일,충청남도 논산시 연무읍,경상사고,0,0,2,0,차대차 - 기타,기타,건조,맑음,단일로 - 기타,특수,남,58세,상해없음,승용,남,26세,상해없음
2020071700100055,2020년 7월 17일 06시,금요일,충청남도 논산시 은진면,경상사고,0,0,3,0,차대차 - 측면충돌,신호위반,건조,맑음,교차로 - 교차로안,승용,남,20세,경상,승용,여,34세,상해없음
2020071700100056,2020년 7월 17일 06시,금요일,충청남도 아산시 탕정면,경상사고,0,0,1,0,차대차 - 추돌,안전운전불이행,건조,맑음,단일로 - 기타,승용,여,31세,상해없음,승용,여,32세,경상
2020071700100074,2020년 7월 17일 07시,금요일,충청남도 서산시 대산읍,경상사고,0,0,1,0,차대차 - 측면충돌,안전거리미확보,건조,맑음,교차로 - 교차로부근,화물,남,57세,상해없음,승용,남,49세,경상
2020071700100136,2020년 7월 17일 09시,금요일,충청남도 예산군 봉산면,경상사고,0,0,1,0,차대차 - 기타,중앙선침범,건조,맑음,교차로 - 교차로부근,승용,여,57세,상해없음,승용,여,31세,경상
2020071700100158,2020년 7월 17일 10시,금요일,충청남도 아산시 모종동,경상사고,0,0,1,0,차대차 - 기타,차로위반,건조,맑음,단일로 - 기타,승용,여,74세,상해없음,승용,여,24세,경상
2020071700100159,2020년 7월 17일 10시,금요일,충청남도 천안시 동남구 풍세면,중상사고,0,1,5,0,차대차 - 추돌,안전운전불이행,건조,맑음,단일로 - 기타,화물,남,48세,상해없음,승합,남,63세,경상
2020071700100229,2020년 7월 17일 12시,금요일,충청남도 천안시 동남구 신방동,중상사고,0,1,0,0,차대차 - 측면충돌,안전운전불이행,건조,맑음,교차로 - 교차로안,자전거,남,9세,중상,승용,여,59세,상해없음
2020071700100270,2020년 7월 17일 13시,금요일,충청남도 당진시 송산면,경상사고,0,0,1,0,차대차 - 측면충돌,안전운전불이행,건조,맑음,단일로 - 기타,건설기계,남,58세,상해없음,승용,남,38세,경상
2020071700100308,2020년 7월 17일 14시,금요일,충청남도 천안시 서북구 불당동,경상사고,0,0,2,0,차대차 - 측면충돌,안전거리미확보,건조,맑음,단일로 - 기타,승용,남,56세,상해없음,승용,여,38세,경상
2020071700100309,2020년 7월 17일 14시,금요일,충청남도 아산시 인주면,경상사고,0,0,1,0,차대차 - 기타,안전운전불이행,건조,맑음,교차로 - 교차로안,승용,남,35세,상해없음,이륜,남,51세,경상
2020071700100348,2020년 7월 17일 15시,금요일,충청남도 서산시 음암면,경상사고,0,0,1,0,차대차 - 측면충돌,과속,건조,맑음,단일로 - 기타,승용,남,30세,경상,승용,남,74세,상해없음
2020071700100349,2020년 7월 17일 15시,금요일,충청남도 부여군 부여읍,중상사고,0,1,0,0,차대차 - 측면충돌,기타,건조,맑음,단일로 - 기타,승용,여,59세,상해없음,자전거,남,7세,중상
2020071700100397,2020년 7월 17일 16시,금요일,충청남도 아산시 둔포면,경상사고,0,0,1,0,차대차 - 기타,신호위반,건조,맑음,교차로 - 교차로안,승용,남,33세,상해없음,승용,남,68세,상해없음
2020071700100398,2020년 7월 17일 16시,금요일,충청남도 공주시 금학동,경상사고,0,0,1,0,차대차 - 정면충돌,중앙선침범,건조,맑음,단일로 - 기타,승용,남,60세,상해없음,승용,남,62세,경상
2020071700100453,2020년 7월 17일 17시,금요일,충청남도 서산시 해미면,경상사고,0,0,1,0,차대차 - 측면충돌,교차로운행방법위반,건조,맑음,교차로 - 교차로안,화물,남,53세,상해없음,승용,남,48세,경상
2020071700100509,2020년 7월 17일 18시,금요일,충청남도 천안시 서북구 두정동,경상사고,0,0,3,0,차대차 - 측면충돌,안전거리미확보,건조,맑음,단일로 - 기타,승용,여,54세,상해없음,승용,남,28세,경상
2020071700100557,2020년 7월 17일 19시,금요일,충청남도 천안시 서북구 불당동,부상신고사고,0,0,0,1,차량단독 - 전도전복 - 전도,안전운전불이행,건조,맑음,단일로 - 기타,이륜,남,19세,부상신고,,,,
2020071700100558,2020년 7월 17일 19시,금요일,충청남도 천안시 서북구 쌍용동,경상사고,0,0,2,0,차대차 - 추돌,안전거리미확보,건조,맑음,단일로 - 기타,승용,남,52세,상해없음,승용,남,25세,경상
2020071700100559,2020년 7월 17일 19시,금요일,충청남도 아산시 법곡동,중상사고,0,1,0,0,차대차 - 정면충돌,안전운전불이행,건조,맑음,교차로 - 교차로안,승용,여,40세,상해없음,이륜,남,38세,중상
2020071700100560,2020년 7월 17일 19시,금요일,충청남도 서천군 종천면,경상사고,0,0,3,0,차대차 - 측면충돌,신호위반,건조,맑음,교차로 - 교차로안,승용,남,32세,경상,승용,남,38세,경상
2020071700100605,2020년 7월 17일 20시,금요일,충청남도 천안시 서북구 입장면,경상사고,0,0,1,0,차대차 - 측면충돌,안전운전불이행,건조,맑음,단일로 - 기타,승합,남,66세,상해없음,승용,남,62세,상해없음
2020071700100606,2020년 7월 17일 20시,금요일,충청남도 논산시 연산면,중상사고,0,1,1,0,차대차 - 추돌,안전운전불이행,건조,맑음,단일로 - 기타,화물,남,44세,경상,농기계,남,76세,중상
2020071700100607,2020년 7월 17일 20시,금요일,충청남도 홍성군 홍성읍,경상사고,0,0,1,0,차대차 - 측면충돌,중앙선침범,건조,맑음,단일로 - 기타,승용,여,44세,상해없음,원동기,남,23세,경상
2020071700100608,2020년 7월 17일 20시,금요일,충청남도 홍성군 홍성읍,경상사고,0,0,1,0,차대차 - 측면충돌,안전운전불이행,건조,맑음,교차로 - 교차로안,승용,여,51세,상해없음,승용,남,53세,경상
2020071700100609,2020년 7월 17일 20시,금요일,충청남도 부여군 부여읍,중상사고,0,1,0,0,차대사람 - 횡단중,보행자보호의무위반,건조,맑음,단일로 - 기타,승용,남,75세,상해없음,보행자,남,77세,중상
2020071700100610,2020년 7월 17일 20시,금요일,충청남도 천안시 동남구 원성동,경상사고,0,0,1,0,차대차 - 측면충돌,신호위반,건조,맑음,교차로 - 교차로안,이륜,남,28세,기타불명,이륜,남,50세,경상
2020071800100008,2020년 7월 18일 00시,토요일,충청남도 당진시 송산면,사망사고,1,0,0,0,차대사람 - 기타,과속,건조,맑음,단일로 - 기타,승용,남,35세,상해없음,보행자,남,40세,사망
2020071800100066,2020년 7월 18일 05시,토요일,충청남도 서산시 음암면,경상사고,0,0,3,0,차대차 - 추돌,안전운전불이행,건조,맑음,교차로 - 교차로안,승용,남,57세,상해없음,승용,남,44세,경상
2020071800100077,2020년 7월 18일 06시,토요일,충청남도 논산시 상월면,중상사고,0,2,0,1,차량단독 - 공작물충돌,안전운전불이행,건조,맑음,단일로 - 기타,승용,여,36세,부상신고,,,,
2020071800100104,2020년 7월 18일 08시,토요일,충청남도 천안시 서북구 성거읍,경상사고,0,0,2,0,차대차 - 추돌,안전거리미확보,건조,맑음,단일로 - 기타,승용,남,22세,상해없음,승용,여,28세,경상
2020071800100105,2020년 7월 18일 08시,토요일,충청남도 아산시 배방읍,경상사고,0,0,1,0,차량단독 - 기타,기타,건조,맑음,단일로 - 기타,승합,남,52세,상해없음,,,,
2020071800100128,2020년 7월 18일 09시,토요일,충청남도 아산시 배방읍,경상사고,0,0,1,0,차대사람 - 횡단중,보행자보호의무위반,건조,맑음,교차로 - 교차로횡단보도내,승용,여,36세,상해없음,보행자,여,81세,경상
2020071800100129,2020년 7월 18일 09시,토요일,충청남도 서천군 마서면,경상사고,0,0,1,0,차대차 - 측면충돌,신호위반,건조,맑음,교차로 - 교차로안,화물,남,31세,상해없음,화물,여,65세,경상
2020071800100130,2020년 7월 18일 09시,토요일,충청남도 공주시 정안면,경상사고,0,0,1,0,차대차 - 기타,중앙선침범,건조,맑음,단일로 - 기타,승용,남,80세,상해없음,이륜,남,41세,경상
2020071800100131,2020년 7월 18일 09시,토요일,충청남도 태안군 이원면,경상사고,0,0,2,0,차대차 - 추돌,안전운전불이행,건조,맑음,단일로 - 기타,승용,남,49세,상해없음,화물,남,66세,경상
2020071800100154,2020년 7월 18일 10시,토요일,충청남도 부여군 부여읍,중상사고,0,1,0,0,차대차 - 측면충돌,안전운전불이행,건조,맑음,교차로 - 교차로안,화물,남,76세,상해없음,자전거,남,76세,중상
2020071800100189,2020년 7월 18일 11시,토요일,충청남도 천안시 동남구 목천읍,경상사고,0,0,5,0,차대차 - 추돌,안전운전불이행,젖음/습기,맑음,교차로 - 교차로안,화물,남,60세,상해없음,승용,남,29세,경상
2020071800100223,2020년 7월 18일 12시,토요일,충청남도 서산시 성연면,중상사고,0,1,0,0,차대사람 - 횡단중,신호위반,건조,맑음,교차로 - 교차로횡단보도내,승용,여,57세,상해없음,보행자,여,34세,중상
2020071800100224,2020년 7월 18일 12시,토요일,충청남도 천안시 서북구 성환읍,경상사고,0,0,4,0,차대차 - 측면충돌,직진우회전진행방해,건조,맑음,교차로 - 교차로안,승용,남,53세,상해없음,승용,남,20세,경상
2020071800100225,2020년 7월 18일 12시,토요일,충청남도 아산시 온천동,경상사고,0,0,1,0,차대차 - 추돌,안전운전불이행,건조,맑음,교차로 - 교차로부근,승합,남,53세,상해없음,승용,여,53세,경상
2020071800100226,2020년 7월 18일 12시,토요일,충청남도 보령시 웅천읍,경상사고,0,0,1,0,차대차 - 측면충돌,안전운전불이행,건조,맑음,교차로 - 교차로부근,원동기,남,65세,경상,건설기계,남,58세,상해없음
2020071800100227,2020년 7월 18일 12시,토요일,충청남도 공주시 계룡면,경상사고,0,0,1,0,차량단독 - 공작물충돌,안전운전불이행,건조,맑음,교차로 - 교차로부근,승용,남,26세,상해없음,,,,
2020071800100270,2020년 7월 18일 13시,토요일,충청남도 공주시 계룡면,중상사고,0,1,0,0,차대사람 - 기타,안전운전불이행,건조,맑음,교차로 - 교차로부근,승용,남,53세,상해없음,보행자,남,48세,중상
2020071800100271,2020년 7월 18일 13시,토요일,충청남도 예산군 덕산면,중상사고,0,1,4,0,차대차 - 추돌,안전운전불이행,건조,맑음,교차로 - 교차로안,이륜,남,53세,중상,승용,여,37세,경상
2020071800100313,2020년 7월 18일 14시,토요일,충청남도 서산시 동문동,부상신고사고,0,0,0,1,차대사람 - 기타,기타,건조,맑음,단일로 - 기타,이륜,남,31세,상해없음,보행자,남,51세,부상신고
2020071800100314,2020년 7월 18일 14시,토요일,충청남도 홍성군 갈산면,경상사고,0,0,2,0,차대차 - 추돌,안전운전불이행,건조,맑음,교차로 - 교차로부근,승용,남,57세,상해없음,승용,남,60세,경상
2020071800100315,2020년 7월 18일 14시,토요일,충청남도 금산군 금산읍,경상사고,0,0,1,0,차대차 - 측면충돌,교차로운행방법위반,건조,맑음,교차로 - 교차로안,승용,남,61세,상해없음,이륜,남,42세,경상
2020071800100468,2020년 7월 18일 18시,토요일,충청남도 아산시 배방읍,경상사고,0,0,1,0,차대차 - 측면충돌,교차로운행방법위반,건조,맑음,교차로 - 교차로안,이륜,남,20세,상해없음,자전거,여,32세,경상
2020071800100567,2020년 7월 18일 21시,토요일,충청남도 천안시 동남구 신부동,중상사고,0,1,0,0,차대차 - 기타,중앙선침범,건조,맑음,교차로 - 교차로부근,승용,남,67세,상해없음,사륜오토바이(ATV),남,38세,중상
2020071800100568,2020년 7월 18일 21시,토요일,충청남도 천안시 동남구 청당동,중상사고,0,1,0,0,차량단독 - 전도전복 - 전도,안전운전불이행,건조,맑음,교차로 - 교차로안,이륜,남,77세,중상,,,,
2020071800100597,2020년 7월 18일 22시,토요일,충청남도 보령시 화산동,경상사고,0,0,1,0,차대차 - 측면충돌,중앙선침범,건조,맑음,교차로 - 교차로부근,승용,여,63세,상해없음,승용,남,22세,경상
2020071800100598,2020년 7월 18일 22시,토요일,충청남도 부여군 부여읍,중상사고,0,3,0,0,차량단독 - 공작물충돌,안전운전불이행,젖음/습기,비,단일로 - 기타,승용,남,28세,중상,,,,
2020071800100620,2020년 7월 18일 23시,토요일,충청남도 아산시 온천동,경상사고,0,0,1,0,차대사람 - 횡단중,안전운전불이행,건조,맑음,단일로 - 기타,승용,남,60세,상해없음,보행자,여,24세,경상
2020071900100039,2020년 7월 19일 02시,일요일,충청남도 서천군 서천읍,사망사고,1,0,0,0,차량단독 - 도로외이탈 - 추락,안전운전불이행,젖음/습기,비,단일로 - 기타,화물,남,71세,사망,,,,
2020071900100070,2020년 7월 19일 05시,일요일,충청남도 태안군 태안읍,중상사고,0,1,0,0,차대차 - 측면충돌,신호위반,젖음/습기,비,교차로 - 교차로안,승용,여,52세,상해없음,승용,여,59세,중상
2020071900100118,2020년 7월 19일 10시,일요일,충청남도 부여군 부여읍,경상사고,0,0,1,0,차대차 - 정면충돌,신호위반,건조,맑음,교차로 - 교차로안,화물,남,61세,상해없음,승합,남,56세,상해없음
2020071900100162,2020년 7월 19일 12시,일요일,충청남도 공주시 사곡면,중상사고,0,1,0,0,차량단독 - 기타,안전운전불이행,건조,맑음,단일로 - 기타,이륜,남,41세,중상,,,,
2020071900100228,2020년 7월 19일 15시,일요일,충청남도 당진시 읍내리,중상사고,0,1,0,0,차대차 - 기타,안전운전불이행,건조,맑음,기타 - 기타,승용,남,65세,상해없음,승용,남,66세,기타불명
2020071900100260,2020년 7월 19일 16시,일요일,충청남도 천안시 서북구 두정동,중상사고,0,1,0,0,차대차 - 측면충돌,교차로운행방법위반,건조,맑음,교차로 - 교차로안,승용,여,51세,상해없음,화물,남,39세,중상
2020071900100261,2020년 7월 19일 16시,일요일,충청남도 당진시 대덕리,중상사고,0,1,0,0,차대사람 - 기타,안전운전불이행,건조,맑음,교차로 - 교차로부근,승용,남,42세,상해없음,보행자,여,54세,중상
2020071900100283,2020년 7월 19일 17시,일요일,충청남도 천안시 서북구 성정동,경상사고,0,0,1,0,차대차 - 측면충돌,교차로운행방법위반,건조,맑음,교차로 - 교차로안,승합,남,55세,상해없음,이륜,남,34세,경상
2020071900100347,2020년 7월 19일 19시,일요일,충청남도 서산시 읍내동,중상사고,0,1,0,0,차대차 - 정면충돌,신호위반,건조,맑음,교차로 - 교차로안,승용,여,55세,상해없음,이륜,남,28세,중상
2020071900100348,2020년 7월 19일 19시,일요일,충청남도 계룡시 엄사면,중상사고,0,1,0,0,차량단독 - 전도전복 - 전도,안전운전불이행,건조,맑음,교차로 - 교차로안,이륜,남,18세,중상,,,,
2020071900100349,2020년 7월 19일 19시,일요일,충청남도 공주시 월송동,경상사고,0,0,2,0,차대차 - 정면충돌,안전운전불이행,젖음/습기,비,교차로 - 교차로안,승용,여,54세,기타불명,승용,남,33세,경상
2020071900100373,2020년 7월 19일 20시,일요일,충청남도 천안시 동남구 청당동,중상사고,0,1,0,0,차대사람 - 횡단중,보행자보호의무위반,건조,맑음,교차로 - 교차로횡단보도내,승용,여,57세,상해없음,보행자,남,57세,중상
2020071900100411,2020년 7월 19일 22시,일요일,충청남도 천안시 서북구 성정동,경상사고,0,0,1,0,차대차 - 추돌,안전운전불이행,건조,맑음,교차로 - 교차로부근,승합,남,52세,상해없음,이륜,남,37세,경상
2020072000100031,2020년 7월 20일 04시,월요일,충청남도 공주시 정안면,중상사고,0,2,0,0,차대차 - 기타,안전운전불이행,젖음/습기,비,단일로 - 기타,승용,남,29세,중상,승용,남,40세,상해없음
2020072000100061,2020년 7월 20일 07시,월요일,충청남도 서천군 서천읍,경상사고,0,0,1,0,차대차 - 측면충돌,안전운전불이행,젖음/습기,비,교차로 - 교차로부근,화물,남,61세,상해없음,화물,남,60세,경상
2020072000100102,2020년 7월 20일 08시,월요일,충청남도 천안시 동남구 청수동,경상사고,0,0,1,0,차대사람 - 기타,안전운전불이행,건조,맑음,단일로 - 기타,승용,여,39세,상해없음,보행자,남,43세,경상
2020072000100136,2020년 7월 20일 09시,월요일,충청남도 천안시 서북구 쌍용동,경상사고,0,0,1,0,차대차 - 측면충돌,안전거리미확보,건조,맑음,교차로 - 교차로부근,승용,남,56세,상해없음,승용,여,41세,경상
2020072000100137,2020년 7월 20일 09시,월요일,충청남도 아산시 권곡동,경상사고,0,0,1,0,차대차 - 정면충돌,안전운전불이행,건조,맑음,교차로 - 교차로안,승합,남,59세,상해없음,승합,여,41세,경상
2020072000100138,2020년 7월 20일 09시,월요일,충청남도 보령시 동대동,경상사고,0,0,1,0,차대차 - 추돌,안전운전불이행,건조,맑음,단일로 - 기타,화물,남,49세,상해없음,화물,남,43세,경상