사고번호,사고일시,요일,시군구,사고내용,사망자수,중상자수,경상자수,부상신고자수,사고유형,법규위반,노면상태,기상상태,도로형태,가해운전자 차종,가해운전자 성별,가해운전자 연령,가해운전자 상해정도,피해운전자 차종,피해운전자 성별,피해운전자 연령,피해운전자 상해정도
2020072000100139,2020년 7월 20일 09시,월요일,충청남도 예산군 예산읍,사망사고,1,0,0,0,차대차 - 측면충돌,직진우회전진행방해,건조,흐림,교차로 - 교차로안,이륜,남,85세,사망,승용,남,54세,상해없음
2020072000100167,2020년 7월 20일 10시,월요일,충청남도 홍성군 홍성읍,중상사고,0,1,0,0,차대차 - 측면충돌,직진우회전진행방해,젖음/습기,비,교차로 - 교차로안,사륜오토바이(ATV),남,81세,중상,화물,남,33세,상해없음
2020072000100193,2020년 7월 20일 11시,월요일,충청남도 서산시 고북면,중상사고,0,1,0,0,차량단독 - 전도전복 - 전도,안전운전불이행,건조,흐림,단일로 - 기타,이륜,남,69세,중상,,,,
2020072000100194,2020년 7월 20일 11시,월요일,충청남도 천안시 서북구 성환읍,사망사고,1,0,0,0,차대차 - 측면충돌,안전운전불이행,건조,맑음,교차로 - 교차로안,승용,남,59세,상해없음,이륜,남,82세,사망
2020072000100223,2020년 7월 20일 12시,월요일,충청남도 아산시 온천동,경상사고,0,0,1,0,차대차 - 기타,안전운전불이행,건조,맑음,교차로 - 교차로안,승용,남,37세,상해없음,승용,남,61세,경상
2020072000100224,2020년 7월 20일 12시,월요일,충청남도 예산군 신암면,경상사고,0,0,1,0,차대차 - 측면충돌,직진우회전진행방해,건조,맑음,교차로 - 교차로부근,승용,남,30세,상해없음,이륜,남,44세,경상
2020072000100288,2020년 7월 20일 14시,월요일,충청남도 천안시 동남구 영성동,경상사고,0,0,1,0,차대차 - 측면충돌,안전운전불이행,건조,맑음,단일로 - 기타,승용,남,48세,상해없음,승용,여,50세,경상
2020072000100344,2020년 7월 20일 16시,월요일,충청남도 당진시 합덕읍,경상사고,0,0,2,0,차대차 - 측면충돌,기타,건조,맑음,교차로 - 교차로안,화물,남,59세,상해없음,승용,남,60세,경상
2020072000100345,2020년 7월 20일 16시,월요일,충청남도 당진시 석문면,경상사고,0,0,1,0,차대차 - 추돌,안전거리미확보,건조,맑음,단일로 - 기타,화물,남,52세,상해없음,승용,남,28세,경상
2020072000100380,2020년 7월 20일 17시,월요일,충청남도 서산시 동문동,중상사고,0,1,0,0,차대차 - 측면충돌,교차로운행방법위반,건조,맑음,교차로 - 교차로안,승용,여,54세,상해없음,이륜,남,52세,중상
2020072000100381,2020년 7월 20일 17시,월요일,충청남도 천안시 서북구 쌍용동,경상사고,0,0,1,0,차대차 - 후진중충돌,안전운전불이행,건조,맑음,단일로 - 기타,화물,남,68세,상해없음,이륜,남,44세,경상
2020072000100419,2020년 7월 20일 18시,월요일,충청남도 아산시 신창면,중상사고,0,1,0,0,차대사람 - 차도통행중,안전운전불이행,젖음/습기,흐림,교차로 - 교차로안,승용,여,38세,상해없음,보행자,남,75세,중상
2020072000100482,2020년 7월 20일 20시,월요일,충청남도 천안시 서북구 성정동,경상사고,0,0,2,0,차대차 - 추돌,안전운전불이행,건조,맑음,교차로 - 교차로부근,승용,남,39세,상해없음,승용,여,44세,경상
2020072000100506,2020년 7월 20일 21시,월요일,충청남도 천안시 서북구 쌍용동,중상사고,0,1,0,0,차대차 - 측면충돌,안전운전불이행,건조,맑음,단일로 - 기타,승용,남,79세,상해없음,개인형이동수단(PM),남,43세,중상
2020072000100527,2020년 7월 20일 22시,월요일,충청남도 공주시 금학동,경상사고,0,0,1,0,차량단독 - 기타,안전운전불이행,젖음/습기,맑음,단일로 - 터널,이륜,남,19세,경상,,,,
2020072100100028,2020년 7월 21일 01시,화요일,충청남도 천안시 서북구 성정동,중상사고,0,1,0,0,차대사람 - 기타,안전운전불이행,건조,맑음,단일로 - 기타,승합,남,24세,상해없음,보행자,남,33세,중상
2020072100100029,2020년 7월 21일 01시,화요일,충청남도 천안시 서북구 신당동,중상사고,0,1,0,0,차대사람 - 기타,안전운전불이행,건조,맑음,단일로 - 기타,승용,여,57세,상해없음,보행자,남,18세,중상
2020072100100064,2020년 7월 21일 05시,화요일,충청남도 아산시 배방읍,경상사고,0,0,1,0,차대차 - 정면충돌,안전운전불이행,건조,맑음,교차로 - 교차로안,화물,남,67세,상해없음,승용,남,23세,경상
2020072100100073,2020년 7월 21일 06시,화요일,충청남도 공주시 금흥동,경상사고,0,0,1,0,차대차 - 측면충돌,중앙선침범,건조,맑음,교차로 - 교차로부근,승용,남,66세,상해없음,승용,여,51세,경상
2020072100100166,2020년 7월 21일 10시,화요일,충청남도 아산시 송악면,사망사고,1,0,0,0,차대사람 - 기타,안전운전불이행,건조,맑음,단일로 - 기타,건설기계,남,33세,상해없음,보행자,남,56세,사망
2020072100100204,2020년 7월 21일 11시,화요일,충청남도 서산시 읍내동,부상신고사고,0,0,0,1,차대차 - 측면충돌,신호위반,건조,흐림,교차로 - 교차로안,승용,남,61세,상해없음,승용,남,51세,부상신고
2020072100100205,2020년 7월 21일 11시,화요일,충청남도 천안시 서북구 불당동,중상사고,0,1,1,0,차대차 - 측면충돌,안전운전불이행,건조,맑음,교차로 - 교차로횡단보도내,이륜,남,60세,중상,승용,남,29세,경상
2020072100100206,2020년 7월 21일 11시,화요일,충청남도 서천군 장항읍,경상사고,0,0,2,0,차대차 - 측면충돌,안전운전불이행,건조,맑음,교차로 - 교차로부근,화물,남,43세,상해없음,승용,남,62세,경상
2020072100100279,2020년 7월 21일 13시,화요일,충청남도 청양군 청양읍,중상사고,0,1,0,0,차대차 - 정면충돌,직진우회전진행방해,건조,맑음,교차로 - 교차로안,승용,남,60세,상해없음,승용,남,27세,중상
2020072100100280,2020년 7월 21일 13시,화요일,충청남도 천안시 동남구 봉명동,경상사고,0,0,1,0,차대차 - 기타,안전운전불이행,건조,맑음,단일로 - 기타,화물,남,70세,상해없음,승용,여,47세,경상
2020072100100398,2020년 7월 21일 16시,화요일,충청남도 서산시 운산면,경상사고,0,0,1,0,차대차 - 측면충돌,차로위반,건조,맑음,단일로 - 기타,승용,여,59세,상해없음,승용,남,63세,경상
2020072100100399,2020년 7월 21일 16시,화요일,충청남도 천안시 서북구 백석동,경상사고,0,0,2,1,차대차 - 측면충돌,중앙선침범,건조,맑음,단일로 - 기타,원동기,여,24세,부상신고,승용,여,40세,경상
2020072100100400,2020년 7월 21일 16시,화요일,충청남도 아산시 염치읍,중상사고,0,2,0,0,차대차 - 추돌,안전운전불이행,건조,맑음,교차로 - 교차로부근,건설기계,남,48세,상해없음,특수,남,47세,중상
2020072100100427,2020년 7월 21일 17시,화요일,충청남도 공주시 신관동,경상사고,0,0,1,0,차대차 - 측면충돌,안전운전불이행,건조,맑음,교차로 - 교차로안,승용,남,51세,상해없음,승용,여,32세,경상
2020072100100428,2020년 7월 21일 17시,화요일,충청남도 금산군 남일면,경상사고,0,0,2,0,차대차 - 정면충돌,중앙선침범,건조,맑음,단일로 - 기타,승용,여,59세,경상,화물,남,64세,경상
2020072100100429,2020년 7월 21일 17시,화요일,충청남도 천안시 동남구 신방동,경상사고,0,0,1,0,차대차 - 측면충돌,안전거리미확보,건조,맑음,단일로 - 기타,건설기계,남,55세,상해없음,승용,남,51세,경상
2020072100100477,2020년 7월 21일 18시,화요일,충청남도 서산시 동문동,부상신고사고,0,0,0,1,차대차 - 기타,안전운전불이행,건조,맑음,교차로 - 교차로안,이륜,남,53세,부상신고,승용,남,51세,상해없음
2020072100100478,2020년 7월 21일 18시,화요일,충청남도 홍성군 홍성읍,중상사고,0,1,0,0,차대사람 - 기타,안전운전불이행,건조,맑음,단일로 - 기타,승용,여,53세,상해없음,보행자,여,24세,중상
2020072100100479,2020년 7월 21일 18시,화요일,충청남도 천안시 동남구 목천읍,중상사고,0,1,0,0,차대차 - 측면충돌,교차로운행방법위반,건조,맑음,교차로 - 교차로안,승용,여,39세,상해없음,이륜,남,37세,중상
2020072100100518,2020년 7월 21일 19시,화요일,충청남도 논산시 화지동,중상사고,0,1,3,0,차대차 - 측면충돌,직진우회전진행방해,건조,맑음,교차로 - 교차로안,승용,남,43세,상해없음,승용,남,47세,경상
2020072100100519,2020년 7월 21일 19시,화요일,충청남도 계룡시 엄사면,경상사고,0,0,2,0,차대차 - 측면충돌,직진우회전진행방해,건조,맑음,교차로 - 교차로안,승용,남,49세,상해없음,승용,여,45세,경상
2020072100100520,2020년 7월 21일 19시,화요일,충청남도 부여군 세도면,중상사고,0,2,0,0,차량단독 - 도로외이탈 - 추락,안전운전불이행,건조,맑음,단일로 - 기타,농기계,남,86세,중상,,,,
2020072100100548,2020년 7월 21일 20시,화요일,충청남도 서산시 석림동,사망사고,1,0,0,0,차대사람 - 횡단중,신호위반,건조,맑음,교차로 - 교차로부근,승용,남,66세,상해없음,보행자,여,54세,사망
2020072100100549,2020년 7월 21일 20시,화요일,충청남도 아산시 탕정면,중상사고,0,1,0,0,차대사람 - 횡단중,안전운전불이행,건조,맑음,단일로 - 기타,승용,남,44세,상해없음,보행자,여,65세,중상
2020072100100574,2020년 7월 21일 21시,화요일,충청남도 논산시 채운면,중상사고,0,1,0,0,차대차 - 추돌,안전운전불이행,건조,맑음,단일로 - 기타,승용,남,34세,상해없음,농기계,남,67세,중상
2020072100100575,2020년 7월 21일 21시,화요일,충청남도 홍성군 홍북읍,경상사고,0,0,1,0,차대차 - 추돌,안전운전불이행,건조,맑음,단일로 - 기타,승용,남,45세,상해없음,승용,여,42세,경상
2020072100100576,2020년 7월 21일 21시,화요일,충청남도 공주시 송선동,경상사고,0,0,5,0,차대차 - 측면충돌,안전거리미확보,건조,맑음,교차로 - 교차로부근,승용,여,41세,경상,승용,남,31세,경상
2020072100100595,2020년 7월 21일 22시,화요일,충청남도 아산시 배방읍,경상사고,0,0,2,0,차대차 - 추돌,안전운전불이행,건조,맑음,교차로 - 교차로부근,승용,여,41세,상해없음,승용,남,53세,경상
2020072100100596,2020년 7월 21일 22시,화요일,충청남도 당진시 신평면,중상사고,0,1,0,0,차대차 - 추돌,안전거리미확보,건조,흐림,단일로 - 기타,승용,남,38세,상해없음,승용,여,34세,중상
2020072200100060,2020년 7월 22일 05시,수요일,충청남도 아산시 배방읍,경상사고,0,0,1,0,차대사람 - 횡단중,신호위반,젖음/습기,비,교차로 - 교차로횡단보도내,승용,남,61세,상해없음,보행자,남,44세,경상
2020072200100175,2020년 7월 22일 09시,수요일,충청남도 천안시 서북구 불당동,부상신고사고,0,0,0,1,차대차 - 측면충돌,교차로운행방법위반,건조,맑음,교차로 - 교차로안,승용,여,23세,상해없음,승합,남,55세,부상신고
2020072200100176,2020년 7월 22일 09시,수요일,충청남도 홍성군 홍성읍,중상사고,0,1,0,0,차대사람 - 보도통행중,기타,젖음/습기,흐림,기타 - 기타,화물,남,40세,상해없음,보행자,남,73세,중상
2020072200100177,2020년 7월 22일 09시,수요일,충청남도 천안시 동남구 신방동,중상사고,0,1,0,0,차대차 - 측면충돌,안전운전불이행,건조,맑음,단일로 - 기타,화물,남,27세,상해없음,승용,남,21세,중상
2020072200100211,2020년 7월 22일 10시,수요일,충청남도 청양군 청양읍,중상사고,0,1,0,0,차량단독 - 전도전복 - 전복,안전운전불이행,건조,맑음,단일로 - 기타,승용,남,48세,중상,,,,
2020072200100246,2020년 7월 22일 11시,수요일,충청남도 천안시 서북구 성정동,경상사고,0,0,1,0,차대차 - 측면충돌,안전운전불이행,건조,맑음,단일로 - 기타,승용,남,60세,상해없음,승용,남,40세,경상
2020072200100247,2020년 7월 22일 11시,수요일,충청남도 천안시 동남구 광덕면,중상사고,0,2,1,0,차대차 - 추돌,안전운전불이행,건조,맑음,교차로 - 교차로부근,승용,남,25세,상해없음,승용,남,26세,중상
2020072200100277,2020년 7월 22일 12시,수요일,충청남도 아산시 좌부동,중상사고,0,1,0,0,차대사람 - 기타,보행자보호의무위반,젖음/습기,비,교차로 - 교차로안,화물,남,36세,상해없음,보행자,남,80세,중상
2020072200100303,2020년 7월 22일 13시,수요일,충청남도 서산시 음암면,경상사고,0,0,2,0,차대차 - 측면충돌,기타,건조,흐림,단일로 - 기타,승합,남,40세,상해없음,승용,여,40세,경상
2020072200100304,2020년 7월 22일 13시,수요일,충청남도 서산시 석림동,경상사고,0,0,1,0,차대사람 - 기타,안전운전불이행,건조,맑음,기타 - 기타,승용,남,55세,상해없음,보행자,남,56세,경상
2020072200100305,2020년 7월 22일 13시,수요일,충청남도 서천군 서천읍,중상사고,0,1,0,0,차대사람 - 횡단중,안전운전불이행,건조,맑음,교차로 - 교차로부근,승용,남,27세,상해없음,보행자,여,69세,중상
2020072200100328,2020년 7월 22일 14시,수요일,충청남도 천안시 서북구 성정동,경상사고,0,0,2,1,차대차 - 추돌,안전운전불이행,건조,맑음,단일로 - 기타,승용,남,33세,부상신고,승용,남,62세,경상
2020072200100372,2020년 7월 22일 15시,수요일,충청남도 천안시 서북구 성성동,경상사고,0,0,1,0,차대차 - 정면충돌,안전운전불이행,건조,맑음,단일로 - 기타,승용,남,54세,상해없음,승용,여,43세,경상
2020072200100373,2020년 7월 22일 15시,수요일,충청남도 당진시 읍내리,중상사고,0,1,0,0,차대사람 - 길가장자리구역통행중,안전운전불이행,젖음/습기,비,단일로 - 기타,승용,남,50세,상해없음,보행자,여,86세,중상
2020072200100400,2020년 7월 22일 16시,수요일,충청남도 서산시 동문동,경상사고,0,0,1,0,차대차 - 측면충돌,안전운전불이행,건조,맑음,단일로 - 기타,승용,남,60세,상해없음,승용,남,23세,경상
2020072200100401,2020년 7월 22일 16시,수요일,충청남도 천안시 동남구 원성동,경상사고,0,0,2,0,차대차 - 측면충돌,안전운전불이행,건조,맑음,단일로 - 기타,승용,남,77세,상해없음,승용,여,62세,경상
2020072200100442,2020년 7월 22일 17시,수요일,충청남도 아산시 온천동,중상사고,0,1,0,0,차대차 - 기타,안전운전불이행,건조,맑음,교차로 - 교차로안,승용,남,59세,상해없음,이륜,남,40세,중상
2020072200100443,2020년 7월 22일 17시,수요일,충청남도 천안시 동남구 청당동,중상사고,0,1,0,0,차대차 - 추돌,안전운전불이행,건조,맑음,교차로 - 교차로부근,승용,여,56세,상해없음,승용,여,42세,중상
2020072200100491,2020년 7월 22일 18시,수요일,충청남도 천안시 서북구 두정동,경상사고,0,0,1,0,차대차 - 기타,안전운전불이행,건조,맑음,교차로 - 교차로부근,이륜,남,25세,상해없음,승합,남,60세,상해없음
2020072200100492,2020년 7월 22일 18시,수요일,충청남도 서천군 서천읍,경상사고,0,0,1,0,차대차 - 측면충돌,신호위반,건조,맑음,교차로 - 교차로안,화물,남,67세,상해없음,승용,남,64세,경상
2020072200100493,2020년 7월 22일 18시,수요일,충청남도 보령시 궁촌동,중상사고,0,3,0,0,차대차 - 기타,안전거리미확보,건조,맑음,단일로 - 기타,승용,남,71세,상해없음,화물,남,66세,중상
2020072200100536,2020년 7월 22일 19시,수요일,충청남도 천안시 서북구 불당동,경상사고,0,0,1,0,차대차 - 측면충돌,신호위반,건조,맑음,교차로 - 교차로안,승합,남,41세,상해없음,승용,남,37세,경상
2020072200100573,2020년 7월 22일 20시,수요일,충청남도 아산시 용화동,중상사고,0,1,0,0,차대차 - 기타,안전운전불이행,건조,흐림,교차로 - 교차로안,승용,여,53세,상해없음,이륜,남,28세,중상
2020072200100604,2020년 7월 22일 21시,수요일,충청남도 천안시 서북구 쌍용동,경상사고,0,0,1,0,차대차 - 후진중충돌,안전운전불이행,건조,맑음,단일로 - 기타,승용,여,55세,상해없음,이륜,남,37세,경상
2020072200100605,2020년 7월 22일 21시,수요일,충청남도 천안시 서북구 백석동,경상사고,0,0,4,0,차대차 - 추돌,안전운전불이행,건조,맑음,교차로 - 교차로부근,승용,남,32세,상해없음,승용,여,25세,경상
2020072200100606,2020년 7월 22일 21시,수요일,충청남도 아산시 풍기동,경상사고,0,0,1,0,차대차 - 측면충돌,안전운전불이행,건조,맑음,단일로 - 기타,승용,여,42세,상해없음,승용,남,48세,경상
2020072200100607,2020년 7월 22일 21시,수요일,충청남도 공주시 신관동,중상사고,0,1,1,0,차대차 - 기타,신호위반,건조,맑음,교차로 - 교차로안,이륜,남,29세,중상,승용,남,39세,경상
2020072200100633,2020년 7월 22일 22시,수요일,충청남도 천안시 서북구 두정동,경상사고,0,0,1,0,차대사람 - 횡단중,안전운전불이행,건조,맑음,교차로 - 교차로횡단보도내,승용,남,63세,상해없음,보행자,남,36세,경상
2020072300100007,2020년 7월 23일 00시,목요일,충청남도 천안시 서북구 쌍용동,경상사고,0,0,5,0,차대차 - 추돌,안전운전불이행,건조,맑음,단일로 - 기타,승합,남,40세,상해없음,승용,남,63세,경상
2020072300100080,2020년 7월 23일 07시,목요일,충청남도 아산시 득산동,경상사고,0,0,1,0,차대차 - 측면충돌,차로위반,젖음/습기,흐림,단일로 - 기타,승용,여,58세,상해없음,승용,남,41세,경상
2020072300100140,2020년 7월 23일 09시,목요일,충청남도 천안시 서북구 성거읍,중상사고,0,1,0,0,차대차 - 측면충돌,안전운전불이행,젖음/습기,비,교차로 - 교차로부근,화물,남,61세,상해없음,승용,여,47세,중상
2020072300100167,2020년 7월 23일 10시,목요일,충청남도 천안시 서북구 성거읍,경상사고,0,0,2,0,차대차 - 추돌,안전운전불이행,건조,맑음,단일로 - 기타,승용,남,24세,상해없음,화물,남,60세,경상
2020072300100220,2020년 7월 23일 12시,목요일,충청남도 서산시 동문동,경상사고,0,0,2,0,차대차 - 측면충돌,직진우회전진행방해,젖음/습기,비,교차로 - 교차로안,승용,남,35세,경상,승용,남,76세,경상
2020072300100221,2020년 7월 23일 12시,목요일,충청남도 공주시 송선동,중상사고,0,1,0,0,차대차 - 측면충돌,중앙선침범,젖음/습기,비,단일로 - 기타,화물,남,59세,상해없음,이륜,남,55세,중상
2020072300100222,2020년 7월 23일 12시,목요일,충청남도 공주시 사곡면,사망사고,2,0,0,0,차량단독 - 공작물충돌,안전운전불이행,젖음/습기,비,단일로 - 기타,승용,남,77세,사망,,,,
2020072300100252,2020년 7월 23일 13시,목요일,충청남도 아산시 권곡동,경상사고,0,0,1,0,차대차 - 기타,안전운전불이행,젖음/습기,비,교차로 - 교차로부근,승용,남,62세,기타불명,승용,남,22세,경상
2020072300100283,2020년 7월 23일 14시,목요일,충청남도 금산군 금산읍,경상사고,0,0,1,0,차대차 - 측면충돌,직진우회전진행방해,젖음/습기,비,교차로 - 교차로안,승용,여,31세,상해없음,이륜,남,60세,경상
2020072300100284,2020년 7월 23일 14시,목요일,충청남도 청양군 정산면,경상사고,0,0,1,0,차량단독 - 공작물충돌,안전운전불이행,젖음/습기,비,단일로 - 기타,승용,남,37세,경상,,,,
2020072300100314,2020년 7월 23일 15시,목요일,충청남도 서산시 인지면,중상사고,0,1,0,0,차대사람 - 횡단중,안전운전불이행,젖음/습기,비,교차로 - 교차로안,승용,여,54세,상해없음,보행자,남,49세,중상
2020072300100315,2020년 7월 23일 15시,목요일,충청남도 서산시 동문동,중상사고,0,1,0,0,차대사람 - 차도통행중,안전운전불이행,젖음/습기,비,단일로 - 기타,승용,여,24세,상해없음,보행자,남,45세,중상
2020072300100345,2020년 7월 23일 16시,목요일,충청남도 서산시 석림동,경상사고,0,0,1,0,차대차 - 측면충돌,신호위반,젖음/습기,비,교차로 - 교차로안,승용,남,28세,상해없음,화물,남,66세,경상
2020072300100346,2020년 7월 23일 16시,목요일,충청남도 천안시 서북구 백석동,경상사고,0,0,1,0,차대차 - 기타,안전운전불이행,건조,맑음,단일로 - 기타,승용,남,25세,기타불명,승용,여,42세,경상
2020072300100347,2020년 7월 23일 16시,목요일,충청남도 천안시 동남구 원성동,경상사고,0,0,1,0,차대차 - 측면충돌,안전거리미확보,젖음/습기,비,교차로 - 교차로안,승용,여,39세,상해없음,승용,남,25세,상해없음
2020072300100394,2020년 7월 23일 17시,목요일,충청남도 천안시 서북구 백석동,부상신고사고,0,0,0,1,차대차 - 측면충돌,안전운전불이행,젖음/습기,비,교차로 - 교차로횡단보도내,승용,남,71세,상해없음,승용,남,32세,상해없음
2020072300100395,2020년 7월 23일 17시,목요일,충청남도 태안군 태안읍,경상사고,0,0,1,0,차대차 - 추돌,안전운전불이행,젖음/습기,비,교차로 - 교차로안,승용,남,29세,상해없음,승용,남,24세,경상
2020072300100440,2020년 7월 23일 18시,목요일,충청남도 천안시 동남구 신부동,경상사고,0,0,1,0,차대차 - 측면충돌,안전거리미확보,젖음/습기,비,단일로 - 기타,승용,남,39세,상해없음,승용,남,41세,상해없음
2020072300100441,2020년 7월 23일 18시,목요일,충청남도 태안군 안면읍,경상사고,0,0,3,0,차대차 - 측면충돌,중앙선침범,젖음/습기,비,단일로 - 기타,승용,남,49세,상해없음,승합,남,43세,경상
2020072300100542,2020년 7월 23일 20시,목요일,충청남도 서산시 예천동,부상신고사고,0,0,0,1,차대차 - 측면충돌,직진우회전진행방해,젖음/습기,비,교차로 - 교차로안,승용,여,40세,상해없음,이륜,남,34세,부상신고
2020072300100543,2020년 7월 23일 20시,목요일,충청남도 천안시 서북구 두정동,경상사고,0,0,1,0,차대차 - 측면충돌,안전거리미확보,건조,맑음,단일로 - 기타,승용,남,53세,상해없음,승용,남,32세,상해없음
2020072300100544,2020년 7월 23일 20시,목요일,충청남도 천안시 동남구 신방동,경상사고,0,0,1,0,차대차 - 기타,신호위반,젖음/습기,비,교차로 - 교차로안,기타불명,기타불명,미분류,기타불명,이륜,남,33세,경상
2020072300100545,2020년 7월 23일 20시,목요일,충청남도 천안시 동남구 신부동,경상사고,0,0,1,0,차대차 - 측면충돌,중앙선침범,젖음/습기,비,단일로 - 기타,이륜,남,29세,상해없음,승용,남,66세,상해없음
2020072300100596,2020년 7월 23일 21시,목요일,충청남도 서산시 석남동,부상신고사고,0,0,0,1,차대사람 - 차도통행중,안전운전불이행,젖음/습기,비,교차로 - 교차로부근,승용,여,37세,상해없음,보행자,남,53세,부상신고
2020072300100597,2020년 7월 23일 21시,목요일,충청남도 천안시 서북구 두정동,경상사고,0,0,1,0,차대차 - 측면충돌,안전운전불이행,젖음/습기,비,단일로 - 기타,승용,남,30세,상해없음,이륜,남,35세,경상
2020072300100647,2020년 7월 23일 22시,목요일,충청남도 천안시 서북구 불당동,중상사고,0,1,0,0,차대차 - 측면충돌,신호위반,젖음/습기,비,교차로 - 교차로안,승용,남,32세,상해없음,이륜,남,38세,중상
2020072300100648,2020년 7월 23일 22시,목요일,충청남도 아산시 탕정면,중상사고,0,2,2,0,차대차 - 측면충돌,신호위반,젖음/습기,비,교차로 - 교차로안,승용,남,39세,상해없음,승합,남,49세,중상
2020072300100649,2020년 7월 23일 22시,목요일,충청남도 당진시 송악읍,경상사고,0,0,1,0,차대차 - 추돌,안전운전불이행,젖음/습기,비,단일로 - 기타,승용,남,50세,상해없음,승용,남,31세,경상
2020072300100689,2020년 7월 23일 23시,목요일,충청남도 아산시 배방읍,경상사고,0,0,2,0,차대차 - 측면충돌,안전운전불이행,건조,맑음,교차로 - 교차로부근,승용,남,42세,상해없음,승용,여,35세,경상
2020072400100010,2020년 7월 24일 00시,금요일,충청남도 논산시 취암동,중상사고,0,1,3,1,차대차 - 측면충돌,교차로운행방법위반,젖음/습기,비,교차로 - 교차로안,화물,남,19세,부상신고,승용,남,63세,경상
2020072400100030,2020년 7월 24일 01시,금요일,충청남도 논산시 성동면,경상사고,0,0,1,0,차량단독 - 공작물충돌,안전운전불이행,건조,맑음,교차로 - 교차로안,승용,남,61세,상해없음,,,,
2020072400100051,2020년 7월 24일 04시,금요일,충청남도 서산시 예천동,경상사고,0,0,1,0,차대차 - 추돌,안전운전불이행,젖음/습기,비,교차로 - 교차로부근,승용,남,26세,상해없음,승용,남,72세,경상
2020072400100091,2020년 7월 24일 08시,금요일,충청남도 서산시 성연면,경상사고,0,0,1,0,차대차 - 추돌,안전운전불이행,건조,맑음,교차로 - 교차로부근,승용,여,40세,상해없음,승용,남,40세,경상
2020072400100184,2020년 7월 24일 11시,금요일,충청남도 천안시 서북구 쌍용동,경상사고,0,0,1,0,차대차 - 측면충돌,안전운전불이행,건조,맑음,교차로 - 교차로부근,승용,여,50세,상해없음,승용,여,60세,경상
2020072400100214,2020년 7월 24일 12시,금요일,충청남도 서산시 동문동,중상사고,0,1,0,0,차대사람 - 길가장자리구역통행중,보행자보호의무위반,건조,흐림,교차로 - 교차로횡단보도내,승용,남,28세,상해없음,보행자,남,61세,중상
2020072400100246,2020년 7월 24일 13시,금요일,충청남도 예산군 덕산면,중상사고,0,2,1,0,차대차 - 측면충돌,안전운전불이행,젖음/습기,흐림,단일로 - 교량,승용,남,74세,중상,화물,남,85세,중상
2020072400100302,2020년 7월 24일 15시,금요일,충청남도 당진시 송산면,경상사고,0,0,2,0,차대차 - 측면충돌,안전운전불이행,건조,맑음,교차로 - 교차로안,승용,남,61세,상해없음,승용,여,66세,경상
2020072400100377,2020년 7월 24일 17시,금요일,충청남도 태안군 태안읍,중상사고,0,1,0,0,차량단독 - 기타,안전운전불이행,젖음/습기,흐림,단일로 - 기타,농기계,남,76세,중상,,,,
2020072400100426,2020년 7월 24일 18시,금요일,충청남도 공주시 신관동,중상사고,0,1,0,0,차대차 - 추돌,안전운전불이행,젖음/습기,비,단일로 - 기타,승용,남,53세,상해없음,승용,여,46세,중상
2020072400100482,2020년 7월 24일 19시,금요일,충청남도 천안시 동남구 성황동,경상사고,0,0,1,0,차대차 - 기타,교차로운행방법위반,젖음/습기,흐림,교차로 - 교차로안,승용,남,62세,상해없음,승용,여,48세,경상
2020072400100511,2020년 7월 24일 20시,금요일,충청남도 논산시 강산동,중상사고,0,1,0,0,차대차 - 기타,교차로운행방법위반,건조,맑음,교차로 - 교차로안,승용,남,25세,상해없음,승용,여,34세,중상
2020072400100512,2020년 7월 24일 20시,금요일,충청남도 보령시 동대동,경상사고,0,0,2,0,차대차 - 기타,안전운전불이행,젖음/습기,비,교차로 - 교차로안,화물,남,47세,상해없음,승용,여,65세,경상
2020072400100513,2020년 7월 24일 20시,금요일,충청남도 보령시 동대동,경상사고,0,0,1,0,차대차 - 기타,안전운전불이행,건조,맑음,교차로 - 교차로안,승용,여,47세,상해없음,이륜,남,40세,경상
2020072400100514,2020년 7월 24일 20시,금요일,충청남도 예산군 덕산면,중상사고,0,1,0,0,차대사람 - 횡단중,보행자보호의무위반,젖음/습기,맑음,교차로 - 교차로횡단보도내,승용,남,43세,상해없음,보행자,여,78세,중상
2020072400100564,2020년 7월 24일 21시,금요일,충청남도 보령시 대천동,경상사고,0,0,2,0,차대차 - 기타,교차로운행방법위반,젖음/습기,비,교차로 - 교차로안,승용,남,62세,상해없음,승용,여,27세,경상
2020072400100600,2020년 7월 24일 22시,금요일,충청남도 아산시 배방읍,경상사고,0,0,1,0,차대차 - 기타,안전운전불이행,건조,흐림,단일로 - 기타,승용,남,48세,상해없음,승용,여,40세,경상
2020072500100036,2020년 7월 25일 01시,토요일,충청남도 천안시 서북구 두정동,경상사고,0,0,3,0,차대차 - 측면충돌,신호위반,건조,흐림,교차로 - 교차로안,승용,남,31세,상해없음,승용,남,50세,경상
2020072500100106,2020년 7월 25일 06시,토요일,충청남도 서천군 시초면,경상사고,0,0,1,0,차대차 - 측면충돌,안전운전불이행,건조,맑음,단일로 - 기타,화물,여,72세,상해없음,이륜,남,65세,경상
2020072500100116,2020년 7월 25일 07시,토요일,충청남도 당진시 신평면,경상사고,0,0,3,1,차대차 - 측면충돌,교차로운행방법위반,건조,맑음,교차로 - 교차로안,승용,남,28세,부상신고,승합,남,64세,경상
2020072500100131,2020년 7월 25일 08시,토요일,충청남도 천안시 서북구 입장면,중상사고,0,2,0,0,차대차 - 기타,과속,건조,맑음,단일로 - 기타,승용,남,22세,상해없음,승용,남,66세,중상