사고번호,사고일시,요일,시군구,사고내용,사망자수,중상자수,경상자수,부상신고자수,사고유형,법규위반,노면상태,기상상태,도로형태,가해운전자 차종,가해운전자 성별,가해운전자 연령,가해운전자 상해정도,피해운전자 차종,피해운전자 성별,피해운전자 연령,피해운전자 상해정도
2020072500100156,2020년 7월 25일 09시,토요일,충청남도 서산시 대산읍,경상사고,0,0,1,0,차대사람 - 기타,안전운전불이행,건조,맑음,단일로 - 기타,승용,남,57세,상해없음,보행자,남,66세,경상
2020072500100157,2020년 7월 25일 09시,토요일,충청남도 부여군 남면,경상사고,0,0,2,0,차대차 - 기타,과속,건조,맑음,교차로 - 교차로안,승용,남,38세,상해없음,화물,남,44세,경상
2020072500100188,2020년 7월 25일 10시,토요일,충청남도 당진시 합덕읍,사망사고,1,0,0,0,차대차 - 기타,교차로운행방법위반,건조,맑음,교차로 - 교차로안,이륜,남,83세,사망,승용,남,77세,상해없음
2020072500100212,2020년 7월 25일 11시,토요일,충청남도 보령시 동대동,경상사고,0,0,1,0,차대차 - 기타,직진우회전진행방해,건조,맑음,교차로 - 교차로안,승용,여,47세,기타불명,승용,남,36세,경상
2020072500100213,2020년 7월 25일 11시,토요일,충청남도 공주시 신관동,경상사고,0,0,2,0,차대차 - 추돌,신호위반,건조,맑음,교차로 - 교차로부근,이륜,남,22세,경상,승용,남,33세,경상
2020072500100214,2020년 7월 25일 11시,토요일,충청남도 공주시 유구읍,경상사고,0,0,1,0,차대차 - 기타,안전거리미확보,건조,맑음,단일로 - 기타,이륜,남,71세,경상,화물,남,73세,상해없음
2020072500100249,2020년 7월 25일 12시,토요일,충청남도 홍성군 홍성읍,경상사고,0,0,1,0,차대차 - 기타,안전운전불이행,건조,맑음,교차로 - 교차로안,승용,남,69세,상해없음,승용,여,36세,경상
2020072500100329,2020년 7월 25일 14시,토요일,충청남도 논산시 양촌면,경상사고,0,0,4,0,차대차 - 측면충돌,교차로운행방법위반,젖음/습기,비,교차로 - 교차로안,승용,남,24세,상해없음,승용,남,49세,경상
2020072500100360,2020년 7월 25일 15시,토요일,충청남도 예산군 고덕면,경상사고,0,0,1,0,차대차 - 후진중충돌,안전운전불이행,건조,맑음,기타 - 기타,농기계,남,62세,상해없음,화물,남,75세,경상
2020072500100361,2020년 7월 25일 15시,토요일,충청남도 천안시 동남구 다가동,경상사고,0,0,1,0,차대사람 - 횡단중,보행자보호의무위반,건조,맑음,교차로 - 교차로안,승용,남,50세,상해없음,보행자,여,40세,경상
2020072500100362,2020년 7월 25일 15시,토요일,충청남도 천안시 동남구 신부동,경상사고,0,0,3,0,차대차 - 측면충돌,안전운전불이행,건조,맑음,교차로 - 교차로부근,승합,남,53세,상해없음,승용,남,58세,경상
2020072500100466,2020년 7월 25일 18시,토요일,충청남도 홍성군 서부면,중상사고,0,2,0,0,차대차 - 정면충돌,중앙선침범,건조,맑음,단일로 - 기타,승용,남,63세,상해없음,화물,남,68세,중상
2020072500100504,2020년 7월 25일 19시,토요일,충청남도 부여군 부여읍,중상사고,0,1,2,0,차대차 - 추돌,안전운전불이행,젖음/습기,비,교차로 - 교차로부근,승용,남,68세,상해없음,승용,남,48세,경상
2020072500100539,2020년 7월 25일 20시,토요일,충청남도 천안시 동남구 목천읍,경상사고,0,0,1,0,차대차 - 측면충돌,중앙선침범,건조,맑음,단일로 - 기타,승용,남,55세,상해없음,자전거,남,17세,경상
2020072500100606,2020년 7월 25일 22시,토요일,충청남도 아산시 배방읍,중상사고,0,1,0,0,차대사람 - 기타,안전운전불이행,젖음/습기,흐림,단일로 - 기타,승용,남,57세,상해없음,보행자,남,63세,중상
2020072500100628,2020년 7월 25일 23시,토요일,충청남도 천안시 서북구 두정동,경상사고,0,0,1,0,차대사람 - 기타,안전운전불이행,건조,맑음,단일로 - 기타,승용,남,32세,기타불명,보행자,남,33세,경상
2020072600100012,2020년 7월 26일 00시,일요일,충청남도 보령시 신흑동,경상사고,0,0,1,0,차대차 - 기타,안전운전불이행,건조,맑음,단일로 - 기타,이륜,남,28세,상해없음,승합,남,51세,기타불명
2020072600100038,2020년 7월 26일 02시,일요일,충청남도 보령시 신흑동,경상사고,0,0,1,0,차대차 - 기타,안전운전불이행,건조,맑음,교차로 - 교차로안,승용,남,22세,상해없음,화물,여,43세,경상
2020072600100057,2020년 7월 26일 04시,일요일,충청남도 보령시 명천동,사망사고,1,0,0,0,차량단독 - 공작물충돌,안전운전불이행,건조,맑음,교차로 - 교차로부근,이륜,남,20세,사망,,,,
2020072600100075,2020년 7월 26일 06시,일요일,충청남도 당진시 수청리,경상사고,0,0,1,0,차대차 - 측면충돌,안전운전불이행,건조,맑음,교차로 - 교차로부근,승용,남,57세,상해없음,승용,여,39세,경상
2020072600100092,2020년 7월 26일 08시,일요일,충청남도 천안시 동남구 성황동,경상사고,0,0,1,0,차대차 - 측면충돌,안전운전불이행,건조,맑음,단일로 - 기타,승용,남,54세,상해없음,이륜,남,40세,경상
2020072600100142,2020년 7월 26일 11시,일요일,충청남도 논산시 부창동,경상사고,0,0,1,0,차대사람 - 차도통행중,안전운전불이행,건조,맑음,교차로 - 교차로안,승용,남,66세,상해없음,보행자,여,28세,경상
2020072600100143,2020년 7월 26일 11시,일요일,충청남도 예산군 삽교읍,경상사고,0,0,2,0,차대차 - 측면충돌,직진우회전진행방해,건조,흐림,교차로 - 교차로안,승용,남,78세,상해없음,승용,남,48세,경상
2020072600100164,2020년 7월 26일 12시,일요일,충청남도 당진시 송악읍,중상사고,0,2,1,0,차대차 - 추돌,안전운전불이행,젖음/습기,흐림,단일로 - 기타,승용,남,28세,상해없음,승용,남,41세,중상
2020072600100192,2020년 7월 26일 13시,일요일,충청남도 논산시 가야곡면,경상사고,0,0,3,0,차대차 - 기타,안전운전불이행,건조,맑음,기타 - 기타,승용,남,26세,경상,승용,남,52세,상해없음
2020072600100227,2020년 7월 26일 14시,일요일,충청남도 논산시 부창동,중상사고,0,3,3,0,차대차 - 추돌,안전운전불이행,건조,맑음,단일로 - 기타,화물,남,60세,경상,승용,여,52세,중상
2020072600100228,2020년 7월 26일 14시,일요일,충청남도 서천군 종천면,경상사고,0,0,2,1,차대차 - 측면충돌,신호위반,건조,맑음,교차로 - 교차로안,화물,남,69세,부상신고,승용,남,50세,경상
2020072600100263,2020년 7월 26일 15시,일요일,충청남도 보령시 대천동,경상사고,0,0,1,0,차대사람 - 횡단중,안전운전불이행,건조,맑음,교차로 - 교차로안,이륜,남,50세,상해없음,보행자,여,74세,경상
2020072600100264,2020년 7월 26일 15시,일요일,충청남도 당진시 송악읍,부상신고사고,0,0,0,1,차량단독 - 도로외이탈 - 기타,안전운전불이행,건조,맑음,단일로 - 기타,화물,남,72세,부상신고,,,,
2020072600100296,2020년 7월 26일 16시,일요일,충청남도 청양군 장평면,중상사고,0,1,0,0,차대차 - 측면충돌,직진우회전진행방해,건조,맑음,교차로 - 교차로안,화물,남,65세,상해없음,이륜,남,38세,중상
2020072600100323,2020년 7월 26일 17시,일요일,충청남도 서천군 서천읍,부상신고사고,0,0,0,1,차량단독 - 공작물충돌,안전운전불이행,건조,맑음,교차로 - 교차로안,자전거,남,51세,부상신고,,,,
2020072600100355,2020년 7월 26일 18시,일요일,충청남도 천안시 서북구 입장면,경상사고,0,0,2,0,차대차 - 추돌,안전운전불이행,젖음/습기,비,단일로 - 기타,승용,남,62세,상해없음,승용,여,30세,경상
2020072600100401,2020년 7월 26일 20시,일요일,충청남도 천안시 서북구 성정동,경상사고,0,0,1,0,차량단독 - 기타,안전운전불이행,건조,맑음,단일로 - 기타,승합,남,39세,상해없음,,,,
2020072600100419,2020년 7월 26일 21시,일요일,충청남도 천안시 동남구 신부동,경상사고,0,0,1,0,차대차 - 측면충돌,신호위반,건조,맑음,단일로 - 기타,승용,남,64세,상해없음,이륜,남,21세,경상
2020072700100063,2020년 7월 27일 07시,월요일,충청남도 보령시 신흑동,경상사고,0,0,1,0,차대사람 - 횡단중,안전운전불이행,건조,맑음,단일로 - 기타,승용,남,38세,상해없음,보행자,남,26세,경상
2020072700100098,2020년 7월 27일 08시,월요일,충청남도 천안시 서북구 두정동,경상사고,0,0,1,0,차대차 - 측면충돌,안전운전불이행,젖음/습기,흐림,단일로 - 기타,승용,남,24세,상해없음,승용,여,26세,경상
2020072700100139,2020년 7월 27일 09시,월요일,충청남도 천안시 서북구 성성동,경상사고,0,0,1,0,차대차 - 추돌,안전운전불이행,건조,흐림,단일로 - 기타,승용,남,47세,상해없음,화물,남,54세,경상
2020072700100174,2020년 7월 27일 10시,월요일,충청남도 보령시 남포면,중상사고,0,1,0,0,차대사람 - 횡단중,안전운전불이행,건조,맑음,단일로 - 기타,화물,남,81세,상해없음,보행자,여,80세,중상
2020072700100175,2020년 7월 27일 10시,월요일,충청남도 공주시 우성면,경상사고,0,0,3,0,차대차 - 측면충돌,신호위반,건조,맑음,교차로 - 교차로안,승용,남,62세,경상,건설기계,남,45세,경상
2020072700100211,2020년 7월 27일 11시,월요일,충청남도 당진시 읍내리,중상사고,0,1,0,0,차대사람 - 기타,보행자보호의무위반,건조,맑음,단일로 - 기타,승용,남,50세,상해없음,보행자,여,12세,중상
2020072700100248,2020년 7월 27일 12시,월요일,충청남도 천안시 동남구 청당동,중상사고,0,2,0,0,차대차 - 추돌,안전운전불이행,건조,맑음,교차로 - 교차로부근,건설기계,남,70세,상해없음,화물,남,36세,중상
2020072700100317,2020년 7월 27일 14시,월요일,충청남도 홍성군 홍성읍,중상사고,0,1,0,0,차대차 - 기타,안전운전불이행,건조,맑음,교차로 - 교차로안,승용,여,27세,상해없음,이륜,남,90세,중상
2020072700100399,2020년 7월 27일 16시,월요일,충청남도 천안시 동남구 봉명동,경상사고,0,0,1,0,차대차 - 기타,안전운전불이행,기타,흐림,교차로 - 교차로안,이륜,남,34세,기타불명,승용,남,36세,경상
2020072700100429,2020년 7월 27일 17시,월요일,충청남도 홍성군 장곡면,사망사고,1,0,0,0,차대사람 - 기타,안전운전불이행,건조,맑음,단일로 - 기타,승용,남,73세,상해없음,보행자,여,84세,사망
2020072700100430,2020년 7월 27일 17시,월요일,충청남도 당진시 합덕읍,경상사고,0,0,1,0,차대차 - 측면충돌,교차로운행방법위반,건조,맑음,교차로 - 교차로안,승용,남,51세,상해없음,승용,여,45세,경상
2020072700100431,2020년 7월 27일 17시,월요일,충청남도 천안시 동남구 신방동,경상사고,0,0,1,0,차대차 - 기타,안전운전불이행,젖음/습기,흐림,교차로 - 교차로안,승용,여,54세,상해없음,이륜,남,25세,경상
2020072700100473,2020년 7월 27일 18시,월요일,충청남도 천안시 서북구 성거읍,경상사고,0,0,1,1,차량단독 - 기타,안전운전불이행,건조,맑음,단일로 - 기타,승합,남,44세,상해없음,,,,
2020072700100474,2020년 7월 27일 18시,월요일,충청남도 천안시 서북구 백석동,경상사고,0,0,1,0,차량단독 - 기타,안전운전불이행,건조,맑음,단일로 - 기타,승합,남,59세,기타불명,,,,
2020072700100475,2020년 7월 27일 18시,월요일,충청남도 홍성군 홍동면,중상사고,0,1,0,0,차대차 - 측면충돌,안전운전불이행,건조,맑음,교차로 - 교차로안,승용,여,57세,상해없음,이륜,남,25세,중상
2020072700100537,2020년 7월 27일 20시,월요일,충청남도 홍성군 홍북읍,경상사고,0,0,1,0,차대차 - 측면충돌,중앙선침범,건조,맑음,단일로 - 기타,승용,여,22세,상해없음,이륜,남,18세,경상
2020072700100538,2020년 7월 27일 20시,월요일,충청남도 아산시 신창면,중상사고,0,1,0,0,차대차 - 기타,안전운전불이행,건조,맑음,교차로 - 교차로안,승용,남,48세,상해없음,이륜,남,40세,중상
2020072700100539,2020년 7월 27일 20시,월요일,충청남도 공주시 반포면,중상사고,0,1,0,0,차량단독 - 공작물충돌,안전운전불이행,젖음/습기,비,단일로 - 기타,승용,남,56세,상해없음,,,,
2020072700100565,2020년 7월 27일 21시,월요일,충청남도 보령시 명천동,중상사고,0,1,1,0,차대차 - 추돌,안전운전불이행,건조,맑음,단일로 - 기타,승용,남,36세,상해없음,승용,여,61세,중상
2020072700100594,2020년 7월 27일 22시,월요일,충청남도 서산시 지곡면,경상사고,0,0,1,0,차대사람 - 차도통행중,안전운전불이행,건조,흐림,교차로 - 교차로안,승용,여,53세,상해없음,보행자,남,66세,경상
2020072700100595,2020년 7월 27일 22시,월요일,충청남도 천안시 서북구 성정동,경상사고,0,0,1,0,차대차 - 기타,안전운전불이행,젖음/습기,비,교차로 - 교차로안,승용,여,22세,상해없음,승용,남,57세,경상
2020072700100619,2020년 7월 27일 23시,월요일,충청남도 서산시 대산읍,중상사고,0,1,0,0,차대차 - 측면충돌,신호위반,건조,흐림,교차로 - 교차로안,승용,남,28세,상해없음,승용,남,27세,중상
2020072800100008,2020년 7월 28일 00시,화요일,충청남도 천안시 동남구 신부동,경상사고,0,0,2,1,차대차 - 기타,안전운전불이행,젖음/습기,흐림,교차로 - 교차로안,승용,남,34세,상해없음,승용,남,22세,경상
2020072800100076,2020년 7월 28일 07시,화요일,충청남도 천안시 서북구 성정동,부상신고사고,0,0,0,1,차대차 - 측면충돌,안전운전불이행,건조,맑음,교차로 - 교차로안,이륜,남,65세,부상신고,승용,남,36세,상해없음
2020072800100100,2020년 7월 28일 08시,화요일,충청남도 서산시 성연면,중상사고,0,1,1,0,차대차 - 추돌,안전운전불이행,젖음/습기,흐림,단일로 - 기타,승용,여,41세,상해없음,승용,남,54세,경상
2020072800100101,2020년 7월 28일 08시,화요일,충청남도 천안시 서북구 쌍용동,경상사고,0,0,1,0,차대차 - 추돌,안전운전불이행,건조,맑음,교차로 - 교차로부근,승합,남,58세,상해없음,이륜,남,28세,경상
2020072800100125,2020년 7월 28일 09시,화요일,충청남도 부여군 규암면,사망사고,1,0,0,0,차대차 - 측면충돌,신호위반,건조,맑음,교차로 - 교차로부근,승용,남,64세,상해없음,승용,남,64세,상해없음
2020072800100126,2020년 7월 28일 09시,화요일,충청남도 금산군 군북면,경상사고,0,0,1,0,차대사람 - 기타,안전운전불이행,건조,흐림,단일로 - 기타,화물,남,48세,상해없음,보행자,남,86세,경상
2020072800100151,2020년 7월 28일 10시,화요일,충청남도 아산시 둔포면,경상사고,0,0,2,0,차대차 - 추돌,안전거리미확보,젖음/습기,비,기타 - 기타,특수,남,53세,기타불명,승용,여,70세,경상
2020072800100152,2020년 7월 28일 10시,화요일,충청남도 부여군 부여읍,중상사고,0,1,0,0,차대사람 - 기타,안전운전불이행,건조,흐림,교차로 - 교차로안,승용,여,57세,상해없음,보행자,남,85세,중상
2020072800100176,2020년 7월 28일 11시,화요일,충청남도 공주시 의당면,경상사고,0,0,1,0,차량단독 - 전도전복 - 전도,안전운전불이행,건조,맑음,단일로 - 기타,화물,남,55세,경상,,,,
2020072800100199,2020년 7월 28일 12시,화요일,충청남도 천안시 서북구 두정동,경상사고,0,0,1,0,차대차 - 추돌,안전운전불이행,건조,맑음,교차로 - 교차로부근,승용,남,25세,상해없음,승용,여,47세,경상
2020072800100218,2020년 7월 28일 13시,화요일,충청남도 아산시 온천동,경상사고,0,0,1,0,차대사람 - 횡단중,보행자보호의무위반,건조,맑음,단일로 - 기타,화물,남,77세,상해없음,보행자,여,16세,경상
2020072800100219,2020년 7월 28일 13시,화요일,충청남도 금산군 추부면,중상사고,0,1,0,0,차대차 - 기타,중앙선침범,건조,흐림,단일로 - 기타,승용,남,74세,상해없음,이륜,남,80세,중상
2020072800100286,2020년 7월 28일 15시,화요일,충청남도 홍성군 갈산면,중상사고,0,1,1,0,차대차 - 측면충돌,신호위반,젖음/습기,흐림,교차로 - 교차로안,화물,남,68세,경상,화물,남,32세,중상
2020072800100287,2020년 7월 28일 15시,화요일,충청남도 천안시 동남구 신방동,경상사고,0,0,1,0,차대차 - 측면충돌,안전운전불이행,건조,맑음,교차로 - 교차로부근,승용,남,35세,기타불명,승용,여,44세,경상
2020072800100358,2020년 7월 28일 17시,화요일,충청남도 아산시 인주면,경상사고,0,0,3,0,차대차 - 추돌,안전운전불이행,젖음/습기,흐림,단일로 - 기타,승용,남,28세,상해없음,승용,여,50세,경상
2020072800100399,2020년 7월 28일 18시,화요일,충청남도 천안시 서북구 쌍용동,중상사고,0,1,0,0,차대차 - 기타,안전운전불이행,젖음/습기,비,교차로 - 교차로안,승용,여,59세,상해없음,이륜,남,46세,중상
2020072800100400,2020년 7월 28일 18시,화요일,충청남도 논산시 연무읍,중상사고,0,1,0,0,차대차 - 측면충돌,직진우회전진행방해,건조,맑음,교차로 - 교차로안,승용,여,50세,상해없음,이륜,남,29세,중상
2020072800100401,2020년 7월 28일 18시,화요일,충청남도 아산시 탕정면,경상사고,0,0,1,0,차대차 - 측면충돌,교차로운행방법위반,건조,맑음,교차로 - 교차로안,승합,남,57세,상해없음,이륜,남,26세,경상
2020072800100402,2020년 7월 28일 18시,화요일,충청남도 서천군 판교면,경상사고,0,0,1,0,차량단독 - 도로외이탈 - 기타,안전운전불이행,건조,맑음,단일로 - 기타,이륜,남,84세,경상,,,,
2020072800100403,2020년 7월 28일 18시,화요일,충청남도 부여군 부여읍,경상사고,0,0,1,0,차대차 - 측면충돌,직진우회전진행방해,건조,맑음,교차로 - 교차로안,승용,남,72세,상해없음,승용,남,50세,경상
2020072800100404,2020년 7월 28일 18시,화요일,충청남도 천안시 동남구 구성동,경상사고,0,0,1,0,차대차 - 기타,안전운전불이행,젖음/습기,비,교차로 - 교차로안,승용,남,44세,상해없음,원동기,남,54세,경상
2020072800100452,2020년 7월 28일 19시,화요일,충청남도 천안시 서북구 불당동,경상사고,0,0,1,0,차대사람 - 기타,안전운전불이행,건조,맑음,교차로 - 교차로부근,승용,남,42세,상해없음,보행자,남,30세,경상
2020072800100486,2020년 7월 28일 20시,화요일,충청남도 아산시 둔포면,경상사고,0,0,1,0,차대차 - 기타,중앙선침범,젖음/습기,비,교차로 - 교차로부근,승용,남,25세,상해없음,이륜,남,36세,경상
2020072800100487,2020년 7월 28일 20시,화요일,충청남도 부여군 남면,중상사고,0,2,0,0,차대차 - 추돌,안전운전불이행,젖음/습기,비,단일로 - 기타,승용,남,62세,상해없음,이륜,남,64세,중상
2020072800100529,2020년 7월 28일 21시,화요일,충청남도 천안시 서북구 백석동,경상사고,0,0,1,0,차대차 - 측면충돌,교차로운행방법위반,건조,맑음,교차로 - 교차로안,승용,여,45세,경상,승용,남,50세,상해없음
2020072800100530,2020년 7월 28일 21시,화요일,충청남도 아산시 둔포면,경상사고,0,0,1,0,차대사람 - 차도통행중,안전운전불이행,건조,맑음,기타 - 기타,승용,남,38세,상해없음,보행자,여,43세,경상
2020072800100559,2020년 7월 28일 22시,화요일,충청남도 아산시 배방읍,경상사고,0,0,2,0,차대차 - 기타,신호위반,젖음/습기,흐림,교차로 - 교차로안,승용,남,50세,상해없음,승합,남,58세,경상
2020072900100036,2020년 7월 29일 02시,수요일,충청남도 천안시 서북구 성환읍,경상사고,0,0,1,0,차대차 - 기타,안전운전불이행,젖음/습기,비,단일로 - 기타,승용,기타불명,미분류,기타불명,승용,남,59세,경상
2020072900100104,2020년 7월 29일 08시,수요일,충청남도 홍성군 홍성읍,경상사고,0,0,3,0,차대차 - 측면충돌,안전운전불이행,건조,맑음,교차로 - 교차로안,승용,여,39세,경상,승용,남,60세,상해없음
2020072900100142,2020년 7월 29일 09시,수요일,충청남도 아산시 풍기동,경상사고,0,0,1,0,차대차 - 기타,신호위반,건조,맑음,교차로 - 교차로안,승용,남,41세,상해없음,승용,여,35세,경상
2020072900100143,2020년 7월 29일 09시,수요일,충청남도 예산군 신암면,경상사고,0,0,1,0,차대차 - 측면충돌,직진우회전진행방해,젖음/습기,비,교차로 - 교차로안,승용,남,76세,상해없음,승용,여,57세,경상
2020072900100170,2020년 7월 29일 10시,수요일,충청남도 천안시 동남구 병천면,중상사고,0,1,0,0,차대차 - 정면충돌,신호위반,젖음/습기,비,교차로 - 교차로안,건설기계,남,70세,상해없음,승용,여,51세,중상
2020072900100235,2020년 7월 29일 12시,수요일,충청남도 천안시 서북구 입장면,부상신고사고,0,0,0,1,차대차 - 측면충돌,교차로운행방법위반,건조,맑음,교차로 - 교차로안,이륜,남,75세,부상신고,이륜,남,60세,상해없음
2020072900100236,2020년 7월 29일 12시,수요일,충청남도 예산군 예산읍,경상사고,0,0,1,0,차대사람 - 차도통행중,안전운전불이행,건조,맑음,단일로 - 기타,승용,여,51세,상해없음,보행자,남,47세,경상
2020072900100237,2020년 7월 29일 12시,수요일,충청남도 천안시 동남구 유량동,경상사고,0,0,2,0,차대차 - 측면충돌,교차로운행방법위반,젖음/습기,비,교차로 - 교차로안,이륜,남,43세,경상,승용,남,49세,경상
2020072900100305,2020년 7월 29일 14시,수요일,충청남도 청양군 청남면,중상사고,0,1,0,0,차대차 - 측면충돌,안전운전불이행,건조,맑음,기타 - 기타,화물,남,27세,상해없음,화물,남,74세,중상
2020072900100306,2020년 7월 29일 14시,수요일,충청남도 천안시 동남구 봉명동,경상사고,0,0,1,0,차대사람 - 횡단중,안전운전불이행,건조,맑음,단일로 - 기타,승용,여,26세,상해없음,보행자,여,62세,경상
2020072900100345,2020년 7월 29일 15시,수요일,충청남도 천안시 서북구 성정동,경상사고,0,0,2,0,차대차 - 측면충돌,안전거리미확보,건조,맑음,단일로 - 기타,승용,여,55세,상해없음,승용,여,41세,경상
2020072900100378,2020년 7월 29일 16시,수요일,충청남도 천안시 서북구 불당동,경상사고,0,0,2,0,차대차 - 측면충돌,안전거리미확보,건조,맑음,교차로 - 교차로안,승용,여,33세,상해없음,승용,여,28세,경상
2020072900100379,2020년 7월 29일 16시,수요일,충청남도 아산시 온천동,경상사고,0,0,1,0,차대차 - 기타,안전운전불이행,건조,맑음,교차로 - 교차로안,화물,남,35세,상해없음,이륜,남,30세,경상
2020072900100475,2020년 7월 29일 19시,수요일,충청남도 천안시 동남구 신부동,경상사고,0,0,1,0,차대차 - 측면충돌,안전운전불이행,건조,맑음,교차로 - 교차로안,승용,남,68세,상해없음,승용,여,29세,경상
2020072900100507,2020년 7월 29일 20시,수요일,충청남도 서산시 예천동,경상사고,0,0,2,0,차대차 - 측면충돌,교차로운행방법위반,건조,맑음,교차로 - 교차로안,승용,남,46세,상해없음,승용,남,23세,경상
2020072900100508,2020년 7월 29일 20시,수요일,충청남도 천안시 서북구 성정동,경상사고,0,0,1,0,차대차 - 측면충돌,안전운전불이행,젖음/습기,비,단일로 - 기타,이륜,남,31세,상해없음,승용,남,37세,경상
2020072900100509,2020년 7월 29일 20시,수요일,충청남도 천안시 서북구 쌍용동,중상사고,0,1,0,0,차대차 - 기타,안전운전불이행,젖음/습기,비,교차로 - 교차로안,승용,남,68세,상해없음,이륜,남,44세,중상
2020072900100510,2020년 7월 29일 20시,수요일,충청남도 아산시 온천동,중상사고,0,1,1,0,차대차 - 후진중충돌,안전운전불이행,건조,맑음,단일로 - 기타,승용,남,30세,상해없음,개인형이동수단(PM),남,28세,중상
2020072900100511,2020년 7월 29일 20시,수요일,충청남도 당진시 송산면,경상사고,0,0,1,0,차량단독 - 공작물충돌,안전운전불이행,젖음/습기,비,단일로 - 기타,승용,남,27세,경상,,,,
2020072900100539,2020년 7월 29일 21시,수요일,충청남도 보령시 신흑동,경상사고,0,0,2,0,차대차 - 후진중충돌,안전운전불이행,건조,맑음,단일로 - 기타,승용,남,26세,상해없음,승용,남,28세,경상
2020072900100565,2020년 7월 29일 22시,수요일,충청남도 천안시 동남구 신부동,경상사고,0,0,1,0,차대사람 - 기타,안전운전불이행,젖음/습기,비,단일로 - 기타,승용,여,47세,상해없음,보행자,여,47세,경상
2020072900100589,2020년 7월 29일 23시,수요일,충청남도 천안시 서북구 성정동,경상사고,0,0,1,0,차대차 - 정면충돌,안전운전불이행,젖음/습기,비,단일로 - 기타,승용,남,27세,상해없음,이륜,남,42세,경상
2020072900100590,2020년 7월 29일 23시,수요일,충청남도 공주시 신관동,경상사고,0,0,1,0,차대차 - 측면충돌,기타,젖음/습기,비,교차로 - 교차로안,이륜,남,18세,기타불명,승용,남,65세,경상
2020073000100062,2020년 7월 30일 06시,목요일,충청남도 천안시 서북구 두정동,경상사고,0,0,1,0,차대차 - 측면충돌,신호위반,건조,맑음,단일로 - 기타,승용,남,59세,상해없음,자전거,남,62세,경상
2020073000100082,2020년 7월 30일 07시,목요일,충청남도 아산시 신동,중상사고,0,1,0,0,차대차 - 기타,기타,건조,흐림,단일로 - 기타,이륜,남,73세,중상,승합,남,56세,상해없음
2020073000100107,2020년 7월 30일 08시,목요일,충청남도 천안시 동남구 풍세면,경상사고,0,0,1,0,차대차 - 측면충돌,안전운전불이행,건조,맑음,단일로 - 기타,화물,남,52세,상해없음,승용,여,55세,경상
2020073000100133,2020년 7월 30일 09시,목요일,충청남도 예산군 삽교읍,경상사고,0,0,1,0,차대차 - 기타,안전운전불이행,건조,맑음,단일로 - 기타,자전거,남,85세,기타불명,승합,남,51세,경상
2020073000100155,2020년 7월 30일 10시,목요일,충청남도 당진시 읍내리,경상사고,0,0,1,0,차대사람 - 보도통행중,보행자보호의무위반,건조,흐림,교차로 - 교차로안,승용,남,40세,상해없음,보행자,여,8세,경상
2020073000100178,2020년 7월 30일 11시,목요일,충청남도 서산시 예천동,경상사고,0,0,1,0,차대차 - 측면충돌,기타,건조,흐림,단일로 - 기타,승용,남,78세,상해없음,승용,남,28세,경상
2020073000100296,2020년 7월 30일 14시,목요일,충청남도 예산군 덕산면,중상사고,0,1,0,0,차대차 - 기타,교차로운행방법위반,건조,맑음,교차로 - 교차로안,승용,남,25세,상해없음,승용,여,43세,중상
2020073000100327,2020년 7월 30일 15시,목요일,충청남도 보령시 대천동,경상사고,0,0,1,0,차대사람 - 횡단중,보행자보호의무위반,건조,맑음,교차로 - 교차로횡단보도내,승합,남,68세,상해없음,보행자,여,9세,경상
2020073000100361,2020년 7월 30일 16시,목요일,충청남도 보령시 명천동,경상사고,0,0,1,0,차대차 - 추돌,안전운전불이행,건조,맑음,교차로 - 교차로부근,승용,여,67세,상해없음,승용,남,36세,경상
2020073000100399,2020년 7월 30일 17시,목요일,충청남도 아산시 음봉면,중상사고,0,1,0,0,차대사람 - 횡단중,보행자보호의무위반,건조,맑음,교차로 - 교차로횡단보도내,승용,여,44세,상해없음,보행자,남,7세,중상
2020073000100400,2020년 7월 30일 17시,목요일,충청남도 부여군 외산면,중상사고,0,2,1,0,차대차 - 측면충돌,신호위반,건조,맑음,교차로 - 교차로안,승용,남,70세,경상,화물,남,56세,중상
2020073000100437,2020년 7월 30일 18시,목요일,충청남도 천안시 서북구 성정동,경상사고,0,0,1,0,차대차 - 측면충돌,안전운전불이행,건조,맑음,단일로 - 기타,승용,남,38세,상해없음,이륜,남,34세,경상
2020073000100478,2020년 7월 30일 19시,목요일,충청남도 천안시 서북구 두정동,경상사고,0,0,1,0,차대사람 - 횡단중,보행자보호의무위반,건조,맑음,교차로 - 교차로횡단보도내,승용,남,27세,상해없음,보행자,남,25세,경상
2020073000100479,2020년 7월 30일 19시,목요일,충청남도 천안시 서북구 두정동,경상사고,0,0,1,0,차대차 - 측면충돌,교차로운행방법위반,건조,맑음,교차로 - 교차로안,승용,남,42세,상해없음,이륜,남,33세,경상
2020073000100519,2020년 7월 30일 20시,목요일,충청남도 당진시 송악읍,경상사고,0,0,2,0,차대차 - 측면충돌,안전거리미확보,젖음/습기,흐림,단일로 - 기타,승용,남,41세,상해없음,승용,남,36세,경상
2020073100100058,2020년 7월 31일 05시,금요일,충청남도 아산시 음봉면,경상사고,0,0,2,0,차대차 - 기타,신호위반,건조,맑음,교차로 - 교차로안,승용,남,62세,상해없음,승용,남,25세,경상