사고번호,사고일시,요일,시군구,사고내용,사망자수,중상자수,경상자수,부상신고자수,사고유형,법규위반,노면상태,기상상태,도로형태,가해운전자 차종,가해운전자 성별,가해운전자 연령,가해운전자 상해정도,피해운전자 차종,피해운전자 성별,피해운전자 연령,피해운전자 상해정도
2020073100100079,2020년 7월 31일 07시,금요일,충청남도 공주시 정안면,중상사고,0,1,0,0,차대차 - 추돌,안전운전불이행,건조,흐림,단일로 - 기타,승용,남,49세,상해없음,승용,여,34세,중상
2020073100100131,2020년 7월 31일 09시,금요일,충청남도 아산시 용화동,중상사고,0,1,0,0,차대사람 - 길가장자리구역통행중,안전운전불이행,건조,맑음,교차로 - 교차로부근,승용,남,60세,상해없음,보행자,여,59세,중상
2020073100100152,2020년 7월 31일 10시,금요일,충청남도 천안시 서북구 불당동,경상사고,0,0,1,0,차대차 - 측면충돌,안전운전불이행,건조,맑음,교차로 - 교차로부근,승용,여,47세,상해없음,이륜,남,28세,경상
2020073100100176,2020년 7월 31일 11시,금요일,충청남도 당진시 합덕읍,경상사고,0,0,1,0,차대차 - 측면충돌,안전운전불이행,젖음/습기,비,단일로 - 기타,승용,여,65세,상해없음,이륜,남,50세,경상
2020073100100209,2020년 7월 31일 12시,금요일,충청남도 보령시 동대동,경상사고,0,0,1,0,차대차 - 측면충돌,안전운전불이행,건조,맑음,교차로 - 교차로안,승용,남,46세,상해없음,승용,여,44세,경상
2020073100100210,2020년 7월 31일 12시,금요일,충청남도 당진시 시곡리,경상사고,0,0,1,0,차대차 - 추돌,안전운전불이행,건조,맑음,단일로 - 기타,승용,남,60세,상해없음,승용,여,27세,경상
2020073100100297,2020년 7월 31일 14시,금요일,충청남도 논산시 내동,경상사고,0,0,1,0,차대차 - 기타,안전운전불이행,건조,맑음,단일로 - 기타,승용,남,48세,상해없음,승용,남,51세,경상
2020073100100298,2020년 7월 31일 14시,금요일,충청남도 아산시 읍내동,경상사고,0,0,1,0,차대차 - 기타,중앙선침범,건조,맑음,단일로 - 기타,화물,남,54세,상해없음,화물,남,57세,경상
2020073100100372,2020년 7월 31일 16시,금요일,충청남도 천안시 서북구 성정동,경상사고,0,0,3,0,차대차 - 측면충돌,교차로운행방법위반,젖음/습기,맑음,교차로 - 교차로안,승용,여,60세,경상,승용,남,46세,상해없음
2020073100100417,2020년 7월 31일 17시,금요일,충청남도 천안시 서북구 성환읍,경상사고,0,0,2,0,차대차 - 기타,중앙선침범,건조,맑음,단일로 - 기타,승용,남,23세,상해없음,승용,남,53세,경상
2020073100100471,2020년 7월 31일 18시,금요일,충청남도 공주시 계룡면,경상사고,0,0,1,0,차대차 - 정면충돌,중앙선침범,건조,맑음,단일로 - 기타,화물,남,65세,상해없음,승용,남,62세,경상
2020073100100523,2020년 7월 31일 19시,금요일,충청남도 천안시 서북구 성정동,경상사고,0,0,2,0,차대차 - 기타,안전운전불이행,건조,맑음,단일로 - 기타,승용,남,60세,상해없음,승용,남,33세,경상
2020073100100590,2020년 7월 31일 21시,금요일,충청남도 천안시 서북구 두정동,경상사고,0,0,1,0,차대차 - 기타,안전운전불이행,건조,맑음,교차로 - 교차로안,승용,남,29세,상해없음,승용,남,51세,경상
2020073100100591,2020년 7월 31일 21시,금요일,충청남도 서천군 서면,경상사고,0,0,1,0,차대차 - 측면충돌,안전운전불이행,건조,맑음,단일로 - 기타,승용,남,43세,상해없음,자전거,남,54세,경상
2020073100100592,2020년 7월 31일 21시,금요일,충청남도 천안시 동남구 원성동,중상사고,0,1,0,0,차대사람 - 횡단중,안전운전불이행,건조,맑음,교차로 - 교차로횡단보도내,승용,남,67세,상해없음,보행자,여,41세,중상
2020073100100593,2020년 7월 31일 21시,금요일,충청남도 천안시 동남구 목천읍,중상사고,0,1,0,0,차대차 - 측면충돌,안전운전불이행,젖음/습기,흐림,단일로 - 기타,기타불명,기타불명,미분류,기타불명,승용,여,48세,중상
2020073100100622,2020년 7월 31일 22시,금요일,충청남도 논산시 내동,중상사고,0,1,0,0,차대사람 - 기타,안전운전불이행,건조,맑음,단일로 - 기타,승용,여,23세,상해없음,보행자,남,28세,중상
2020073100100623,2020년 7월 31일 22시,금요일,충청남도 아산시 배방읍,중상사고,0,1,2,0,차대차 - 측면충돌,중앙선침범,건조,맑음,기타 - 기타,승용,여,46세,상해없음,승용,남,49세,경상
2020073100100624,2020년 7월 31일 22시,금요일,충청남도 당진시 읍내리,부상신고사고,0,0,0,1,차대차 - 측면충돌,교차로운행방법위반,건조,맑음,교차로 - 교차로안,승용,남,30세,상해없음,승합,남,28세,부상신고
2020073100100625,2020년 7월 31일 22시,금요일,충청남도 천안시 동남구 목천읍,중상사고,0,2,0,0,차대차 - 정면충돌,교차로운행방법위반,건조,맑음,교차로 - 교차로부근,승용,남,41세,상해없음,이륜,남,50세,중상
2020073100100626,2020년 7월 31일 22시,금요일,충청남도 천안시 동남구 안서동,중상사고,0,1,1,0,차대차 - 기타,안전운전불이행,건조,맑음,단일로 - 기타,화물,남,60세,상해없음,승용,여,52세,중상
2020073100100649,2020년 7월 31일 23시,금요일,충청남도 아산시 권곡동,경상사고,0,0,1,0,차대차 - 기타,차로위반,건조,맑음,교차로 - 교차로부근,원동기,남,17세,상해없음,승용,남,56세,상해없음
2020080100100055,2020년 8월 1일 03시,토요일,충청남도 천안시 서북구 불당동,중상사고,0,1,1,0,차대사람 - 횡단중,안전운전불이행,건조,맑음,교차로 - 교차로안,승용,남,36세,상해없음,보행자,남,22세,중상
2020080100100076,2020년 8월 1일 05시,토요일,충청남도 예산군 신양면,중상사고,0,2,0,0,차대차 - 측면충돌,중앙선침범,건조,맑음,단일로 - 기타,화물,남,59세,상해없음,승용,남,63세,중상
2020080100100082,2020년 8월 1일 06시,토요일,충청남도 서산시 예천동,중상사고,0,1,2,0,차대차 - 측면충돌,안전운전불이행,건조,맑음,단일로 - 기타,승용,남,58세,상해없음,승용,여,67세,경상
2020080100100100,2020년 8월 1일 08시,토요일,충청남도 천안시 서북구 성정동,중상사고,0,1,0,0,차대사람 - 기타,안전운전불이행,건조,맑음,단일로 - 지하차도(도로)내,기타불명,기타불명,미분류,기타불명,보행자,남,32세,중상
2020080100100101,2020년 8월 1일 08시,토요일,충청남도 천안시 동남구 안서동,경상사고,0,0,1,0,차대차 - 측면충돌,안전거리미확보,건조,흐림,단일로 - 기타,승용,남,57세,상해없음,승용,남,71세,경상
2020080100100117,2020년 8월 1일 09시,토요일,충청남도 서산시 석림동,중상사고,0,1,0,0,차대차 - 측면충돌,직진우회전진행방해,건조,맑음,교차로 - 교차로안,화물,남,57세,상해없음,자전거,여,52세,중상
2020080100100148,2020년 8월 1일 10시,토요일,충청남도 천안시 서북구 불당동,경상사고,0,0,1,0,차대차 - 측면충돌,교차로운행방법위반,건조,맑음,교차로 - 교차로안,승용,여,56세,상해없음,승용,남,27세,경상
2020080100100176,2020년 8월 1일 11시,토요일,충청남도 서산시 잠홍동,경상사고,0,0,1,0,차대차 - 기타,안전운전불이행,젖음/습기,비,교차로 - 교차로부근,이륜,남,45세,경상,승용,여,37세,상해없음
2020080100100177,2020년 8월 1일 11시,토요일,충청남도 논산시 부적면,경상사고,0,0,3,0,차대차 - 추돌,안전운전불이행,건조,맑음,교차로 - 교차로부근,화물,남,66세,상해없음,승용,남,46세,경상
2020080100100178,2020년 8월 1일 11시,토요일,충청남도 아산시 배방읍,경상사고,0,0,2,0,차대차 - 추돌,안전운전불이행,건조,맑음,단일로 - 기타,화물,남,66세,상해없음,승용,남,54세,경상
2020080100100179,2020년 8월 1일 11시,토요일,충청남도 천안시 동남구 청당동,경상사고,0,0,1,0,차대차 - 측면충돌,직진우회전진행방해,건조,맑음,교차로 - 교차로안,이륜,남,34세,상해없음,승용,여,31세,경상
2020080100100220,2020년 8월 1일 12시,토요일,충청남도 금산군 남이면,중상사고,0,1,0,0,차대차 - 추돌,안전운전불이행,건조,흐림,단일로 - 기타,화물,남,71세,상해없음,이륜,남,82세,중상
2020080100100258,2020년 8월 1일 13시,토요일,충청남도 보령시 웅천읍,중상사고,0,1,0,0,차대차 - 정면충돌,안전운전불이행,건조,맑음,단일로 - 기타,승용,남,62세,상해없음,이륜,여,78세,중상
2020080100100259,2020년 8월 1일 13시,토요일,충청남도 천안시 동남구 사직동,중상사고,0,1,0,0,차대사람 - 기타,안전운전불이행,건조,맑음,단일로 - 기타,화물,남,77세,상해없음,보행자,남,70세,중상
2020080100100294,2020년 8월 1일 14시,토요일,충청남도 서산시 해미면,경상사고,0,0,2,0,차대차 - 후진중충돌,안전운전불이행,젖음/습기,비,교차로 - 교차로부근,승용,남,50세,상해없음,승용,남,28세,경상
2020080100100295,2020년 8월 1일 14시,토요일,충청남도 천안시 서북구 백석동,경상사고,0,0,6,0,차대차 - 추돌,안전운전불이행,젖음/습기,비,단일로 - 기타,승용,여,47세,경상,승용,여,52세,상해없음
2020080100100296,2020년 8월 1일 14시,토요일,충청남도 아산시 송악면,경상사고,0,0,1,0,차대차 - 측면충돌,신호위반,젖음/습기,비,교차로 - 교차로안,승용,여,72세,상해없음,승용,여,45세,경상
2020080100100297,2020년 8월 1일 14시,토요일,충청남도 금산군 복수면,중상사고,0,1,1,0,차대차 - 측면충돌,신호위반,젖음/습기,비,교차로 - 교차로안,승용,남,63세,상해없음,이륜,남,19세,중상
2020080100100332,2020년 8월 1일 15시,토요일,충청남도 천안시 동남구 다가동,경상사고,0,0,1,0,차대차 - 측면충돌,신호위반,젖음/습기,비,교차로 - 교차로횡단보도내,화물,남,65세,상해없음,자전거,남,12세,경상
2020080100100333,2020년 8월 1일 15시,토요일,충청남도 천안시 동남구 구성동,경상사고,0,0,3,0,차대차 - 추돌,안전거리미확보,건조,맑음,단일로 - 기타,승용,남,26세,상해없음,승용,여,41세,경상
2020080100100334,2020년 8월 1일 15시,토요일,충청남도 태안군 근흥면,경상사고,0,0,2,0,차대차 - 추돌,중앙선침범,젖음/습기,비,기타 - 기타,승용,남,68세,경상,화물,남,41세,경상
2020080100100371,2020년 8월 1일 16시,토요일,충청남도 서산시 석림동,부상신고사고,0,0,0,1,차대차 - 측면충돌,신호위반,젖음/습기,비,교차로 - 교차로안,승용,여,45세,상해없음,승용,남,50세,부상신고
2020080100100372,2020년 8월 1일 16시,토요일,충청남도 아산시 둔포면,경상사고,0,0,1,0,차대차 - 기타,안전운전불이행,건조,맑음,교차로 - 교차로부근,승용,남,53세,상해없음,이륜,남,18세,경상
2020080100100416,2020년 8월 1일 17시,토요일,충청남도 공주시 산성동,경상사고,0,0,1,0,차대사람 - 횡단중,보행자보호의무위반,젖음/습기,비,교차로 - 교차로안,이륜,남,50세,상해없음,보행자,여,71세,경상
2020080100100450,2020년 8월 1일 18시,토요일,충청남도 천안시 서북구 쌍용동,경상사고,0,0,1,0,차대차 - 기타,안전운전불이행,젖음/습기,흐림,교차로 - 교차로안,승용,남,29세,상해없음,승용,남,40세,경상
2020080100100479,2020년 8월 1일 19시,토요일,충청남도 아산시 탕정면,부상신고사고,0,0,0,1,차량단독 - 공작물충돌,안전운전불이행,건조,흐림,교차로 - 교차로안,승용,남,54세,부상신고,,,,
2020080100100511,2020년 8월 1일 20시,토요일,충청남도 서산시 석림동,경상사고,0,0,1,0,차대차 - 측면충돌,신호위반,젖음/습기,비,교차로 - 교차로안,승용,남,23세,상해없음,이륜,남,24세,경상
2020080100100512,2020년 8월 1일 20시,토요일,충청남도 예산군 삽교읍,중상사고,0,1,0,0,차대차 - 측면충돌,신호위반,젖음/습기,비,교차로 - 교차로안,승용,여,60세,상해없음,승용,남,31세,중상
2020080100100513,2020년 8월 1일 20시,토요일,충청남도 당진시 석문면,중상사고,0,3,1,0,차대차 - 추돌,안전운전불이행,건조,맑음,교차로 - 교차로안,승용,여,58세,상해없음,승용,남,27세,중상
2020080100100538,2020년 8월 1일 21시,토요일,충청남도 천안시 동남구 신방동,경상사고,0,0,1,0,차대차 - 측면충돌,안전운전불이행,젖음/습기,비,교차로 - 교차로안,승용,남,56세,상해없음,이륜,남,39세,경상
2020080100100575,2020년 8월 1일 22시,토요일,충청남도 홍성군 홍북읍,중상사고,0,1,0,0,차대차 - 추돌,안전운전불이행,젖음/습기,비,단일로 - 기타,승용,남,51세,상해없음,승용,남,69세,중상
2020080200100091,2020년 8월 2일 10시,일요일,충청남도 당진시 수청리,경상사고,0,0,1,0,차대차 - 측면충돌,중앙선침범,젖음/습기,비,단일로 - 기타,승용,남,78세,상해없음,이륜,남,49세,경상
2020080200100113,2020년 8월 2일 11시,일요일,충청남도 당진시 송악읍,중상사고,0,1,4,0,차대차 - 추돌,안전거리미확보,젖음/습기,비,단일로 - 기타,승용,남,25세,상해없음,승용,남,37세,중상
2020080200100133,2020년 8월 2일 12시,일요일,충청남도 천안시 서북구 백석동,경상사고,0,0,1,0,차대차 - 측면충돌,신호위반,젖음/습기,비,교차로 - 교차로안,승용,남,25세,상해없음,화물,남,28세,경상
2020080200100134,2020년 8월 2일 12시,일요일,충청남도 천안시 서북구 쌍용동,부상신고사고,0,0,0,1,차대차 - 측면충돌,안전운전불이행,젖음/습기,비,교차로 - 교차로안,자전거,남,51세,부상신고,승용,남,79세,상해없음
2020080200100157,2020년 8월 2일 13시,일요일,충청남도 아산시 배방읍,경상사고,0,0,1,0,차대차 - 기타,안전운전불이행,건조,맑음,단일로 - 기타,승용,여,48세,상해없음,승용,여,56세,경상
2020080200100181,2020년 8월 2일 14시,일요일,충청남도 아산시 배방읍,경상사고,0,0,2,0,차대차 - 추돌,안전운전불이행,젖음/습기,흐림,단일로 - 고가도로위,승용,남,32세,상해없음,승용,여,32세,상해없음
2020080200100182,2020년 8월 2일 14시,일요일,충청남도 아산시 온천동,경상사고,0,0,2,1,차대차 - 기타,안전운전불이행,건조,맑음,교차로 - 교차로부근,승용,남,38세,기타불명,승용,남,29세,경상
2020080200100183,2020년 8월 2일 14시,일요일,충청남도 천안시 동남구 신부동,중상사고,0,1,0,0,차대차 - 기타,안전운전불이행,건조,맑음,교차로 - 교차로안,승용,여,60세,상해없음,이륜,남,34세,중상
2020080200100244,2020년 8월 2일 16시,일요일,충청남도 서천군 판교면,경상사고,0,0,1,0,차량단독 - 도로외이탈 - 기타,안전운전불이행,건조,맑음,단일로 - 기타,화물,남,62세,경상,,,,
2020080200100245,2020년 8월 2일 16시,일요일,충청남도 금산군 금산읍,경상사고,0,0,1,0,차대차 - 측면충돌,교차로운행방법위반,젖음/습기,비,교차로 - 교차로안,승용,남,49세,상해없음,승합,남,35세,경상
2020080200100270,2020년 8월 2일 17시,일요일,충청남도 예산군 예산읍,경상사고,0,0,1,0,차대차 - 측면충돌,안전운전불이행,젖음/습기,흐림,단일로 - 기타,승용,남,46세,상해없음,승용,여,61세,경상
2020080200100396,2020년 8월 2일 22시,일요일,충청남도 서산시 지곡면,경상사고,0,0,1,0,차대사람 - 길가장자리구역통행중,안전운전불이행,건조,맑음,교차로 - 교차로부근,승용,남,31세,상해없음,보행자,남,60세,경상
2020080200100397,2020년 8월 2일 22시,일요일,충청남도 보령시 천북면,중상사고,0,1,0,0,차량단독 - 공작물충돌,안전운전불이행,건조,맑음,단일로 - 기타,승용,남,58세,중상,,,,
2020080300100044,2020년 8월 3일 05시,월요일,충청남도 천안시 서북구 신당동,경상사고,0,0,1,0,차대차 - 후진중충돌,안전운전불이행,건조,맑음,교차로 - 교차로부근,승용,남,51세,상해없음,승용,여,38세,경상
2020080300100066,2020년 8월 3일 07시,월요일,충청남도 당진시 면천면,경상사고,0,0,1,0,차대차 - 정면충돌,중앙선침범,젖음/습기,비,교차로 - 교차로부근,승용,남,44세,상해없음,승용,여,50세,경상
2020080300100100,2020년 8월 3일 08시,월요일,충청남도 당진시 석문면,중상사고,0,1,0,0,차대차 - 기타,신호위반,젖음/습기,비,교차로 - 교차로안,특수,남,35세,상해없음,승용,남,52세,중상
2020080300100124,2020년 8월 3일 09시,월요일,충청남도 서산시 대산읍,중상사고,0,3,1,0,차대차 - 추돌,안전거리미확보,젖음/습기,비,단일로 - 기타,특수,남,33세,상해없음,화물,남,62세,중상
2020080300100154,2020년 8월 3일 10시,월요일,충청남도 태안군 태안읍,중상사고,0,1,0,0,차대사람 - 차도통행중,안전운전불이행,젖음/습기,비,교차로 - 교차로안,승용,남,67세,상해없음,보행자,여,76세,중상
2020080300100183,2020년 8월 3일 11시,월요일,충청남도 아산시 탕정면,부상신고사고,0,0,0,2,차량단독 - 기타,안전운전불이행,젖음/습기,비,단일로 - 기타,승용,남,37세,부상신고,,,,
2020080300100262,2020년 8월 3일 13시,월요일,충청남도 천안시 서북구 불당동,경상사고,0,0,1,0,차대차 - 기타,안전운전불이행,젖음/습기,비,단일로 - 기타,승용,남,45세,상해없음,이륜,남,39세,경상
2020080300100263,2020년 8월 3일 13시,월요일,충청남도 논산시 벌곡면,경상사고,0,0,2,0,차대차 - 측면충돌,중앙선침범,건조,맑음,단일로 - 기타,승용,남,70세,상해없음,승용,여,54세,경상
2020080300100264,2020년 8월 3일 13시,월요일,충청남도 아산시 권곡동,경상사고,0,0,1,0,차대차 - 기타,안전운전불이행,젖음/습기,비,교차로 - 교차로안,승용,남,64세,상해없음,승용,여,29세,경상
2020080300100265,2020년 8월 3일 13시,월요일,충청남도 보령시 대천동,경상사고,0,0,1,0,차대차 - 측면충돌,안전운전불이행,젖음/습기,비,교차로 - 교차로안,승용,남,51세,상해없음,승용,여,55세,경상
2020080300100266,2020년 8월 3일 13시,월요일,충청남도 천안시 동남구 성황동,경상사고,0,0,1,0,차량단독 - 공작물충돌,안전운전불이행,젖음/습기,비,단일로 - 기타,승용,남,63세,경상,,,,
2020080300100307,2020년 8월 3일 14시,월요일,충청남도 아산시 탕정면,중상사고,0,1,0,0,차대사람 - 기타,안전운전불이행,건조,맑음,단일로 - 기타,승용,남,33세,상해없음,보행자,여,33세,중상
2020080300100413,2020년 8월 3일 17시,월요일,충청남도 당진시 시곡리,경상사고,0,0,2,0,차대차 - 측면충돌,차로위반,젖음/습기,비,단일로 - 기타,승용,남,33세,상해없음,승용,남,62세,경상
2020080300100414,2020년 8월 3일 17시,월요일,충청남도 당진시 정미면,중상사고,0,2,1,0,차량단독 - 공작물충돌,안전운전불이행,젖음/습기,비,단일로 - 기타,승합,남,47세,중상,,,,
2020080300100451,2020년 8월 3일 18시,월요일,충청남도 서산시 해미면,경상사고,0,0,4,0,차대차 - 추돌,안전운전불이행,건조,맑음,교차로 - 교차로부근,승용,남,74세,상해없음,승용,남,30세,경상
2020080300100452,2020년 8월 3일 18시,월요일,충청남도 아산시 도고면,경상사고,0,0,2,0,차대차 - 기타,신호위반,젖음/습기,비,교차로 - 교차로안,승용,남,74세,상해없음,승용,남,37세,경상
2020080300100483,2020년 8월 3일 19시,월요일,충청남도 서산시 지곡면,경상사고,0,0,2,0,차대차 - 후진중충돌,중앙선침범,젖음/습기,비,단일로 - 기타,승용,여,60세,상해없음,승용,남,51세,경상
2020080300100538,2020년 8월 3일 21시,월요일,충청남도 천안시 서북구 두정동,경상사고,0,0,1,0,차대사람 - 길가장자리구역통행중,안전운전불이행,젖음/습기,비,기타 - 기타,승용,여,25세,상해없음,보행자,남,48세,경상
2020080300100539,2020년 8월 3일 21시,월요일,충청남도 공주시 계룡면,경상사고,0,0,1,0,차대차 - 기타,안전운전불이행,젖음/습기,비,단일로 - 기타,화물,남,62세,상해없음,승용,남,41세,경상
2020080400100039,2020년 8월 4일 04시,화요일,충청남도 천안시 서북구 두정동,중상사고,0,1,0,0,차대차 - 추돌,안전운전불이행,건조,맑음,단일로 - 기타,승용,남,32세,중상,화물,남,59세,상해없음
2020080400100040,2020년 8월 4일 04시,화요일,충청남도 당진시 신평면,사망사고,1,0,0,0,차대사람 - 차도통행중,안전운전불이행,건조,흐림,단일로 - 기타,화물,남,42세,상해없음,보행자,남,78세,사망
2020080400100047,2020년 8월 4일 05시,화요일,충청남도 당진시 송악읍,경상사고,0,0,1,0,차량단독 - 전도전복 - 전도,안전운전불이행,젖음/습기,비,단일로 - 기타,이륜,남,18세,상해없음,,,,
2020080400100091,2020년 8월 4일 08시,화요일,충청남도 아산시 풍기동,경상사고,0,0,1,0,차대차 - 기타,안전운전불이행,건조,맑음,단일로 - 기타,승용,남,50세,상해없음,승용,여,35세,경상
2020080400100092,2020년 8월 4일 08시,화요일,충청남도 당진시 신평면,경상사고,0,0,1,0,차대차 - 기타,불법유턴,건조,맑음,단일로 - 기타,승용,남,34세,상해없음,승용,여,46세,경상
2020080400100139,2020년 8월 4일 10시,화요일,충청남도 서산시 석림동,경상사고,0,0,1,0,차대차 - 측면충돌,안전운전불이행,건조,맑음,교차로 - 교차로부근,이륜,남,89세,경상,승용,여,51세,상해없음
2020080400100140,2020년 8월 4일 10시,화요일,충청남도 예산군 삽교읍,중상사고,0,1,0,0,차대차 - 측면충돌,신호위반,건조,맑음,교차로 - 교차로안,승용,남,60세,상해없음,승용,여,53세,중상
2020080400100176,2020년 8월 4일 11시,화요일,충청남도 서산시 예천동,경상사고,0,0,1,0,차대차 - 기타,안전운전불이행,건조,맑음,교차로 - 교차로안,승용,남,43세,상해없음,자전거,남,9세,경상
2020080400100247,2020년 8월 4일 13시,화요일,충청남도 홍성군 광천읍,중상사고,0,2,0,0,차대차 - 측면충돌,신호위반,건조,맑음,교차로 - 교차로안,승용,남,30세,상해없음,승용,남,35세,중상
2020080400100248,2020년 8월 4일 13시,화요일,충청남도 태안군 근흥면,경상사고,0,0,3,0,차대차 - 추돌,안전운전불이행,건조,흐림,교차로 - 교차로부근,승용,남,22세,상해없음,승용,남,27세,경상
2020080400100284,2020년 8월 4일 14시,화요일,충청남도 천안시 서북구 성정동,경상사고,0,0,1,0,차대사람 - 기타,안전운전불이행,젖음/습기,흐림,교차로 - 교차로부근,기타불명,기타불명,미분류,기타불명,보행자,남,30세,경상
2020080400100285,2020년 8월 4일 14시,화요일,충청남도 천안시 서북구 신당동,경상사고,0,0,2,0,차대차 - 측면충돌,안전거리미확보,건조,맑음,단일로 - 기타,화물,남,72세,상해없음,화물,남,47세,상해없음
2020080400100314,2020년 8월 4일 15시,화요일,충청남도 예산군 예산읍,경상사고,0,0,1,0,차대차 - 측면충돌,직진우회전진행방해,건조,맑음,교차로 - 교차로안,승용,여,62세,상해없음,승용,여,70세,경상
2020080400100318,2020년 8월 4일 15시,화요일,충청남도 서천군 화양면,경상사고,0,0,1,0,차대차 - 측면충돌,안전거리미확보,건조,맑음,단일로 - 기타,승용,남,69세,상해없음,승용,여,38세,경상
2020080400100351,2020년 8월 4일 16시,화요일,충청남도 서산시 예천동,경상사고,0,0,5,0,차대차 - 기타,불법유턴,건조,맑음,교차로 - 교차로안,승용,남,45세,상해없음,승용,남,21세,경상
2020080400100352,2020년 8월 4일 16시,화요일,충청남도 논산시 은진면,중상사고,0,1,0,0,차대사람 - 기타,안전운전불이행,건조,맑음,교차로 - 교차로부근,화물,남,79세,상해없음,보행자,여,81세,중상
2020080400100391,2020년 8월 4일 17시,화요일,충청남도 서산시 석남동,경상사고,0,0,2,0,차대차 - 측면충돌,차로위반,건조,맑음,단일로 - 기타,화물,남,75세,상해없음,승용,남,72세,경상
2020080400100392,2020년 8월 4일 17시,화요일,충청남도 태안군 안면읍,중상사고,0,3,2,0,차대차 - 정면충돌,중앙선침범,건조,맑음,단일로 - 기타,승용,남,22세,경상,승합,남,41세,중상
2020080400100427,2020년 8월 4일 18시,화요일,충청남도 천안시 서북구 쌍용동,중상사고,0,2,0,0,차대차 - 기타,기타,건조,맑음,단일로 - 기타,승합,남,49세,상해없음,이륜,남,30세,중상
2020080400100428,2020년 8월 4일 18시,화요일,충청남도 천안시 서북구 두정동,경상사고,0,0,1,0,차대사람 - 횡단중,신호위반,건조,맑음,교차로 - 교차로횡단보도내,승용,여,28세,상해없음,보행자,여,12세,경상
2020080400100465,2020년 8월 4일 19시,화요일,충청남도 천안시 동남구 신방동,경상사고,0,0,1,0,차대차 - 정면충돌,안전운전불이행,건조,맑음,교차로 - 교차로안,승용,남,23세,상해없음,승용,남,60세,경상
2020080400100466,2020년 8월 4일 19시,화요일,충청남도 천안시 동남구 신부동,경상사고,0,0,1,0,차대차 - 추돌,안전운전불이행,건조,맑음,단일로 - 기타,승용,남,77세,상해없음,이륜,남,29세,경상
2020080400100495,2020년 8월 4일 20시,화요일,충청남도 천안시 서북구 성정동,경상사고,0,0,1,0,차대차 - 측면충돌,교차로운행방법위반,건조,맑음,교차로 - 교차로안,승용,남,48세,경상,승용,남,64세,상해없음
2020080400100496,2020년 8월 4일 20시,화요일,충청남도 아산시 권곡동,중상사고,0,1,0,0,차대차 - 기타,안전운전불이행,건조,맑음,교차로 - 교차로부근,승용,여,53세,상해없음,화물,남,45세,상해없음
2020080400100582,2020년 8월 4일 23시,화요일,충청남도 아산시 탕정면,경상사고,0,0,1,0,차대차 - 추돌,안전운전불이행,건조,맑음,단일로 - 기타,승용,남,30세,상해없음,화물,남,57세,경상
2020080400100583,2020년 8월 4일 23시,화요일,충청남도 천안시 동남구 신부동,경상사고,0,0,1,0,차대차 - 추돌,안전거리미확보,건조,맑음,교차로 - 교차로부근,이륜,남,19세,상해없음,특수,남,27세,경상
2020080500100010,2020년 8월 5일 00시,수요일,충청남도 천안시 서북구 직산읍,경상사고,0,0,1,0,차대차 - 추돌,안전운전불이행,젖음/습기,흐림,단일로 - 기타,승용,남,34세,상해없음,승용,남,22세,경상
2020080500100043,2020년 8월 5일 04시,수요일,충청남도 천안시 서북구 두정동,경상사고,0,0,4,0,차대차 - 후진중충돌,안전운전불이행,건조,맑음,단일로 - 기타,승용,남,24세,상해없음,승용,남,26세,경상
2020080500100084,2020년 8월 5일 08시,수요일,충청남도 서산시 동문동,중상사고,0,1,0,0,차대사람 - 횡단중,보행자보호의무위반,젖음/습기,비,교차로 - 교차로횡단보도내,승용,남,74세,상해없음,보행자,여,36세,중상
2020080500100085,2020년 8월 5일 08시,수요일,충청남도 예산군 덕산면,중상사고,0,1,0,0,차대차 - 측면충돌,직진우회전진행방해,건조,맑음,단일로 - 기타,승용,여,66세,상해없음,승용,남,36세,중상
2020080500100086,2020년 8월 5일 08시,수요일,충청남도 당진시 채운동,경상사고,0,0,1,0,차대차 - 추돌,안전운전불이행,건조,맑음,단일로 - 기타,승용,남,23세,상해없음,승용,여,32세,경상
2020080500100109,2020년 8월 5일 09시,수요일,충청남도 태안군 근흥면,중상사고,0,1,0,0,차대차 - 추돌,불법유턴,젖음/습기,흐림,기타 - 기타,이륜,남,84세,중상,화물,남,57세,상해없음
2020080500100130,2020년 8월 5일 10시,수요일,충청남도 서천군 종천면,경상사고,0,0,1,0,차대차 - 추돌,안전운전불이행,젖음/습기,흐림,단일로 - 기타,승용,남,58세,상해없음,승용,남,31세,경상
2020080500100168,2020년 8월 5일 11시,수요일,충청남도 예산군 오가면,경상사고,0,0,1,0,차대차 - 기타,안전운전불이행,건조,맑음,교차로 - 교차로안,자전거,남,57세,경상,화물,남,63세,상해없음
2020080500100199,2020년 8월 5일 12시,수요일,충청남도 아산시 신창면,경상사고,0,0,2,0,차대차 - 기타,안전운전불이행,건조,맑음,단일로 - 기타,승용,남,56세,상해없음,승용,남,43세,경상
2020080500100200,2020년 8월 5일 12시,수요일,충청남도 서천군 서천읍,경상사고,0,0,1,0,차대차 - 측면충돌,신호위반,젖음/습기,비,교차로 - 교차로안,화물,남,54세,상해없음,승용,남,74세,경상
2020080500100201,2020년 8월 5일 12시,수요일,충청남도 천안시 동남구 원성동,경상사고,0,0,4,0,차대차 - 측면충돌,안전운전불이행,건조,맑음,단일로 - 기타,승합,여,38세,상해없음,승합,남,38세,경상
2020080500100233,2020년 8월 5일 13시,수요일,충청남도 논산시 부창동,중상사고,0,1,0,0,차대차 - 측면충돌,직진우회전진행방해,젖음/습기,비,교차로 - 교차로안,승용,남,34세,기타불명,이륜,남,31세,중상