사고번호,사고일시,요일,시군구,사고내용,사망자수,중상자수,경상자수,부상신고자수,사고유형,법규위반,노면상태,기상상태,도로형태,가해운전자 차종,가해운전자 성별,가해운전자 연령,가해운전자 상해정도,피해운전자 차종,피해운전자 성별,피해운전자 연령,피해운전자 상해정도
2020080500100234,2020년 8월 5일 13시,수요일,충청남도 부여군 부여읍,중상사고,0,1,0,0,차대차 - 정면충돌,중앙선침범,젖음/습기,흐림,단일로 - 기타,원동기,남,52세,중상,승용,남,65세,상해없음
2020080500100300,2020년 8월 5일 15시,수요일,충청남도 서산시 읍내동,중상사고,0,2,0,0,차대차 - 정면충돌,신호위반,건조,흐림,교차로 - 교차로안,승용,여,52세,상해없음,승용,남,30세,중상
2020080500100360,2020년 8월 5일 17시,수요일,충청남도 천안시 서북구 두정동,경상사고,0,0,1,0,차대차 - 추돌,안전운전불이행,건조,맑음,단일로 - 교량,승용,남,45세,상해없음,승용,남,57세,경상
2020080500100402,2020년 8월 5일 18시,수요일,충청남도 서산시 읍내동,경상사고,0,0,1,0,차대차 - 측면충돌,교차로운행방법위반,건조,흐림,교차로 - 교차로안,승용,남,54세,상해없음,승용,여,34세,경상
2020080500100403,2020년 8월 5일 18시,수요일,충청남도 천안시 서북구 성정동,경상사고,0,0,1,0,차대차 - 기타,안전운전불이행,건조,맑음,단일로 - 기타,승용,남,38세,상해없음,이륜,남,36세,경상
2020080500100404,2020년 8월 5일 18시,수요일,충청남도 아산시 음봉면,중상사고,0,1,0,0,차대차 - 정면충돌,안전운전불이행,건조,맑음,교차로 - 교차로안,승용,남,26세,상해없음,승용,남,79세,중상
2020080500100406,2020년 8월 5일 18시,수요일,충청남도 천안시 동남구 신부동,경상사고,0,0,3,0,차대차 - 정면충돌,안전운전불이행,건조,맑음,교차로 - 교차로안,승용,남,40세,기타불명,승용,남,25세,경상
2020080500100447,2020년 8월 5일 19시,수요일,충청남도 천안시 서북구 두정동,중상사고,0,1,1,0,차대차 - 측면충돌,중앙선침범,건조,맑음,단일로 - 기타,이륜,남,24세,중상,승용,남,28세,경상
2020080500100448,2020년 8월 5일 19시,수요일,충청남도 공주시 석장리동,중상사고,0,1,0,0,차대차 - 추돌,안전운전불이행,건조,맑음,단일로 - 기타,승합,남,52세,상해없음,자전거,남,84세,중상
2020080500100449,2020년 8월 5일 19시,수요일,충청남도 천안시 동남구 신부동,경상사고,0,0,1,0,차대차 - 측면충돌,안전운전불이행,건조,흐림,기타 - 기타,승용,여,63세,상해없음,원동기,남,25세,경상
2020080500100450,2020년 8월 5일 19시,수요일,충청남도 태안군 안면읍,중상사고,0,1,0,0,차량단독 - 공작물충돌,안전운전불이행,젖음/습기,비,기타 - 기타,기타불명,기타불명,미분류,기타불명,,,,
2020080500100478,2020년 8월 5일 20시,수요일,충청남도 아산시 배방읍,경상사고,0,0,5,0,차대차 - 기타,중앙선침범,젖음/습기,비,교차로 - 교차로부근,화물,남,51세,상해없음,승용,남,42세,경상
2020080500100479,2020년 8월 5일 20시,수요일,충청남도 보령시 주교면,경상사고,0,0,2,0,차대차 - 추돌,안전운전불이행,건조,맑음,단일로 - 기타,승용,남,36세,상해없음,승합,남,62세,상해없음
2020080500100480,2020년 8월 5일 20시,수요일,충청남도 천안시 동남구 성남면,중상사고,0,1,0,0,차대차 - 기타,안전운전불이행,건조,맑음,단일로 - 기타,승합,남,60세,상해없음,승용,여,59세,중상
2020080500100508,2020년 8월 5일 21시,수요일,충청남도 논산시 부창동,경상사고,0,0,5,0,차대차 - 추돌,안전운전불이행,건조,흐림,교차로 - 교차로부근,화물,남,63세,상해없음,승용,남,52세,경상
2020080500100581,2020년 8월 5일 23시,수요일,충청남도 당진시 신평면,부상신고사고,0,0,0,1,차량단독 - 전도전복 - 전도,안전운전불이행,젖음/습기,비,단일로 - 기타,승용,남,36세,부상신고,,,,
2020080600100014,2020년 8월 6일 00시,목요일,충청남도 천안시 서북구 성정동,경상사고,0,0,1,0,차대사람 - 기타,안전운전불이행,기타,비,단일로 - 기타,승용,남,54세,상해없음,보행자,남,49세,경상
2020080600100057,2020년 8월 6일 03시,목요일,충청남도 당진시 원당리,중상사고,0,1,2,0,차대차 - 측면충돌,신호위반,젖음/습기,비,교차로 - 교차로안,승용,여,19세,상해없음,승용,남,52세,경상
2020080600100058,2020년 8월 6일 03시,목요일,충청남도 당진시 시곡리,경상사고,0,0,1,0,차대차 - 추돌,안전거리미확보,젖음/습기,비,단일로 - 기타,승용,남,30세,상해없음,특수,남,26세,경상
2020080600100078,2020년 8월 6일 06시,목요일,충청남도 아산시 풍기동,경상사고,0,0,1,0,차대차 - 기타,안전운전불이행,젖음/습기,비,단일로 - 기타,승용,남,55세,상해없음,승용,남,32세,경상
2020080600100120,2020년 8월 6일 08시,목요일,충청남도 아산시 배방읍,경상사고,0,0,1,0,차대차 - 기타,안전운전불이행,젖음/습기,비,단일로 - 기타,승용,여,64세,기타불명,승용,남,34세,경상
2020080600100156,2020년 8월 6일 09시,목요일,충청남도 홍성군 홍성읍,경상사고,0,0,1,0,차대차 - 측면충돌,안전운전불이행,젖음/습기,비,단일로 - 기타,승용,남,56세,상해없음,승용,여,52세,경상
2020080600100268,2020년 8월 6일 13시,목요일,충청남도 천안시 서북구 성정동,경상사고,0,0,3,0,차대차 - 정면충돌,중앙선침범,건조,맑음,기타 - 기타,승용,남,38세,상해없음,승용,남,62세,경상
2020080600100269,2020년 8월 6일 13시,목요일,충청남도 천안시 동남구 영성동,경상사고,0,0,1,0,차대사람 - 기타,안전운전불이행,건조,맑음,단일로 - 기타,화물,남,59세,상해없음,보행자,여,66세,경상
2020080600100270,2020년 8월 6일 13시,목요일,충청남도 천안시 동남구 신부동,경상사고,0,0,1,0,차대차 - 기타,신호위반,건조,맑음,교차로 - 교차로안,이륜,남,52세,상해없음,승용,남,36세,경상
2020080600100272,2020년 8월 6일 13시,목요일,충청남도 태안군 태안읍,경상사고,0,0,1,0,차대차 - 정면충돌,교차로운행방법위반,건조,맑음,교차로 - 교차로안,화물,남,32세,상해없음,승용,여,76세,상해없음
2020080600100314,2020년 8월 6일 14시,목요일,충청남도 천안시 서북구 쌍용동,경상사고,0,0,1,0,차대차 - 측면충돌,안전운전불이행,건조,맑음,기타 - 기타,승용,남,60세,상해없음,승합,남,24세,경상
2020080600100315,2020년 8월 6일 14시,목요일,충청남도 공주시 쌍신동,경상사고,0,0,2,0,차대차 - 추돌,안전운전불이행,젖음/습기,비,교차로 - 교차로횡단보도내,승합,남,62세,상해없음,승용,남,33세,경상
2020080600100347,2020년 8월 6일 15시,목요일,충청남도 아산시 배방읍,경상사고,0,0,1,0,차대사람 - 기타,안전운전불이행,건조,맑음,교차로 - 교차로안,승용,여,50세,상해없음,보행자,남,63세,경상
2020080600100348,2020년 8월 6일 15시,목요일,충청남도 서천군 장항읍,경상사고,0,0,3,0,차대차 - 측면충돌,신호위반,건조,맑음,교차로 - 교차로안,승용,여,61세,상해없음,화물,여,51세,경상
2020080600100426,2020년 8월 6일 17시,목요일,충청남도 당진시 읍내리,경상사고,0,0,2,0,차대차 - 측면충돌,직진우회전진행방해,건조,맑음,교차로 - 교차로안,승용,남,39세,상해없음,승용,여,39세,경상
2020080600100466,2020년 8월 6일 18시,목요일,충청남도 천안시 동남구 원성동,중상사고,0,1,0,0,차대차 - 기타,안전운전불이행,건조,맑음,교차로 - 교차로안,이륜,남,58세,중상,승용,남,76세,상해없음
2020080600100512,2020년 8월 6일 20시,목요일,충청남도 계룡시 금암동,경상사고,0,0,1,0,차대차 - 측면충돌,교차로운행방법위반,건조,맑음,교차로 - 교차로횡단보도내,승합,남,65세,상해없음,승용,남,37세,경상
2020080600100513,2020년 8월 6일 20시,목요일,충청남도 보령시 신흑동,중상사고,0,1,0,0,차대차 - 측면충돌,안전운전불이행,건조,맑음,교차로 - 교차로안,승합,남,59세,상해없음,이륜,여,52세,중상
2020080600100553,2020년 8월 6일 22시,목요일,충청남도 천안시 서북구 쌍용동,경상사고,0,0,1,0,차대차 - 기타,안전운전불이행,건조,맑음,교차로 - 교차로부근,승용,남,47세,기타불명,화물,남,45세,경상
2020080600100554,2020년 8월 6일 22시,목요일,충청남도 보령시 명천동,중상사고,0,1,0,0,차대차 - 측면충돌,중앙선침범,건조,맑음,교차로 - 교차로안,승용,남,18세,상해없음,이륜,남,28세,중상
2020080600100555,2020년 8월 6일 22시,목요일,충청남도 금산군 금산읍,경상사고,0,0,1,0,차대차 - 측면충돌,안전운전불이행,젖음/습기,비,교차로 - 교차로안,승용,남,60세,상해없음,이륜,남,18세,경상
2020080700100060,2020년 8월 7일 05시,금요일,충청남도 천안시 서북구 백석동,경상사고,0,0,1,0,차대차 - 기타,신호위반,건조,맑음,교차로 - 교차로안,승용,남,23세,상해없음,승용,남,30세,경상
2020080700100076,2020년 8월 7일 07시,금요일,충청남도 공주시 중동,중상사고,0,1,0,0,차대차 - 측면충돌,직진우회전진행방해,건조,맑음,교차로 - 교차로안,승용,여,56세,기타불명,이륜,여,75세,중상
2020080700100107,2020년 8월 7일 08시,금요일,충청남도 당진시 읍내리,경상사고,0,0,2,0,차대차 - 측면충돌,교차로운행방법위반,건조,맑음,교차로 - 교차로안,승용,여,46세,경상,승용,여,32세,경상
2020080700100108,2020년 8월 7일 08시,금요일,충청남도 태안군 원북면,사망사고,1,0,0,0,차대차 - 정면충돌,중앙선침범,젖음/습기,흐림,단일로 - 기타,승용,남,47세,상해없음,승용,남,34세,사망
2020080700100140,2020년 8월 7일 09시,금요일,충청남도 서산시 예천동,중상사고,0,5,1,0,차대차 - 정면충돌,신호위반,젖음/습기,비,교차로 - 교차로안,승용,남,23세,상해없음,승합,남,58세,경상
2020080700100141,2020년 8월 7일 09시,금요일,충청남도 천안시 서북구 성환읍,경상사고,0,0,1,0,차대차 - 추돌,안전운전불이행,건조,맑음,교차로 - 교차로부근,승용,남,70세,상해없음,이륜,남,76세,경상
2020080700100142,2020년 8월 7일 09시,금요일,충청남도 서천군 서천읍,경상사고,0,0,1,0,차대차 - 측면충돌,안전운전불이행,젖음/습기,비,교차로 - 교차로안,화물,남,66세,상해없음,이륜,남,74세,경상
2020080700100168,2020년 8월 7일 10시,금요일,충청남도 서산시 대산읍,중상사고,0,1,3,0,차대차 - 측면충돌,안전운전불이행,젖음/습기,비,교차로 - 교차로안,승용,남,59세,경상,승용,여,42세,중상
2020080700100169,2020년 8월 7일 10시,금요일,충청남도 천안시 동남구 병천면,경상사고,0,0,1,0,차대차 - 추돌,안전운전불이행,건조,맑음,교차로 - 교차로부근,건설기계,남,37세,상해없음,승용,여,32세,경상
2020080700100202,2020년 8월 7일 11시,금요일,충청남도 서산시 읍내동,경상사고,0,0,1,0,차대차 - 측면충돌,교차로운행방법위반,젖음/습기,비,교차로 - 교차로안,이륜,남,30세,경상,승용,남,48세,상해없음
2020080700100260,2020년 8월 7일 13시,금요일,충청남도 아산시 모종동,중상사고,0,1,0,0,차대차 - 기타,안전운전불이행,젖음/습기,비,단일로 - 기타,화물,남,53세,상해없음,화물,남,25세,상해없음
2020080700100286,2020년 8월 7일 14시,금요일,충청남도 서산시 부석면,중상사고,0,1,0,0,차대차 - 측면충돌,교차로운행방법위반,건조,맑음,교차로 - 교차로안,이륜,남,86세,중상,화물,남,40세,상해없음
2020080700100287,2020년 8월 7일 14시,금요일,충청남도 천안시 서북구 쌍용동,중상사고,0,1,0,0,차대사람 - 횡단중,안전운전불이행,젖음/습기,비,교차로 - 교차로안,승용,남,73세,상해없음,보행자,여,72세,중상
2020080700100288,2020년 8월 7일 14시,금요일,충청남도 태안군 소원면,중상사고,0,1,0,0,차대사람 - 기타,안전운전불이행,건조,맑음,기타 - 기타,승용,남,29세,상해없음,보행자,남,22세,중상
2020080700100326,2020년 8월 7일 15시,금요일,충청남도 보령시 성주면,경상사고,0,0,1,0,차대차 - 기타,교차로운행방법위반,젖음/습기,비,교차로 - 교차로부근,화물,남,63세,상해없음,화물,남,54세,경상
2020080700100400,2020년 8월 7일 17시,금요일,충청남도 천안시 서북구 불당동,경상사고,0,0,1,0,차대차 - 측면충돌,교차로운행방법위반,건조,맑음,교차로 - 교차로횡단보도내,특수,남,41세,상해없음,승용,남,64세,경상
2020080700100493,2020년 8월 7일 19시,금요일,충청남도 공주시 신관동,경상사고,0,0,1,0,차량단독 - 전도전복 - 전도,기타,젖음/습기,비,단일로 - 기타,이륜,남,36세,경상,,,,
2020080700100560,2020년 8월 7일 21시,금요일,충청남도 천안시 서북구 성정동,경상사고,0,0,1,1,차대차 - 추돌,기타,건조,맑음,단일로 - 기타,이륜,남,21세,상해없음,이륜,남,20세,부상신고
2020080700100561,2020년 8월 7일 21시,금요일,충청남도 아산시 온천동,경상사고,0,0,1,0,차대차 - 기타,중앙선침범,건조,흐림,단일로 - 기타,승용,남,47세,상해없음,승용,남,39세,경상
2020080700100562,2020년 8월 7일 21시,금요일,충청남도 천안시 동남구 원성동,중상사고,0,1,0,0,차대차 - 측면충돌,중앙선침범,건조,맑음,단일로 - 기타,자전거,남,60세,중상,이륜,남,48세,상해없음
2020080700100591,2020년 8월 7일 22시,금요일,충청남도 서천군 장항읍,중상사고,0,1,0,0,차대사람 - 차도통행중,안전운전불이행,젖음/습기,비,기타 - 기타,승용,남,19세,상해없음,보행자,남,57세,중상
2020080700100621,2020년 8월 7일 23시,금요일,충청남도 서산시 읍내동,중상사고,0,2,1,0,차대차 - 추돌,안전운전불이행,건조,흐림,단일로 - 기타,승용,남,45세,상해없음,승용,남,48세,중상
2020080800100081,2020년 8월 8일 06시,토요일,충청남도 천안시 서북구 성정동,경상사고,0,0,2,0,차대차 - 측면충돌,안전운전불이행,건조,맑음,단일로 - 기타,승용,남,28세,경상,승용,남,70세,상해없음
2020080800100157,2020년 8월 8일 10시,토요일,충청남도 공주시 우성면,중상사고,0,1,0,0,차대차 - 측면충돌,안전운전불이행,젖음/습기,비,단일로 - 기타,승용,남,29세,기타불명,건설기계,남,60세,중상
2020080800100158,2020년 8월 8일 10시,토요일,충청남도 당진시 석문면,경상사고,0,0,1,0,차대차 - 측면충돌,안전운전불이행,젖음/습기,비,단일로 - 기타,승용,남,28세,상해없음,승용,여,35세,경상
2020080800100183,2020년 8월 8일 11시,토요일,충청남도 논산시 광석면,경상사고,0,0,1,0,차대차 - 측면충돌,교차로운행방법위반,젖음/습기,비,교차로 - 교차로부근,승용,여,49세,상해없음,승용,남,64세,경상
2020080800100184,2020년 8월 8일 11시,토요일,충청남도 공주시 금흥동,경상사고,0,0,3,2,차대차 - 정면충돌,중앙선침범,젖음/습기,비,단일로 - 기타,승용,여,43세,상해없음,승용,여,28세,경상
2020080800100185,2020년 8월 8일 11시,토요일,충청남도 천안시 동남구 수신면,사망사고,1,2,3,0,차대차 - 추돌,안전운전불이행,젖음/습기,비,단일로 - 기타,승용,남,25세,사망,승합,남,61세,중상
2020080800100225,2020년 8월 8일 12시,토요일,충청남도 천안시 서북구 쌍용동,부상신고사고,0,0,0,1,차대차 - 측면충돌,신호위반,젖음/습기,비,교차로 - 교차로안,이륜,남,46세,부상신고,승용,여,61세,상해없음
2020080800100226,2020년 8월 8일 12시,토요일,충청남도 아산시 온천동,경상사고,0,0,1,0,차대사람 - 기타,안전운전불이행,젖음/습기,비,기타 - 기타,승용,남,25세,상해없음,보행자,여,53세,경상
2020080800100227,2020년 8월 8일 12시,토요일,충청남도 공주시 산성동,경상사고,0,0,2,0,차대차 - 추돌,안전운전불이행,젖음/습기,비,단일로 - 기타,화물,남,75세,상해없음,승용,남,44세,경상
2020080800100228,2020년 8월 8일 12시,토요일,충청남도 천안시 동남구 신방동,경상사고,0,0,1,0,차대차 - 기타,교차로운행방법위반,젖음/습기,비,교차로 - 교차로안,승용,남,69세,상해없음,승합,여,29세,경상
2020080800100261,2020년 8월 8일 13시,토요일,충청남도 보령시 화산동,중상사고,0,1,1,0,차대차 - 측면충돌,신호위반,젖음/습기,비,교차로 - 교차로안,승용,남,24세,경상,화물,여,70세,상해없음
2020080800100328,2020년 8월 8일 15시,토요일,충청남도 천안시 서북구 불당동,경상사고,0,0,2,0,차대사람 - 횡단중,신호위반,건조,맑음,단일로 - 기타,이륜,남,36세,상해없음,보행자,여,46세,경상
2020080800100382,2020년 8월 8일 17시,토요일,충청남도 부여군 석성면,중상사고,0,1,0,0,차대차 - 측면충돌,직진우회전진행방해,젖음/습기,맑음,교차로 - 교차로안,화물,남,59세,상해없음,승용,남,35세,상해없음
2020080800100383,2020년 8월 8일 17시,토요일,충청남도 태안군 안면읍,경상사고,0,0,2,0,차대차 - 추돌,안전운전불이행,젖음/습기,비,교차로 - 교차로부근,승용,남,51세,상해없음,승용,여,25세,경상
2020080800100492,2020년 8월 8일 20시,토요일,충청남도 천안시 서북구 부대동,경상사고,0,0,1,0,차대차 - 기타,안전거리미확보,건조,맑음,교차로 - 교차로안,승용,남,58세,상해없음,승용,여,23세,경상
2020080800100524,2020년 8월 8일 21시,토요일,충청남도 아산시 음봉면,경상사고,0,0,1,1,차대차 - 정면충돌,중앙선침범,젖음/습기,비,단일로 - 기타,승용,남,45세,상해없음,승용,여,39세,경상
2020080800100525,2020년 8월 8일 21시,토요일,충청남도 예산군 예산읍,경상사고,0,0,1,0,차대차 - 측면충돌,교차로운행방법위반,젖음/습기,비,교차로 - 교차로안,승용,남,23세,상해없음,승용,여,57세,경상
2020080900100012,2020년 8월 9일 00시,일요일,충청남도 천안시 서북구 성환읍,경상사고,0,0,1,0,차대차 - 기타,안전운전불이행,건조,맑음,교차로 - 교차로안,기타불명,기타불명,미분류,기타불명,승용,남,35세,경상
2020080900100038,2020년 8월 9일 02시,일요일,충청남도 서산시 부석면,경상사고,0,0,1,0,차대사람 - 기타,안전운전불이행,건조,맑음,기타 - 기타,승용,남,30세,상해없음,보행자,남,29세,경상
2020080900100062,2020년 8월 9일 04시,일요일,충청남도 천안시 서북구 쌍용동,사망사고,1,0,0,0,차량단독 - 전도전복 - 전도,안전운전불이행,젖음/습기,비,단일로 - 기타,이륜,남,19세,사망,,,,
2020080900100068,2020년 8월 9일 05시,일요일,충청남도 청양군 정산면,경상사고,0,0,2,0,차대차 - 측면충돌,안전운전불이행,젖음/습기,비,단일로 - 기타,승용,남,33세,경상,화물,남,52세,경상
2020080900100087,2020년 8월 9일 07시,일요일,충청남도 천안시 서북구 두정동,중상사고,0,1,1,0,차대차 - 정면충돌,신호위반,젖음/습기,비,교차로 - 교차로안,승용,여,21세,상해없음,승용,남,60세,경상
2020080900100088,2020년 8월 9일 07시,일요일,충청남도 공주시 유구읍,중상사고,0,1,1,0,차대차 - 정면충돌,교차로운행방법위반,젖음/습기,비,교차로 - 교차로안,승용,여,38세,경상,승용,남,61세,중상
2020080900100099,2020년 8월 9일 08시,일요일,충청남도 아산시 둔포면,경상사고,0,0,1,0,차대차 - 측면충돌,안전운전불이행,젖음/습기,비,교차로 - 교차로안,승용,남,45세,기타불명,승용,남,44세,경상
2020080900100147,2020년 8월 9일 12시,일요일,충청남도 예산군 삽교읍,부상신고사고,0,0,0,1,차대차 - 측면충돌,안전운전불이행,젖음/습기,비,단일로 - 기타,승용,남,83세,부상신고,화물,남,54세,상해없음
2020080900100148,2020년 8월 9일 12시,일요일,충청남도 천안시 동남구 청수동,중상사고,0,1,0,0,차대사람 - 횡단중,보행자보호의무위반,젖음/습기,비,단일로 - 기타,승용,남,40세,상해없음,보행자,여,80세,중상
2020080900100175,2020년 8월 9일 13시,일요일,충청남도 보령시 동대동,중상사고,0,1,0,0,차대차 - 측면충돌,신호위반,건조,맑음,교차로 - 교차로안,승용,남,49세,기타불명,이륜,남,30세,중상
2020080900100176,2020년 8월 9일 13시,일요일,충청남도 예산군 예산읍,경상사고,0,0,1,0,차대차 - 측면충돌,안전운전불이행,젖음/습기,흐림,단일로 - 기타,화물,여,61세,상해없음,승용,남,54세,상해없음
2020080900100177,2020년 8월 9일 13시,일요일,충청남도 천안시 동남구 목천읍,경상사고,0,0,1,0,차량단독 - 기타,안전운전불이행,젖음/습기,비,단일로 - 기타,이륜,여,72세,경상,,,,
2020080900100178,2020년 8월 9일 13시,일요일,충청남도 태안군 남면,경상사고,0,0,2,0,차대차 - 기타,안전운전불이행,젖음/습기,흐림,기타 - 기타,승합,남,53세,상해없음,승용,남,34세,경상
2020080900100204,2020년 8월 9일 14시,일요일,충청남도 서천군 서천읍,경상사고,0,0,3,0,차대차 - 측면충돌,안전거리미확보,건조,맑음,단일로 - 기타,승용,여,48세,상해없음,승용,남,47세,경상
2020080900100227,2020년 8월 9일 15시,일요일,충청남도 서산시 대산읍,경상사고,0,0,2,0,차대차 - 측면충돌,신호위반,젖음/습기,비,교차로 - 교차로안,승용,남,77세,상해없음,승용,남,34세,경상
2020080900100228,2020년 8월 9일 15시,일요일,충청남도 천안시 서북구 백석동,경상사고,0,0,1,0,차대차 - 측면충돌,안전운전불이행,건조,맑음,교차로 - 교차로부근,승용,남,57세,상해없음,승용,여,47세,경상
2020080900100263,2020년 8월 9일 16시,일요일,충청남도 천안시 동남구 광덕면,경상사고,0,0,16,0,차대차 - 기타,안전운전불이행,건조,맑음,단일로 - 터널,승용,남,41세,경상,승용,남,46세,경상
2020080900100353,2020년 8월 9일 19시,일요일,충청남도 천안시 서북구 쌍용동,경상사고,0,0,3,0,차대차 - 기타,안전거리미확보,건조,맑음,단일로 - 기타,승용,여,52세,상해없음,승용,남,29세,상해없음
2020080900100354,2020년 8월 9일 19시,일요일,충청남도 홍성군 홍북읍,중상사고,0,1,0,0,차대차 - 정면충돌,신호위반,건조,맑음,교차로 - 교차로안,승합,남,27세,상해없음,이륜,남,29세,중상
2020080900100355,2020년 8월 9일 19시,일요일,충청남도 아산시 탕정면,경상사고,0,0,1,0,차대사람 - 기타,안전운전불이행,건조,맑음,교차로 - 교차로안,승용,여,32세,상해없음,보행자,남,45세,경상
2020080900100380,2020년 8월 9일 20시,일요일,충청남도 아산시 인주면,중상사고,0,1,0,0,차대차 - 기타,안전운전불이행,건조,흐림,교차로 - 교차로부근,화물,남,44세,상해없음,이륜,남,28세,중상
2020080900100381,2020년 8월 9일 20시,일요일,충청남도 천안시 동남구 신방동,경상사고,0,0,1,0,차대차 - 측면충돌,안전거리미확보,건조,맑음,단일로 - 기타,승용,남,25세,상해없음,승용,남,41세,경상
2020080900100410,2020년 8월 9일 21시,일요일,충청남도 천안시 동남구 신부동,경상사고,0,0,2,0,차대차 - 추돌,안전운전불이행,건조,맑음,단일로 - 기타,승용,남,32세,상해없음,화물,남,55세,경상
2020080900100430,2020년 8월 9일 22시,일요일,충청남도 천안시 동남구 원성동,경상사고,0,0,1,0,차대차 - 측면충돌,직진우회전진행방해,건조,맑음,교차로 - 교차로안,승용,여,37세,상해없음,승용,남,51세,경상
2020081000100016,2020년 8월 10일 02시,월요일,충청남도 천안시 서북구 성정동,중상사고,0,1,0,0,차대차 - 측면충돌,안전운전불이행,건조,맑음,교차로 - 교차로안,승용,남,19세,상해없음,이륜,남,39세,중상
2020081000100017,2020년 8월 10일 02시,월요일,충청남도 보령시 동대동,경상사고,0,0,1,0,차대차 - 추돌,안전운전불이행,건조,맑음,단일로 - 기타,승용,남,30세,상해없음,승용,여,57세,경상
2020081000100048,2020년 8월 10일 07시,월요일,충청남도 당진시 송악읍,경상사고,0,0,1,0,차대사람 - 기타,안전운전불이행,건조,맑음,기타 - 기타,원동기,남,35세,기타불명,보행자,남,25세,경상
2020081000100078,2020년 8월 10일 08시,월요일,충청남도 천안시 서북구 백석동,경상사고,0,0,5,0,차대차 - 추돌,안전운전불이행,건조,맑음,단일로 - 기타,승용,남,25세,경상,승용,여,45세,경상
2020081000100079,2020년 8월 10일 08시,월요일,충청남도 예산군 예산읍,중상사고,0,1,0,0,차대차 - 측면충돌,신호위반,건조,맑음,교차로 - 교차로안,이륜,남,81세,중상,화물,남,69세,상해없음
2020081000100172,2020년 8월 10일 11시,월요일,충청남도 천안시 동남구 광덕면,경상사고,0,0,3,0,차대차 - 추돌,안전운전불이행,건조,맑음,단일로 - 기타,승용,여,58세,상해없음,승용,남,54세,경상
2020081000100203,2020년 8월 10일 12시,월요일,충청남도 천안시 동남구 영성동,경상사고,0,0,1,0,차대차 - 측면충돌,안전운전불이행,건조,맑음,단일로 - 기타,화물,남,62세,상해없음,승용,남,40세,경상
2020081000100206,2020년 8월 10일 12시,월요일,충청남도 당진시 송악읍,중상사고,0,2,4,0,차대차 - 측면충돌,안전거리미확보,건조,맑음,단일로 - 기타,승용,남,55세,경상,승용,남,42세,경상
2020081000100242,2020년 8월 10일 13시,월요일,충청남도 천안시 서북구 성환읍,경상사고,0,0,1,0,차대차 - 측면충돌,중앙선침범,젖음/습기,비,단일로 - 기타,승용,남,44세,상해없음,이륜,남,64세,경상
2020081000100278,2020년 8월 10일 14시,월요일,충청남도 당진시 읍내리,경상사고,0,0,1,0,차대사람 - 횡단중,안전운전불이행,젖음/습기,비,교차로 - 교차로안,승용,여,46세,상해없음,보행자,여,72세,경상
2020081000100311,2020년 8월 10일 15시,월요일,충청남도 천안시 서북구 성성동,경상사고,0,0,1,0,차대차 - 추돌,안전운전불이행,젖음/습기,흐림,단일로 - 기타,건설기계,남,71세,상해없음,승용,여,28세,경상
2020081000100312,2020년 8월 10일 15시,월요일,충청남도 천안시 서북구 성환읍,중상사고,0,2,0,0,차대차 - 측면충돌,기타,젖음/습기,비,단일로 - 기타,승용,여,31세,상해없음,승용,남,34세,중상
2020081000100313,2020년 8월 10일 15시,월요일,충청남도 천안시 서북구 두정동,경상사고,0,0,1,0,차대차 - 후진중충돌,안전운전불이행,젖음/습기,비,단일로 - 기타,승용,남,43세,상해없음,이륜,남,27세,경상
2020081000100342,2020년 8월 10일 16시,월요일,충청남도 서산시 동문동,경상사고,0,0,1,0,차대차 - 측면충돌,직진우회전진행방해,건조,맑음,교차로 - 교차로안,승용,여,31세,상해없음,이륜,남,18세,경상
2020081000100380,2020년 8월 10일 17시,월요일,충청남도 아산시 신창면,경상사고,0,0,1,0,차대차 - 기타,안전운전불이행,건조,맑음,교차로 - 교차로안,승용,남,48세,상해없음,승용,남,31세,경상
2020081000100414,2020년 8월 10일 18시,월요일,충청남도 홍성군 은하면,중상사고,0,1,0,0,차대차 - 측면충돌,교차로운행방법위반,건조,맑음,교차로 - 교차로안,승용,남,31세,상해없음,화물,남,67세,중상
2020081000100447,2020년 8월 10일 19시,월요일,충청남도 아산시 용화동,중상사고,0,1,0,0,차대차 - 기타,안전운전불이행,건조,맑음,교차로 - 교차로안,승용,여,38세,상해없음,이륜,남,23세,중상
2020081000100448,2020년 8월 10일 19시,월요일,충청남도 금산군 제원면,경상사고,0,0,2,0,차대차 - 정면충돌,중앙선침범,젖음/습기,비,단일로 - 교량,승용,여,67세,상해없음,화물,남,59세,경상
2020081000100480,2020년 8월 10일 20시,월요일,충청남도 서천군 기산면,중상사고,0,1,0,0,차대차 - 측면충돌,안전운전불이행,젖음/습기,비,단일로 - 기타,승용,남,55세,상해없음,자전거,여,56세,중상
2020081000100481,2020년 8월 10일 20시,월요일,충청남도 보령시 대천동,중상사고,0,1,0,0,차대사람 - 횡단중,안전운전불이행,젖음/습기,비,교차로 - 교차로부근,이륜,남,57세,상해없음,보행자,남,55세,중상
2020081000100482,2020년 8월 10일 20시,월요일,충청남도 금산군 군북면,경상사고,0,0,2,0,차대차 - 추돌,안전운전불이행,젖음/습기,비,단일로 - 기타,화물,남,58세,상해없음,승용,남,59세,경상
2020081000100518,2020년 8월 10일 21시,월요일,충청남도 청양군 청양읍,경상사고,0,0,1,0,차대차 - 추돌,안전운전불이행,젖음/습기,비,기타 - 기타,승합,남,37세,상해없음,승용,여,50세,경상
2020081000100552,2020년 8월 10일 22시,월요일,충청남도 천안시 서북구 두정동,경상사고,0,0,1,0,차대차 - 측면충돌,안전거리미확보,젖음/습기,비,단일로 - 기타,승용,남,32세,상해없음,승용,남,48세,경상