사고번호,사고일시,요일,시군구,사고내용,사망자수,중상자수,경상자수,부상신고자수,사고유형,법규위반,노면상태,기상상태,도로형태,가해운전자 차종,가해운전자 성별,가해운전자 연령,가해운전자 상해정도,피해운전자 차종,피해운전자 성별,피해운전자 연령,피해운전자 상해정도
2020081000100553,2020년 8월 10일 22시,월요일,충청남도 천안시 동남구 신방동,중상사고,0,1,3,0,차대차 - 기타,안전운전불이행,젖음/습기,비,교차로 - 교차로안,승용,남,47세,상해없음,승합,남,57세,경상
2020081100100011,2020년 8월 11일 00시,화요일,충청남도 천안시 서북구 두정동,경상사고,0,0,1,0,차대차 - 기타,안전운전불이행,젖음/습기,비,단일로 - 기타,승용,남,30세,상해없음,승용,남,27세,상해없음
2020081100100091,2020년 8월 11일 07시,화요일,충청남도 아산시 온천동,경상사고,0,0,1,0,차대차 - 기타,안전거리미확보,건조,맑음,교차로 - 교차로부근,승용,여,67세,상해없음,승합,남,53세,상해없음
2020081100100122,2020년 8월 11일 08시,화요일,충청남도 아산시 방축동,경상사고,0,0,1,0,차대차 - 측면충돌,안전운전불이행,건조,맑음,교차로 - 교차로안,승용,남,53세,상해없음,승용,남,20세,경상
2020081100100159,2020년 8월 11일 09시,화요일,충청남도 천안시 서북구 두정동,부상신고사고,0,0,0,1,차대차 - 기타,안전운전불이행,젖음/습기,비,단일로 - 기타,승용,남,58세,상해없음,이륜,남,35세,부상신고
2020081100100160,2020년 8월 11일 09시,화요일,충청남도 천안시 서북구 불당동,경상사고,0,0,2,0,차대차 - 측면충돌,안전운전불이행,젖음/습기,비,단일로 - 기타,승용,남,61세,경상,화물,남,27세,경상
2020081100100161,2020년 8월 11일 09시,화요일,충청남도 천안시 동남구 봉명동,경상사고,0,0,1,0,차대사람 - 횡단중,안전운전불이행,젖음/습기,비,교차로 - 교차로부근,승용,남,60세,상해없음,보행자,남,50세,경상
2020081100100189,2020년 8월 11일 10시,화요일,충청남도 천안시 서북구 불당동,경상사고,0,0,1,0,차대차 - 기타,안전운전불이행,젖음/습기,비,단일로 - 기타,승용,남,31세,상해없음,승용,여,47세,경상
2020081100100233,2020년 8월 11일 11시,화요일,충청남도 천안시 서북구 성환읍,중상사고,0,2,0,0,차대차 - 정면충돌,신호위반,젖음/습기,비,교차로 - 교차로안,승용,여,31세,중상,승용,남,51세,중상
2020081100100260,2020년 8월 11일 12시,화요일,충청남도 서산시 팔봉면,중상사고,0,1,0,0,차대차 - 측면충돌,안전운전불이행,젖음/습기,흐림,교차로 - 교차로안,승용,여,62세,상해없음,승용,남,36세,중상
2020081100100261,2020년 8월 11일 12시,화요일,충청남도 서천군 장항읍,경상사고,0,0,1,0,차대차 - 측면충돌,신호위반,건조,맑음,교차로 - 교차로안,승용,남,62세,상해없음,승용,여,68세,경상
2020081100100326,2020년 8월 11일 14시,화요일,충청남도 천안시 서북구 두정동,중상사고,0,1,0,0,차대차 - 추돌,안전운전불이행,젖음/습기,비,교차로 - 교차로부근,승용,여,46세,상해없음,이륜,남,28세,중상
2020081100100363,2020년 8월 11일 15시,화요일,충청남도 당진시 고대면,경상사고,0,0,1,0,차대차 - 추돌,안전거리미확보,젖음/습기,비,단일로 - 기타,승용,여,31세,상해없음,승용,남,24세,경상
2020081100100394,2020년 8월 11일 16시,화요일,충청남도 서산시 해미면,중상사고,0,1,0,0,차대차 - 정면충돌,안전운전불이행,젖음/습기,비,교차로 - 교차로안,화물,남,64세,상해없음,승용,남,63세,중상
2020081100100395,2020년 8월 11일 16시,화요일,충청남도 천안시 서북구 불당동,경상사고,0,0,1,0,차대차 - 추돌,안전운전불이행,젖음/습기,흐림,교차로 - 교차로부근,승용,남,55세,상해없음,승용,여,53세,경상
2020081100100396,2020년 8월 11일 16시,화요일,충청남도 천안시 서북구 두정동,경상사고,0,0,3,0,차대차 - 추돌,안전운전불이행,젖음/습기,비,단일로 - 기타,승용,남,61세,경상,승용,남,50세,경상
2020081100100397,2020년 8월 11일 16시,화요일,충청남도 부여군 내산면,중상사고,0,1,0,0,차대차 - 정면충돌,안전운전불이행,젖음/습기,비,단일로 - 기타,승합,남,54세,상해없음,이륜,남,88세,중상
2020081100100429,2020년 8월 11일 17시,화요일,충청남도 금산군 금산읍,경상사고,0,0,1,0,차대사람 - 보도통행중,기타,건조,맑음,기타 - 기타,이륜,남,60세,상해없음,보행자,남,6세,경상
2020081100100468,2020년 8월 11일 18시,화요일,충청남도 아산시 풍기동,경상사고,0,0,1,0,차대차 - 기타,차로위반,건조,맑음,단일로 - 기타,승용,여,48세,상해없음,승용,남,54세,상해없음
2020081100100469,2020년 8월 11일 18시,화요일,충청남도 보령시 명천동,중상사고,0,1,1,0,차대차 - 추돌,안전운전불이행,젖음/습기,흐림,교차로 - 교차로부근,승용,남,35세,상해없음,승용,남,54세,경상
2020081100100470,2020년 8월 11일 18시,화요일,충청남도 부여군 은산면,경상사고,0,0,1,0,차대차 - 측면충돌,안전운전불이행,젖음/습기,비,단일로 - 기타,이륜,여,65세,경상,승용,여,32세,상해없음
2020081100100538,2020년 8월 11일 20시,화요일,충청남도 아산시 음봉면,경상사고,0,0,2,0,차대차 - 기타,안전운전불이행,건조,맑음,단일로 - 기타,승용,남,46세,상해없음,승용,여,39세,경상
2020081100100590,2020년 8월 11일 22시,화요일,충청남도 당진시 송악읍,중상사고,0,1,0,0,차대차 - 추돌,안전운전불이행,건조,흐림,교차로 - 교차로부근,특수,남,35세,상해없음,승용,남,29세,중상
2020081200100009,2020년 8월 12일 00시,수요일,충청남도 공주시 정안면,사망사고,1,0,0,0,차량단독 - 공작물충돌,안전운전불이행,젖음/습기,비,단일로 - 기타,승용,여,55세,사망,,,,
2020081200100013,2020년 8월 12일 01시,수요일,충청남도 서산시 성연면,부상신고사고,0,0,0,1,차대차 - 기타,중앙선침범,젖음/습기,비,단일로 - 기타,이륜,남,28세,부상신고,승용,남,31세,상해없음
2020081200100040,2020년 8월 12일 04시,수요일,충청남도 공주시 금성동,경상사고,0,0,1,0,차량단독 - 전도전복 - 전도,안전운전불이행,젖음/습기,흐림,교차로 - 교차로안,이륜,남,17세,기타불명,,,,
2020081200100065,2020년 8월 12일 07시,수요일,충청남도 태안군 태안읍,경상사고,0,0,1,0,차대차 - 측면충돌,교차로운행방법위반,건조,맑음,교차로 - 교차로안,승용,남,54세,상해없음,이륜,남,47세,경상
2020081200100101,2020년 8월 12일 08시,수요일,충청남도 계룡시 금암동,중상사고,0,2,0,0,차대차 - 추돌,안전운전불이행,건조,흐림,교차로 - 교차로부근,승용,남,28세,상해없음,승용,여,40세,중상
2020081200100102,2020년 8월 12일 08시,수요일,충청남도 홍성군 홍성읍,중상사고,0,1,0,0,차대차 - 측면충돌,교차로운행방법위반,건조,흐림,교차로 - 교차로안,승용,여,60세,상해없음,화물,남,57세,중상
2020081200100103,2020년 8월 12일 08시,수요일,충청남도 보령시 내항동,사망사고,1,0,0,0,차량단독 - 기타,안전운전불이행,건조,맑음,단일로 - 기타,이륜,남,78세,사망,,,,
2020081200100203,2020년 8월 12일 11시,수요일,충청남도 천안시 서북구 성환읍,경상사고,0,0,1,0,차대차 - 기타,안전거리미확보,건조,맑음,단일로 - 기타,화물,남,62세,상해없음,승용,남,32세,경상
2020081200100204,2020년 8월 12일 11시,수요일,충청남도 천안시 서북구 성환읍,경상사고,0,0,2,0,차대차 - 추돌,안전운전불이행,건조,맑음,단일로 - 기타,승용,여,29세,상해없음,화물,남,63세,경상
2020081200100205,2020년 8월 12일 11시,수요일,충청남도 부여군 홍산면,경상사고,0,0,1,0,차대차 - 기타,안전운전불이행,젖음/습기,비,교차로 - 교차로안,승용,남,63세,상해없음,자전거,남,79세,경상
2020081200100206,2020년 8월 12일 11시,수요일,충청남도 당진시 시곡리,경상사고,0,0,1,0,차대차 - 기타,중앙선침범,건조,맑음,단일로 - 기타,승용,여,57세,상해없음,화물,남,54세,상해없음
2020081200100207,2020년 8월 12일 11시,수요일,충청남도 천안시 동남구 신부동,경상사고,0,0,1,0,차대사람 - 기타,안전운전불이행,건조,맑음,단일로 - 기타,승용,남,70세,상해없음,보행자,남,32세,경상
2020081200100243,2020년 8월 12일 12시,수요일,충청남도 천안시 서북구 불당동,경상사고,0,0,1,0,차대차 - 기타,안전운전불이행,건조,맑음,단일로 - 기타,승용,남,25세,상해없음,승용,여,59세,경상
2020081200100273,2020년 8월 12일 13시,수요일,충청남도 아산시 풍기동,경상사고,0,0,1,0,차대차 - 기타,안전운전불이행,건조,맑음,교차로 - 교차로안,승용,여,35세,상해없음,승용,여,30세,경상
2020081200100274,2020년 8월 12일 13시,수요일,충청남도 서천군 비인면,사망사고,1,0,3,0,차대차 - 추돌,안전운전불이행,건조,맑음,교차로 - 교차로부근,화물,남,61세,사망,승용,남,73세,경상
2020081200100275,2020년 8월 12일 13시,수요일,충청남도 예산군 예산읍,경상사고,0,0,1,0,차대사람 - 차도통행중,안전운전불이행,젖음/습기,비,교차로 - 교차로안,승용,여,58세,상해없음,보행자,여,81세,경상
2020081200100276,2020년 8월 12일 13시,수요일,충청남도 태안군 원북면,경상사고,0,0,3,0,차대차 - 측면충돌,중앙선침범,건조,맑음,단일로 - 기타,승용,남,63세,상해없음,승용,남,40세,경상
2020081200100313,2020년 8월 12일 14시,수요일,충청남도 천안시 서북구 백석동,경상사고,0,0,2,0,차대차 - 기타,안전거리미확보,젖음/습기,비,교차로 - 교차로안,승용,남,46세,상해없음,승용,남,62세,경상
2020081200100314,2020년 8월 12일 14시,수요일,충청남도 공주시 우성면,중상사고,0,1,1,0,차대차 - 기타,안전운전불이행,건조,흐림,단일로 - 터널,화물,남,82세,경상,농기계,남,65세,중상
2020081200100315,2020년 8월 12일 14시,수요일,충청남도 당진시 고대면,경상사고,0,0,2,0,차대차 - 기타,신호위반,젖음/습기,맑음,교차로 - 교차로안,승용,남,64세,경상,승합,남,68세,경상
2020081200100381,2020년 8월 12일 16시,수요일,충청남도 천안시 서북구 성정동,경상사고,0,0,1,0,차대사람 - 기타,안전운전불이행,건조,맑음,단일로 - 기타,기타불명,기타불명,미분류,기타불명,보행자,여,48세,경상
2020081200100382,2020년 8월 12일 16시,수요일,충청남도 당진시 합덕읍,경상사고,0,0,1,0,차대차 - 측면충돌,교차로운행방법위반,건조,맑음,교차로 - 교차로안,승용,남,18세,상해없음,이륜,남,68세,경상
2020081200100383,2020년 8월 12일 16시,수요일,충청남도 천안시 동남구 신부동,경상사고,0,0,1,0,차대사람 - 기타,안전운전불이행,건조,맑음,기타 - 기타,승용,남,26세,상해없음,보행자,남,27세,경상
2020081200100384,2020년 8월 12일 16시,수요일,충청남도 태안군 태안읍,경상사고,0,0,1,0,차대차 - 측면충돌,교차로운행방법위반,건조,흐림,교차로 - 교차로안,승용,여,59세,상해없음,승용,남,65세,경상
2020081200100386,2020년 8월 12일 16시,수요일,충청남도 당진시 용연리,경상사고,0,0,4,0,차대차 - 추돌,안전운전불이행,젖음/습기,흐림,단일로 - 기타,승용,여,55세,상해없음,승용,남,53세,경상
2020081200100424,2020년 8월 12일 17시,수요일,충청남도 천안시 서북구 입장면,중상사고,0,1,0,0,차대차 - 측면충돌,안전운전불이행,젖음/습기,비,교차로 - 교차로안,승용,남,73세,상해없음,자전거,여,51세,중상
2020081200100425,2020년 8월 12일 17시,수요일,충청남도 논산시 반월동,중상사고,0,1,0,0,차대차 - 측면충돌,안전거리미확보,건조,맑음,단일로 - 기타,승용,남,58세,상해없음,이륜,남,60세,중상
2020081200100426,2020년 8월 12일 17시,수요일,충청남도 예산군 예산읍,경상사고,0,0,1,0,차량단독 - 전도전복 - 전도,안전운전불이행,건조,맑음,단일로 - 기타,이륜,남,81세,경상,,,,
2020081200100427,2020년 8월 12일 17시,수요일,충청남도 천안시 동남구 신부동,중상사고,0,1,0,0,차대차 - 기타,안전거리미확보,건조,맑음,단일로 - 기타,승용,남,47세,상해없음,이륜,남,25세,중상
2020081200100508,2020년 8월 12일 19시,수요일,충청남도 당진시 송악읍,경상사고,0,0,2,0,차대차 - 기타,신호위반,건조,맑음,교차로 - 교차로안,승용,남,40세,상해없음,승용,남,30세,경상
2020081200100560,2020년 8월 12일 21시,수요일,충청남도 서산시 읍내동,경상사고,0,0,1,0,차대사람 - 횡단중,보행자보호의무위반,건조,맑음,교차로 - 교차로횡단보도내,승용,남,60세,상해없음,보행자,여,56세,경상
2020081200100561,2020년 8월 12일 21시,수요일,충청남도 천안시 서북구 성정동,경상사고,0,0,1,0,차대사람 - 기타,안전운전불이행,건조,맑음,단일로 - 기타,승용,남,50세,상해없음,보행자,여,30세,경상
2020081200100590,2020년 8월 12일 22시,수요일,충청남도 천안시 서북구 백석동,경상사고,0,0,2,0,차대차 - 추돌,안전운전불이행,건조,맑음,교차로 - 교차로부근,승용,남,55세,상해없음,승용,남,38세,경상
2020081200100591,2020년 8월 12일 22시,수요일,충청남도 천안시 서북구 직산읍,경상사고,0,0,1,0,차대차 - 측면충돌,안전운전불이행,젖음/습기,비,교차로 - 교차로안,승용,남,35세,상해없음,승합,남,59세,경상
2020081200100618,2020년 8월 12일 23시,수요일,충청남도 천안시 서북구 두정동,경상사고,0,0,1,0,차대차 - 기타,안전운전불이행,건조,맑음,단일로 - 기타,승용,남,24세,상해없음,이륜,남,31세,경상
2020081300100113,2020년 8월 13일 09시,목요일,충청남도 예산군 예산읍,경상사고,0,0,1,0,차대차 - 측면충돌,안전운전불이행,건조,맑음,기타 - 기타,승용,남,50세,상해없음,자전거,남,69세,경상
2020081300100138,2020년 8월 13일 10시,목요일,충청남도 아산시 득산동,경상사고,0,0,1,0,차대차 - 추돌,안전운전불이행,건조,맑음,교차로 - 교차로안,화물,남,72세,상해없음,승용,남,28세,경상
2020081300100139,2020년 8월 13일 10시,목요일,충청남도 보령시 남포면,경상사고,0,0,1,0,차대차 - 기타,과속,건조,맑음,교차로 - 교차로안,화물,남,25세,상해없음,승용,남,59세,경상
2020081300100180,2020년 8월 13일 11시,목요일,충청남도 공주시 유구읍,경상사고,0,0,1,0,차대차 - 측면충돌,직진우회전진행방해,건조,맑음,교차로 - 교차로안,이륜,남,46세,경상,화물,여,52세,상해없음
2020081300100181,2020년 8월 13일 11시,목요일,충청남도 천안시 동남구 신부동,경상사고,0,0,1,0,차량단독 - 기타,기타,건조,맑음,단일로 - 기타,승합,남,56세,상해없음,,,,
2020081300100227,2020년 8월 13일 12시,목요일,충청남도 논산시 내동,경상사고,0,0,1,0,차대차 - 추돌,안전운전불이행,건조,맑음,교차로 - 교차로부근,승용,남,28세,상해없음,승용,남,56세,경상
2020081300100251,2020년 8월 13일 13시,목요일,충청남도 서산시 읍내동,중상사고,0,1,0,0,차대사람 - 횡단중,보행자보호의무위반,건조,맑음,교차로 - 교차로안,승용,여,41세,상해없음,보행자,남,75세,중상
2020081300100252,2020년 8월 13일 13시,목요일,충청남도 천안시 서북구 성정동,경상사고,0,0,1,0,차대차 - 측면충돌,안전운전불이행,건조,맑음,단일로 - 기타,승용,남,57세,상해없음,승용,여,36세,경상
2020081300100289,2020년 8월 13일 14시,목요일,충청남도 아산시 둔포면,경상사고,0,0,1,0,차대차 - 측면충돌,신호위반,건조,맑음,교차로 - 교차로안,승용,남,37세,상해없음,승합,남,63세,경상
2020081300100290,2020년 8월 13일 14시,목요일,충청남도 보령시 대천동,부상신고사고,0,0,0,1,차대사람 - 횡단중,안전운전불이행,건조,맑음,교차로 - 교차로안,화물,남,57세,상해없음,보행자,남,83세,부상신고
2020081300100328,2020년 8월 13일 15시,목요일,충청남도 서천군 서천읍,경상사고,0,0,1,0,차대차 - 측면충돌,안전운전불이행,건조,맑음,단일로 - 기타,이륜,남,79세,경상,화물,남,40세,상해없음
2020081300100329,2020년 8월 13일 15시,목요일,충청남도 보령시 주포면,중상사고,0,1,0,0,차대차 - 추돌,안전거리미확보,건조,맑음,교차로 - 교차로부근,승용,남,22세,상해없음,화물,여,67세,중상
2020081300100330,2020년 8월 13일 15시,목요일,충청남도 천안시 동남구 원성동,사망사고,1,0,0,0,차대차 - 측면충돌,안전거리미확보,건조,맑음,단일로 - 기타,이륜,남,73세,사망,승용,남,61세,기타불명
2020081300100373,2020년 8월 13일 16시,목요일,충청남도 천안시 서북구 업성동,경상사고,0,0,1,0,차대차 - 측면충돌,신호위반,건조,맑음,교차로 - 교차로안,승용,남,51세,상해없음,승용,남,31세,경상
2020081300100374,2020년 8월 13일 16시,목요일,충청남도 금산군 군북면,경상사고,0,0,1,0,차대차 - 추돌,안전운전불이행,건조,맑음,단일로 - 기타,화물,남,31세,상해없음,이륜,여,24세,경상
2020081300100375,2020년 8월 13일 16시,목요일,충청남도 금산군 진산면,중상사고,0,1,0,0,차대사람 - 차도통행중,안전운전불이행,건조,맑음,단일로 - 기타,승합,여,54세,상해없음,보행자,여,65세,중상
2020081300100449,2020년 8월 13일 18시,목요일,충청남도 천안시 서북구 쌍용동,부상신고사고,0,0,0,1,차대차 - 측면충돌,안전거리미확보,건조,맑음,교차로 - 교차로안,이륜,남,39세,부상신고,화물,남,58세,상해없음
2020081300100450,2020년 8월 13일 18시,목요일,충청남도 아산시 탕정면,경상사고,0,0,1,0,차대차 - 추돌,안전운전불이행,건조,맑음,단일로 - 기타,승용,남,54세,상해없음,승용,남,27세,경상
2020081300100451,2020년 8월 13일 18시,목요일,충청남도 천안시 동남구 원성동,경상사고,0,0,1,0,차대차 - 측면충돌,안전거리미확보,건조,맑음,단일로 - 기타,승용,남,65세,상해없음,이륜,남,77세,경상
2020081300100508,2020년 8월 13일 19시,목요일,충청남도 아산시 풍기동,경상사고,0,0,1,1,차대차 - 기타,신호위반,건조,맑음,교차로 - 교차로안,승용,남,32세,상해없음,승합,남,54세,경상
2020081300100509,2020년 8월 13일 19시,목요일,충청남도 아산시 풍기동,경상사고,0,0,1,0,차대차 - 측면충돌,중앙선침범,건조,맑음,단일로 - 기타,화물,남,43세,상해없음,화물,남,33세,경상
2020081300100539,2020년 8월 13일 20시,목요일,충청남도 아산시 음봉면,중상사고,0,1,1,0,차대차 - 측면충돌,안전운전불이행,건조,맑음,교차로 - 교차로안,승용,남,62세,중상,승용,남,32세,경상
2020081300100562,2020년 8월 13일 21시,목요일,충청남도 천안시 서북구 와촌동,경상사고,0,0,1,0,차대차 - 측면충돌,신호위반,건조,맑음,교차로 - 교차로안,승용,남,32세,상해없음,승용,여,66세,경상
2020081300100563,2020년 8월 13일 21시,목요일,충청남도 예산군 예산읍,경상사고,0,0,1,0,차대차 - 정면충돌,중앙선침범,건조,맑음,교차로 - 교차로안,승용,남,34세,상해없음,승용,남,40세,경상
2020081300100564,2020년 8월 13일 21시,목요일,충청남도 천안시 동남구 신부동,경상사고,0,0,1,0,차대차 - 측면충돌,차로위반,건조,맑음,단일로 - 기타,승용,남,50세,상해없음,이륜,남,28세,경상
2020081300100596,2020년 8월 13일 22시,목요일,충청남도 서산시 예천동,중상사고,0,2,0,0,차대차 - 측면충돌,신호위반,건조,맑음,교차로 - 교차로안,화물,남,59세,상해없음,승용,여,57세,중상
2020081400100032,2020년 8월 14일 01시,금요일,충청남도 당진시 석문면,경상사고,0,0,1,0,차대차 - 측면충돌,중앙선침범,건조,맑음,교차로 - 교차로부근,승용,남,49세,상해없음,승용,남,36세,경상
2020081400100045,2020년 8월 14일 03시,금요일,충청남도 아산시 온천동,경상사고,0,0,2,0,차대차 - 기타,신호위반,건조,흐림,교차로 - 교차로부근,승용,남,44세,기타불명,승용,남,24세,경상
2020081400100060,2020년 8월 14일 05시,금요일,충청남도 예산군 오가면,중상사고,0,1,0,0,차대차 - 추돌,안전운전불이행,건조,맑음,단일로 - 기타,승용,남,42세,상해없음,농기계,남,69세,중상
2020081400100113,2020년 8월 14일 08시,금요일,충청남도 홍성군 홍성읍,경상사고,0,0,1,0,차대차 - 측면충돌,직진우회전진행방해,건조,맑음,교차로 - 교차로안,승용,여,42세,상해없음,승용,여,31세,경상
2020081400100114,2020년 8월 14일 08시,금요일,충청남도 홍성군 홍북읍,경상사고,0,0,1,0,차대차 - 측면충돌,직진우회전진행방해,건조,맑음,교차로 - 교차로안,승용,여,37세,상해없음,승용,여,60세,경상
2020081400100141,2020년 8월 14일 09시,금요일,충청남도 당진시 합덕읍,중상사고,0,1,0,0,차대차 - 기타,안전운전불이행,건조,흐림,단일로 - 기타,특수,남,48세,상해없음,이륜,남,76세,중상
2020081400100179,2020년 8월 14일 10시,금요일,충청남도 서천군 장항읍,경상사고,0,0,1,0,차대차 - 측면충돌,신호위반,건조,맑음,교차로 - 교차로안,승용,여,57세,상해없음,자전거,여,75세,경상
2020081400100301,2020년 8월 14일 13시,금요일,충청남도 서산시 해미면,중상사고,0,1,0,0,차대차 - 정면충돌,신호위반,젖음/습기,비,교차로 - 교차로안,승용,여,59세,상해없음,승용,여,56세,중상
2020081400100302,2020년 8월 14일 13시,금요일,충청남도 논산시 가야곡면,중상사고,0,4,2,0,차대차 - 측면충돌,직진우회전진행방해,건조,맑음,교차로 - 교차로안,승용,여,40세,중상,화물,남,78세,경상
2020081400100303,2020년 8월 14일 13시,금요일,충청남도 공주시 금흥동,중상사고,0,1,2,0,차대차 - 측면충돌,안전운전불이행,건조,맑음,교차로 - 교차로안,승합,남,40세,중상,승용,남,47세,경상
2020081400100384,2020년 8월 14일 15시,금요일,충청남도 논산시 연산면,경상사고,0,0,1,0,차대차 - 측면충돌,교차로운행방법위반,건조,맑음,교차로 - 교차로안,승용,남,56세,상해없음,이륜,남,59세,경상
2020081400100416,2020년 8월 14일 16시,금요일,충청남도 천안시 서북구 쌍용동,경상사고,0,0,1,0,차대차 - 추돌,안전운전불이행,건조,맑음,단일로 - 기타,승용,남,64세,상해없음,승용,여,37세,경상
2020081400100417,2020년 8월 14일 16시,금요일,충청남도 공주시 계룡면,중상사고,0,1,0,4,차량단독 - 기타,안전운전불이행,건조,맑음,단일로 - 기타,승용,남,71세,부상신고,,,,
2020081400100468,2020년 8월 14일 17시,금요일,충청남도 천안시 서북구 두정동,경상사고,0,0,2,0,차대차 - 후진중충돌,안전운전불이행,건조,맑음,교차로 - 교차로부근,승용,남,38세,상해없음,승용,여,31세,경상
2020081400100469,2020년 8월 14일 17시,금요일,충청남도 천안시 서북구 백석동,부상신고사고,0,0,0,1,차대차 - 측면충돌,안전운전불이행,건조,맑음,교차로 - 교차로부근,원동기,남,38세,부상신고,승용,남,58세,상해없음
2020081400100470,2020년 8월 14일 17시,금요일,충청남도 아산시 읍내동,경상사고,0,0,1,0,차대사람 - 기타,안전운전불이행,건조,맑음,주차장 - 주차장,승합,남,59세,상해없음,보행자,남,59세,경상
2020081400100471,2020년 8월 14일 17시,금요일,충청남도 당진시 송산면,경상사고,0,0,1,0,차대차 - 추돌,안전거리미확보,건조,흐림,단일로 - 기타,화물,남,58세,상해없음,승용,남,27세,경상
2020081400100472,2020년 8월 14일 17시,금요일,충청남도 천안시 동남구 원성동,경상사고,0,0,1,0,차대차 - 측면충돌,차로위반,건조,맑음,단일로 - 기타,승용,남,29세,상해없음,승용,여,24세,경상
2020081400100521,2020년 8월 14일 18시,금요일,충청남도 서산시 읍내동,경상사고,0,0,2,0,차대차 - 측면충돌,신호위반,건조,흐림,교차로 - 교차로안,승합,남,51세,상해없음,승용,남,21세,경상
2020081400100571,2020년 8월 14일 19시,금요일,충청남도 천안시 서북구 백석동,경상사고,0,0,1,0,차대차 - 측면충돌,안전운전불이행,건조,맑음,교차로 - 교차로안,승용,여,48세,상해없음,승용,남,26세,경상
2020081400100572,2020년 8월 14일 19시,금요일,충청남도 논산시 취암동,중상사고,0,2,0,0,차대사람 - 횡단중,보행자보호의무위반,건조,맑음,단일로 - 기타,이륜,남,36세,중상,보행자,여,42세,중상
2020081400100601,2020년 8월 14일 20시,금요일,충청남도 보령시 청소면,사망사고,1,1,0,0,차대차 - 측면충돌,안전운전불이행,건조,맑음,교차로 - 교차로안,화물,남,65세,상해없음,이륜,남,32세,사망
2020081400100602,2020년 8월 14일 20시,금요일,충청남도 천안시 동남구 신부동,경상사고,0,0,2,0,차대차 - 측면충돌,안전운전불이행,건조,맑음,교차로 - 교차로부근,승합,남,53세,상해없음,승용,남,32세,경상
2020081500100017,2020년 8월 15일 00시,토요일,충청남도 천안시 동남구 신부동,중상사고,0,1,0,0,차대차 - 기타,안전운전불이행,건조,맑음,단일로 - 기타,승용,남,30세,상해없음,이륜,남,18세,중상
2020081500100036,2020년 8월 15일 01시,토요일,충청남도 아산시 탕정면,중상사고,0,3,1,0,차대차 - 기타,신호위반,건조,맑음,교차로 - 교차로안,승용,남,25세,중상,승용,남,57세,중상
2020081500100076,2020년 8월 15일 04시,토요일,충청남도 천안시 동남구 신방동,중상사고,0,1,0,1,차대차 - 기타,안전운전불이행,건조,맑음,단일로 - 기타,이륜,남,13세,부상신고,이륜,남,23세,중상
2020081500100113,2020년 8월 15일 07시,토요일,충청남도 천안시 동남구 대흥동,중상사고,0,1,2,0,차대차 - 추돌,안전운전불이행,건조,흐림,교차로 - 교차로부근,화물,남,60세,상해없음,승용,남,28세,중상
2020081500100162,2020년 8월 15일 10시,토요일,충청남도 홍성군 홍동면,중상사고,0,1,0,0,차대차 - 측면충돌,중앙선침범,건조,맑음,단일로 - 기타,화물,남,36세,상해없음,이륜,여,68세,중상
2020081500100190,2020년 8월 15일 11시,토요일,충청남도 천안시 서북구 쌍용동,경상사고,0,0,4,0,차대차 - 정면충돌,신호위반,건조,맑음,교차로 - 교차로안,승용,여,42세,상해없음,승용,여,26세,경상
2020081500100191,2020년 8월 15일 11시,토요일,충청남도 논산시 부창동,중상사고,0,3,0,0,차대차 - 정면충돌,교차로운행방법위반,건조,맑음,교차로 - 교차로안,승용,남,83세,상해없음,승용,남,81세,중상
2020081500100192,2020년 8월 15일 11시,토요일,충청남도 논산시 부창동,중상사고,0,5,4,0,차대차 - 기타,안전운전불이행,건조,맑음,단일로 - 기타,승용,남,83세,중상,승용,남,54세,중상
2020081500100193,2020년 8월 15일 11시,토요일,충청남도 아산시 인주면,경상사고,0,0,1,0,차대차 - 기타,안전운전불이행,건조,맑음,교차로 - 교차로안,승용,남,41세,기타불명,승용,남,43세,경상
2020081500100194,2020년 8월 15일 11시,토요일,충청남도 서천군 서천읍,중상사고,0,1,0,0,차대사람 - 기타,안전운전불이행,건조,맑음,단일로 - 기타,건설기계,남,49세,상해없음,보행자,여,69세,중상
2020081500100265,2020년 8월 15일 13시,토요일,충청남도 논산시 내동,중상사고,0,1,1,0,차대차 - 측면충돌,교차로운행방법위반,건조,맑음,교차로 - 교차로안,승용,여,38세,경상,승용,남,33세,중상
2020081500100266,2020년 8월 15일 13시,토요일,충청남도 홍성군 광천읍,중상사고,0,1,1,0,차대차 - 측면충돌,교차로운행방법위반,건조,맑음,교차로 - 교차로안,승용,남,50세,경상,승용,여,47세,중상
2020081500100267,2020년 8월 15일 13시,토요일,충청남도 보령시 웅천읍,경상사고,0,0,1,0,차대차 - 추돌,안전운전불이행,건조,맑음,교차로 - 교차로부근,승용,남,49세,상해없음,승용,남,32세,경상
2020081500100268,2020년 8월 15일 13시,토요일,충청남도 예산군 덕산면,경상사고,0,0,3,0,차대차 - 측면충돌,직진우회전진행방해,건조,맑음,교차로 - 교차로안,승용,남,28세,상해없음,승용,남,35세,경상
2020081500100298,2020년 8월 15일 14시,토요일,충청남도 청양군 청양읍,중상사고,0,3,1,0,차대차 - 추돌,안전운전불이행,건조,맑음,단일로 - 기타,승용,여,45세,경상,화물,남,79세,중상