사고번호,사고일시,요일,시군구,사고내용,사망자수,중상자수,경상자수,부상신고자수,사고유형,법규위반,노면상태,기상상태,도로형태,가해운전자 차종,가해운전자 성별,가해운전자 연령,가해운전자 상해정도,피해운전자 차종,피해운전자 성별,피해운전자 연령,피해운전자 상해정도
2020081500100299,2020년 8월 15일 14시,토요일,충청남도 천안시 동남구 목천읍,경상사고,0,0,2,0,차대차 - 측면충돌,중앙선침범,건조,맑음,단일로 - 기타,승용,남,47세,상해없음,승용,여,50세,경상
2020081500100320,2020년 8월 15일 15시,토요일,충청남도 보령시 궁촌동,경상사고,0,0,1,0,차대사람 - 기타,안전운전불이행,건조,맑음,주차장 - 주차장,화물,남,62세,상해없음,보행자,남,25세,경상
2020081500100321,2020년 8월 15일 15시,토요일,충청남도 천안시 동남구 신부동,경상사고,0,0,1,0,차대차 - 기타,안전운전불이행,건조,맑음,단일로 - 기타,승용,남,25세,상해없음,승용,남,30세,경상
2020081500100350,2020년 8월 15일 16시,토요일,충청남도 홍성군 서부면,경상사고,0,0,7,0,차대차 - 기타,안전운전불이행,건조,맑음,교차로 - 교차로부근,승용,남,48세,상해없음,승용,여,50세,경상
2020081500100351,2020년 8월 15일 16시,토요일,충청남도 태안군 남면,경상사고,0,0,2,0,차대차 - 추돌,안전운전불이행,건조,맑음,기타 - 기타,승용,남,35세,상해없음,승용,남,44세,경상
2020081500100383,2020년 8월 15일 17시,토요일,충청남도 천안시 서북구 입장면,경상사고,0,0,1,0,차대차 - 추돌,안전운전불이행,건조,맑음,교차로 - 교차로부근,화물,남,65세,상해없음,승용,남,67세,경상
2020081500100384,2020년 8월 15일 17시,토요일,충청남도 천안시 서북구 성정동,중상사고,0,2,0,0,차대차 - 측면충돌,교차로운행방법위반,건조,맑음,교차로 - 교차로안,이륜,남,18세,중상,승용,남,75세,상해없음
2020081500100385,2020년 8월 15일 17시,토요일,충청남도 당진시 송악읍,경상사고,0,0,1,0,차대차 - 측면충돌,교차로운행방법위반,건조,맑음,교차로 - 교차로안,승용,남,62세,상해없음,승용,여,46세,경상
2020081500100386,2020년 8월 15일 17시,토요일,충청남도 태안군 남면,경상사고,0,0,2,0,차대차 - 추돌,중앙선침범,건조,맑음,기타 - 기타,특수,남,68세,상해없음,승용,남,44세,경상
2020081500100458,2020년 8월 15일 19시,토요일,충청남도 아산시 온천동,경상사고,0,0,1,0,차대차 - 추돌,안전운전불이행,건조,맑음,단일로 - 기타,이륜,남,48세,상해없음,승용,여,26세,경상
2020081500100459,2020년 8월 15일 19시,토요일,충청남도 당진시 합덕읍,경상사고,0,0,1,0,차대사람 - 길가장자리구역통행중,안전운전불이행,건조,맑음,단일로 - 기타,승용,여,31세,상해없음,보행자,남,54세,경상
2020081500100460,2020년 8월 15일 19시,토요일,충청남도 천안시 동남구 풍세면,중상사고,0,1,0,0,차대사람 - 기타,안전운전불이행,건조,흐림,단일로 - 기타,승용,여,53세,상해없음,보행자,여,74세,중상
2020081500100494,2020년 8월 15일 20시,토요일,충청남도 청양군 비봉면,중상사고,0,1,0,0,차량단독 - 전도전복 - 전도,안전운전불이행,건조,맑음,단일로 - 기타,승용,남,66세,중상,,,,
2020081500100536,2020년 8월 15일 22시,토요일,충청남도 아산시 풍기동,경상사고,0,0,3,0,차대차 - 기타,신호위반,건조,맑음,교차로 - 교차로안,승용,여,51세,상해없음,승용,남,33세,경상
2020081500100554,2020년 8월 15일 23시,토요일,충청남도 예산군 예산읍,경상사고,0,0,3,0,차대차 - 기타,직진우회전진행방해,건조,맑음,교차로 - 교차로안,승용,남,32세,상해없음,승용,여,48세,경상
2020081600100008,2020년 8월 16일 00시,일요일,충청남도 예산군 예산읍,중상사고,0,1,0,0,차대사람 - 차도통행중,안전운전불이행,건조,맑음,단일로 - 기타,승용,여,58세,상해없음,보행자,남,29세,중상
2020081600100028,2020년 8월 16일 01시,일요일,충청남도 아산시 음봉면,중상사고,0,1,2,0,차대차 - 기타,신호위반,건조,맑음,교차로 - 교차로안,승용,남,33세,상해없음,승용,남,31세,경상
2020081600100064,2020년 8월 16일 04시,일요일,충청남도 천안시 서북구 성정동,경상사고,0,0,1,0,차대차 - 기타,중앙선침범,건조,맑음,단일로 - 기타,승용,기타불명,미분류,기타불명,승용,남,55세,경상
2020081600100120,2020년 8월 16일 09시,일요일,충청남도 보령시 신흑동,경상사고,0,0,1,0,차대차 - 측면충돌,신호위반,건조,맑음,교차로 - 교차로안,승용,남,29세,상해없음,화물,남,57세,경상
2020081600100121,2020년 8월 16일 09시,일요일,충청남도 당진시 우강면,중상사고,0,1,0,0,차대차 - 측면충돌,교차로운행방법위반,건조,맑음,교차로 - 교차로안,승용,여,68세,상해없음,승용,남,57세,중상
2020081600100153,2020년 8월 16일 11시,일요일,충청남도 보령시 신흑동,중상사고,0,1,5,0,차대차 - 측면충돌,기타,건조,맑음,교차로 - 교차로안,이륜,남,29세,중상,승용,남,42세,경상
2020081600100154,2020년 8월 16일 11시,일요일,충청남도 공주시 정안면,경상사고,0,0,2,0,차대차 - 추돌,안전운전불이행,건조,맑음,단일로 - 터널,승용,남,29세,상해없음,승용,남,48세,상해없음
2020081600100183,2020년 8월 16일 12시,일요일,충청남도 보령시 남곡동,중상사고,0,1,0,0,차대사람 - 횡단중,보행자보호의무위반,건조,맑음,교차로 - 교차로안,승용,여,35세,상해없음,보행자,여,74세,중상
2020081600100184,2020년 8월 16일 12시,일요일,충청남도 당진시 수청리,경상사고,0,0,2,0,차대차 - 추돌,안전운전불이행,건조,맑음,단일로 - 기타,승용,여,37세,상해없음,승용,남,26세,경상
2020081600100220,2020년 8월 16일 13시,일요일,충청남도 부여군 부여읍,중상사고,0,5,1,0,차대차 - 추돌,안전운전불이행,건조,맑음,단일로 - 기타,승용,남,65세,상해없음,승용,남,52세,중상
2020081600100221,2020년 8월 16일 13시,일요일,충청남도 당진시 석문면,중상사고,0,1,0,0,차대차 - 측면충돌,신호위반,건조,맑음,교차로 - 교차로안,화물,남,56세,상해없음,승용,남,54세,중상
2020081600100258,2020년 8월 16일 14시,일요일,충청남도 당진시 송악읍,경상사고,0,0,1,0,차대차 - 추돌,안전거리미확보,젖음/습기,맑음,단일로 - 기타,승용,남,32세,상해없음,승용,남,35세,경상
2020081600100316,2020년 8월 16일 16시,일요일,충청남도 천안시 서북구 불당동,경상사고,0,0,3,0,차대차 - 측면충돌,안전거리미확보,건조,맑음,단일로 - 기타,승용,여,35세,상해없음,승용,남,27세,경상
2020081600100318,2020년 8월 16일 16시,일요일,충청남도 천안시 동남구 유량동,경상사고,0,0,2,0,차대차 - 측면충돌,안전운전불이행,건조,맑음,단일로 - 기타,승용,여,62세,상해없음,승용,남,30세,경상
2020081600100347,2020년 8월 16일 17시,일요일,충청남도 홍성군 홍성읍,중상사고,0,1,0,0,차대차 - 측면충돌,안전운전불이행,건조,맑음,주차장 - 주차장,승용,남,46세,상해없음,이륜,남,52세,중상
2020081600100348,2020년 8월 16일 17시,일요일,충청남도 예산군 예산읍,경상사고,0,0,2,0,차대차 - 추돌,안전거리미확보,건조,맑음,단일로 - 기타,승용,여,30세,상해없음,승용,남,50세,경상
2020081600100393,2020년 8월 16일 18시,일요일,충청남도 당진시 채운동,경상사고,0,0,1,0,차대사람 - 차도통행중,안전운전불이행,건조,맑음,단일로 - 기타,승용,남,72세,상해없음,보행자,남,50세,경상
2020081600100394,2020년 8월 16일 18시,일요일,충청남도 청양군 정산면,경상사고,0,0,1,0,차대사람 - 기타,안전운전불이행,건조,맑음,기타 - 기타,승용,남,53세,상해없음,보행자,남,72세,경상
2020081600100395,2020년 8월 16일 18시,일요일,충청남도 천안시 동남구 신부동,중상사고,0,1,0,0,차대차 - 측면충돌,기타,건조,맑음,교차로 - 교차로부근,승용,남,59세,상해없음,이륜,남,64세,중상
2020081600100430,2020년 8월 16일 19시,일요일,충청남도 태안군 태안읍,경상사고,0,0,2,1,차대차 - 추돌,안전운전불이행,건조,흐림,단일로 - 기타,화물,남,38세,부상신고,승용,남,66세,경상
2020081600100453,2020년 8월 16일 20시,일요일,충청남도 아산시 신창면,경상사고,0,0,3,0,차대차 - 측면충돌,중앙선침범,건조,맑음,단일로 - 기타,승용,남,61세,상해없음,승용,여,48세,경상
2020081600100454,2020년 8월 16일 20시,일요일,충청남도 서천군 서천읍,경상사고,0,0,1,0,차대차 - 추돌,안전운전불이행,건조,맑음,단일로 - 기타,승용,남,22세,상해없음,이륜,남,78세,경상
2020081600100490,2020년 8월 16일 21시,일요일,충청남도 홍성군 홍성읍,중상사고,0,1,0,0,차대사람 - 기타,안전운전불이행,건조,맑음,단일로 - 기타,승용,남,29세,상해없음,보행자,남,54세,중상
2020081600100507,2020년 8월 16일 22시,일요일,충청남도 서산시 읍내동,경상사고,0,0,2,0,차대차 - 측면충돌,신호위반,건조,맑음,교차로 - 교차로안,승용,남,56세,상해없음,승용,남,26세,경상
2020081600100528,2020년 8월 16일 23시,일요일,충청남도 서산시 읍내동,중상사고,0,1,0,0,차대차 - 측면충돌,신호위반,건조,맑음,교차로 - 교차로안,승용,남,24세,상해없음,이륜,남,24세,중상
2020081600100529,2020년 8월 16일 23시,일요일,충청남도 당진시 읍내리,중상사고,0,1,1,0,차대차 - 측면충돌,신호위반,건조,맑음,교차로 - 교차로안,승용,남,36세,상해없음,승용,남,55세,경상
2020081700100007,2020년 8월 17일 00시,월요일,충청남도 아산시 실옥동,중상사고,0,1,1,0,차대차 - 기타,신호위반,건조,맑음,교차로 - 교차로안,승용,남,21세,경상,승용,남,50세,중상
2020081700100096,2020년 8월 17일 09시,월요일,충청남도 천안시 서북구 직산읍,경상사고,0,0,5,0,차대차 - 측면충돌,교차로운행방법위반,건조,맑음,교차로 - 교차로안,승용,여,40세,경상,승용,여,55세,경상
2020081700100097,2020년 8월 17일 09시,월요일,충청남도 보령시 신흑동,중상사고,0,1,1,0,차대차 - 기타,안전운전불이행,건조,맑음,교차로 - 교차로안,승용,남,52세,상해없음,화물,남,49세,중상
2020081700100152,2020년 8월 17일 11시,월요일,충청남도 서산시 동문동,경상사고,0,0,1,0,차대사람 - 횡단중,보행자보호의무위반,건조,맑음,교차로 - 교차로횡단보도내,승용,남,59세,상해없음,보행자,남,49세,경상
2020081700100190,2020년 8월 17일 12시,월요일,충청남도 서산시 읍내동,경상사고,0,0,1,0,차대차 - 측면충돌,차로위반,건조,맑음,단일로 - 기타,이륜,남,38세,경상,승용,남,64세,상해없음
2020081700100228,2020년 8월 17일 13시,월요일,충청남도 아산시 용화동,경상사고,0,0,1,0,차대사람 - 기타,안전운전불이행,건조,맑음,단일로 - 기타,승용,남,40세,상해없음,보행자,남,6세,경상
2020081700100269,2020년 8월 17일 14시,월요일,충청남도 당진시 신평면,경상사고,0,0,2,0,차대차 - 추돌,안전운전불이행,건조,맑음,단일로 - 교량,화물,남,64세,상해없음,승용,여,42세,경상
2020081700100270,2020년 8월 17일 14시,월요일,충청남도 태안군 안면읍,중상사고,0,1,3,0,차대차 - 정면충돌,안전운전불이행,건조,맑음,교차로 - 교차로안,승용,남,39세,상해없음,승용,남,40세,경상
2020081700100272,2020년 8월 17일 14시,월요일,충청남도 당진시 순성면,경상사고,0,0,4,0,차대차 - 추돌,안전운전불이행,건조,맑음,단일로 - 기타,승용,여,61세,상해없음,승용,남,28세,경상
2020081700100306,2020년 8월 17일 15시,월요일,충청남도 홍성군 서부면,중상사고,0,1,1,0,차대차 - 측면충돌,안전운전불이행,건조,맑음,교차로 - 교차로안,승용,남,35세,상해없음,승용,남,64세,중상
2020081700100307,2020년 8월 17일 15시,월요일,충청남도 보령시 신흑동,중상사고,0,1,0,0,차대사람 - 기타,안전운전불이행,건조,맑음,단일로 - 기타,승용,여,24세,상해없음,보행자,여,68세,중상
2020081700100308,2020년 8월 17일 15시,월요일,충청남도 당진시 정미면,경상사고,0,0,1,0,차대차 - 기타,안전운전불이행,건조,맑음,단일로 - 기타,원동기,여,65세,상해없음,이륜,남,77세,경상
2020081700100345,2020년 8월 17일 16시,월요일,충청남도 천안시 서북구 입장면,중상사고,0,1,0,0,차대차 - 측면충돌,안전운전불이행,건조,맑음,단일로 - 기타,승용,남,60세,상해없음,이륜,남,38세,중상
2020081700100346,2020년 8월 17일 16시,월요일,충청남도 천안시 서북구 성환읍,중상사고,0,1,0,0,차대차 - 측면충돌,안전운전불이행,건조,맑음,교차로 - 교차로안,승용,남,61세,상해없음,이륜,남,30세,중상
2020081700100347,2020년 8월 17일 16시,월요일,충청남도 공주시 의당면,중상사고,0,1,0,0,차대차 - 정면충돌,중앙선침범,건조,맑음,단일로 - 기타,이륜,남,70세,중상,화물,남,65세,상해없음
2020081700100348,2020년 8월 17일 16시,월요일,충청남도 예산군 예산읍,경상사고,0,0,2,0,차대차 - 기타,차로위반,건조,맑음,단일로 - 기타,건설기계,남,36세,상해없음,승용,남,33세,경상
2020081700100429,2020년 8월 17일 18시,월요일,충청남도 천안시 서북구 불당동,경상사고,0,0,1,1,차대차 - 측면충돌,교차로운행방법위반,건조,맑음,교차로 - 교차로안,이륜,남,23세,부상신고,승용,남,34세,경상
2020081700100430,2020년 8월 17일 18시,월요일,충청남도 공주시 반포면,경상사고,0,0,1,1,차대차 - 측면충돌,안전운전불이행,건조,맑음,주차장 - 주차장,승용,여,53세,부상신고,승용,남,43세,경상
2020081700100509,2020년 8월 17일 20시,월요일,충청남도 천안시 서북구 불당동,경상사고,0,0,2,0,차대차 - 측면충돌,차로위반,건조,맑음,단일로 - 기타,승용,남,25세,경상,승용,남,26세,경상
2020081700100531,2020년 8월 17일 21시,월요일,충청남도 당진시 신평면,경상사고,0,0,1,0,차대차 - 기타,안전거리미확보,건조,맑음,단일로 - 기타,승용,여,51세,상해없음,승용,남,29세,경상
2020081700100552,2020년 8월 17일 22시,월요일,충청남도 보령시 웅천읍,중상사고,0,1,0,0,차대사람 - 횡단중,안전운전불이행,건조,맑음,교차로 - 교차로부근,승용,남,74세,상해없음,보행자,남,56세,중상
2020081800100005,2020년 8월 18일 00시,화요일,충청남도 천안시 서북구 두정동,경상사고,0,0,2,0,차대차 - 측면충돌,신호위반,건조,맑음,교차로 - 교차로안,승용,여,35세,상해없음,승용,남,63세,경상
2020081800100015,2020년 8월 18일 01시,화요일,충청남도 공주시 반포면,경상사고,0,0,1,0,차량단독 - 도로외이탈 - 추락,안전운전불이행,건조,맑음,교차로 - 교차로안,승용,남,61세,경상,,,,
2020081800100042,2020년 8월 18일 05시,화요일,충청남도 천안시 서북구 불당동,중상사고,0,1,0,0,차대차 - 측면충돌,안전운전불이행,건조,맑음,교차로 - 교차로횡단보도내,승용,남,27세,상해없음,자전거,남,73세,중상
2020081800100094,2020년 8월 18일 08시,화요일,충청남도 보령시 동대동,중상사고,0,1,0,0,차대차 - 측면충돌,안전운전불이행,건조,맑음,교차로 - 교차로안,승용,여,53세,상해없음,이륜,남,86세,중상
2020081800100132,2020년 8월 18일 09시,화요일,충청남도 서산시 음암면,중상사고,0,1,0,0,차대차 - 추돌,안전운전불이행,건조,맑음,단일로 - 기타,화물,여,63세,상해없음,승용,여,60세,상해없음
2020081800100206,2020년 8월 18일 11시,화요일,충청남도 홍성군 광천읍,경상사고,0,0,1,0,차대사람 - 기타,안전운전불이행,건조,맑음,단일로 - 기타,화물,남,72세,상해없음,보행자,남,91세,경상
2020081800100207,2020년 8월 18일 11시,화요일,충청남도 천안시 동남구 목천읍,경상사고,0,0,1,0,차대차 - 기타,안전거리미확보,건조,맑음,교차로 - 교차로안,승용,여,49세,상해없음,승용,여,51세,경상
2020081800100249,2020년 8월 18일 12시,화요일,충청남도 홍성군 갈산면,중상사고,0,1,0,0,차대사람 - 기타,안전운전불이행,건조,맑음,주차장 - 주차장,승용,여,40세,상해없음,보행자,여,85세,중상
2020081800100250,2020년 8월 18일 12시,화요일,충청남도 공주시 계룡면,경상사고,0,0,1,0,차대차 - 측면충돌,안전운전불이행,건조,맑음,교차로 - 교차로안,이륜,남,55세,경상,승용,남,60세,상해없음
2020081800100251,2020년 8월 18일 12시,화요일,충청남도 청양군 청양읍,경상사고,0,0,1,0,차대차 - 측면충돌,안전운전불이행,건조,맑음,기타 - 기타,자전거,남,73세,경상,승용,여,42세,상해없음
2020081800100288,2020년 8월 18일 13시,화요일,충청남도 서산시 예천동,경상사고,0,0,1,0,차대차 - 측면충돌,안전운전불이행,건조,맑음,교차로 - 교차로안,건설기계,남,61세,상해없음,승용,여,58세,경상
2020081800100289,2020년 8월 18일 13시,화요일,충청남도 논산시 양촌면,사망사고,1,0,0,0,차대차 - 정면충돌,안전운전불이행,건조,맑음,단일로 - 기타,화물,남,41세,상해없음,이륜,남,79세,사망
2020081800100290,2020년 8월 18일 13시,화요일,충청남도 논산시 연산면,중상사고,0,1,1,0,차대차 - 추돌,안전운전불이행,건조,맑음,단일로 - 기타,화물,남,63세,중상,화물,남,50세,경상
2020081800100291,2020년 8월 18일 13시,화요일,충청남도 보령시 주산면,중상사고,0,1,0,0,차대사람 - 길가장자리구역통행중,안전운전불이행,건조,맑음,단일로 - 기타,승합,남,48세,상해없음,보행자,여,54세,중상
2020081800100379,2020년 8월 18일 15시,화요일,충청남도 서산시 동문동,중상사고,0,2,0,0,차대차 - 추돌,안전운전불이행,건조,맑음,단일로 - 기타,승용,남,66세,상해없음,승용,여,26세,중상
2020081800100380,2020년 8월 18일 15시,화요일,충청남도 천안시 동남구 목천읍,경상사고,0,0,1,0,차대사람 - 기타,안전운전불이행,건조,맑음,기타 - 기타,승용,여,22세,상해없음,보행자,남,57세,경상
2020081800100421,2020년 8월 18일 16시,화요일,충청남도 논산시 벌곡면,경상사고,0,0,6,0,차대차 - 추돌,안전운전불이행,건조,맑음,단일로 - 기타,승용,남,41세,경상,승용,남,43세,경상
2020081800100469,2020년 8월 18일 17시,화요일,충청남도 아산시 방축동,경상사고,0,0,2,0,차대차 - 추돌,안전운전불이행,건조,맑음,단일로 - 기타,승용,남,32세,상해없음,승합,남,69세,경상
2020081800100470,2020년 8월 18일 17시,화요일,충청남도 아산시 모종동,경상사고,0,0,1,0,차대차 - 후진중충돌,안전운전불이행,건조,맑음,기타 - 기타,승용,여,49세,상해없음,자전거,여,7세,경상
2020081800100601,2020년 8월 18일 20시,화요일,충청남도 아산시 배방읍,경상사고,0,0,1,0,차대차 - 기타,차로위반,건조,맑음,단일로 - 기타,승용,여,64세,상해없음,승용,남,39세,경상
2020081800100602,2020년 8월 18일 20시,화요일,충청남도 천안시 동남구 동면,중상사고,0,1,2,0,차대차 - 측면충돌,중앙선침범,건조,맑음,단일로 - 기타,기타불명,기타불명,미분류,기타불명,승용,남,39세,중상
2020081800100663,2020년 8월 18일 22시,화요일,충청남도 청양군 비봉면,사망사고,1,0,0,0,차대사람 - 기타,안전운전불이행,건조,기타,기타 - 기타,승용,남,43세,상해없음,보행자,남,69세,사망
2020081800100688,2020년 8월 18일 23시,화요일,충청남도 천안시 동남구 광덕면,사망사고,2,2,0,0,차대차 - 기타,안전운전불이행,건조,맑음,단일로 - 기타,화물,남,42세,중상,화물,남,50세,기타불명
2020081900100005,2020년 8월 19일 00시,수요일,충청남도 홍성군 홍북읍,중상사고,0,2,4,0,차대차 - 측면충돌,신호위반,건조,맑음,교차로 - 교차로안,승용,남,46세,상해없음,승용,남,36세,경상
2020081900100006,2020년 8월 19일 00시,수요일,충청남도 태안군 태안읍,중상사고,0,1,1,0,차대차 - 측면충돌,과속,건조,맑음,교차로 - 교차로안,승용,남,41세,경상,승용,남,43세,중상
2020081900100017,2020년 8월 19일 01시,수요일,충청남도 천안시 서북구 입장면,경상사고,0,0,1,0,차대사람 - 기타,안전운전불이행,건조,맑음,단일로 - 기타,승용,여,53세,상해없음,보행자,남,49세,경상
2020081900100052,2020년 8월 19일 06시,수요일,충청남도 보령시 궁촌동,경상사고,0,0,1,0,차대차 - 측면충돌,신호위반,건조,맑음,교차로 - 교차로안,승용,여,55세,상해없음,승용,남,38세,경상
2020081900100168,2020년 8월 19일 10시,수요일,충청남도 공주시 우성면,경상사고,0,0,1,0,차대차 - 기타,안전운전불이행,건조,맑음,단일로 - 기타,승용,남,32세,상해없음,승용,여,27세,경상
2020081900100204,2020년 8월 19일 11시,수요일,충청남도 보령시 천북면,경상사고,0,0,1,0,차대사람 - 기타,안전운전불이행,건조,맑음,기타 - 기타,승용,남,73세,상해없음,보행자,남,76세,경상
2020081900100239,2020년 8월 19일 12시,수요일,충청남도 천안시 서북구 두정동,경상사고,0,0,1,0,차대차 - 측면충돌,안전운전불이행,건조,맑음,교차로 - 교차로부근,화물,남,60세,상해없음,승용,여,26세,경상
2020081900100240,2020년 8월 19일 12시,수요일,충청남도 홍성군 은하면,경상사고,0,0,3,0,차대차 - 측면충돌,안전운전불이행,건조,맑음,단일로 - 기타,승용,남,39세,경상,승용,남,72세,경상
2020081900100241,2020년 8월 19일 12시,수요일,충청남도 아산시 읍내동,중상사고,0,1,0,0,차대사람 - 기타,안전운전불이행,건조,맑음,단일로 - 기타,승합,남,59세,상해없음,보행자,여,65세,중상
2020081900100289,2020년 8월 19일 13시,수요일,충청남도 서산시 수석동,부상신고사고,0,0,0,1,차대사람 - 기타,안전운전불이행,건조,맑음,주차장 - 주차장,승용,남,61세,상해없음,보행자,여,58세,부상신고
2020081900100290,2020년 8월 19일 13시,수요일,충청남도 아산시 도고면,경상사고,0,0,1,0,차대차 - 기타,중앙선침범,건조,맑음,단일로 - 기타,이륜,남,35세,기타불명,이륜,남,46세,경상
2020081900100291,2020년 8월 19일 13시,수요일,충청남도 당진시 우강면,경상사고,0,0,2,0,차대차 - 기타,교차로운행방법위반,건조,맑음,교차로 - 교차로안,승용,남,49세,상해없음,승용,여,48세,경상
2020081900100292,2020년 8월 19일 13시,수요일,충청남도 천안시 동남구 신부동,경상사고,0,0,1,0,차대차 - 측면충돌,안전운전불이행,건조,맑음,단일로 - 기타,이륜,남,21세,경상,승용,남,47세,상해없음
2020081900100323,2020년 8월 19일 14시,수요일,충청남도 천안시 서북구 성성동,중상사고,0,1,1,0,차대차 - 측면충돌,안전운전불이행,건조,맑음,단일로 - 기타,이륜,남,20세,상해없음,화물,남,26세,경상
2020081900100324,2020년 8월 19일 14시,수요일,충청남도 천안시 서북구 성정동,경상사고,0,0,3,0,차대차 - 추돌,안전거리미확보,건조,맑음,단일로 - 기타,화물,남,50세,경상,승용,남,55세,경상
2020081900100406,2020년 8월 19일 16시,수요일,충청남도 서산시 읍내동,중상사고,0,1,1,0,차대차 - 추돌,안전운전불이행,건조,맑음,교차로 - 교차로부근,승용,남,24세,상해없음,승용,남,27세,경상
2020081900100407,2020년 8월 19일 16시,수요일,충청남도 부여군 홍산면,경상사고,0,0,1,0,차대사람 - 기타,안전운전불이행,건조,맑음,단일로 - 기타,승용,여,57세,상해없음,보행자,여,68세,경상
2020081900100450,2020년 8월 19일 17시,수요일,충청남도 천안시 서북구 쌍용동,경상사고,0,0,1,0,차대차 - 추돌,안전운전불이행,건조,맑음,단일로 - 기타,승용,남,49세,상해없음,승용,남,26세,경상
2020081900100451,2020년 8월 19일 17시,수요일,충청남도 당진시 순성면,경상사고,0,0,1,0,차대차 - 기타,안전운전불이행,건조,흐림,단일로 - 기타,이륜,남,54세,기타불명,화물,남,72세,경상
2020081900100492,2020년 8월 19일 18시,수요일,충청남도 천안시 서북구 두정동,부상신고사고,0,0,0,1,차대차 - 측면충돌,안전운전불이행,건조,맑음,단일로 - 기타,이륜,남,24세,부상신고,승용,남,23세,상해없음
2020081900100493,2020년 8월 19일 18시,수요일,충청남도 아산시 모종동,중상사고,0,1,0,0,차대사람 - 횡단중,보행자보호의무위반,건조,맑음,단일로 - 기타,승합,남,58세,상해없음,보행자,여,52세,중상
2020081900100494,2020년 8월 19일 18시,수요일,충청남도 아산시 배방읍,경상사고,0,0,1,0,차대차 - 추돌,안전운전불이행,건조,맑음,교차로 - 교차로안,승용,남,54세,기타불명,승용,여,29세,경상
2020081900100539,2020년 8월 19일 19시,수요일,충청남도 서산시 동문동,중상사고,0,1,0,0,차대차 - 측면충돌,안전운전불이행,건조,맑음,교차로 - 교차로부근,승용,남,68세,상해없음,이륜,남,72세,중상
2020081900100540,2020년 8월 19일 19시,수요일,충청남도 아산시 용화동,경상사고,0,0,1,0,차대차 - 기타,안전운전불이행,건조,맑음,단일로 - 기타,이륜,남,23세,상해없음,이륜,남,43세,경상
2020081900100541,2020년 8월 19일 19시,수요일,충청남도 공주시 반죽동,경상사고,0,0,2,0,차대차 - 측면충돌,안전운전불이행,건조,맑음,교차로 - 교차로안,승합,남,39세,기타불명,승용,여,64세,경상
2020081900100578,2020년 8월 19일 20시,수요일,충청남도 공주시 신관동,중상사고,0,1,0,0,차대사람 - 횡단중,안전운전불이행,건조,맑음,교차로 - 교차로부근,이륜,남,24세,상해없음,보행자,여,55세,중상
2020081900100579,2020년 8월 19일 20시,수요일,충청남도 당진시 송악읍,경상사고,0,0,2,0,차대차 - 정면충돌,안전운전불이행,건조,맑음,교차로 - 교차로안,이륜,남,23세,경상,승용,남,35세,경상
2020081900100610,2020년 8월 19일 21시,수요일,충청남도 천안시 서북구 성정동,경상사고,0,0,3,0,차대차 - 측면충돌,안전거리미확보,건조,맑음,단일로 - 기타,승용,남,22세,상해없음,승용,남,34세,경상
2020081900100659,2020년 8월 19일 23시,수요일,충청남도 천안시 서북구 직산읍,경상사고,0,0,1,0,차대차 - 측면충돌,중앙선침범,건조,맑음,단일로 - 기타,승용,남,28세,상해없음,승용,여,26세,경상
2020081900100660,2020년 8월 19일 23시,수요일,충청남도 예산군 예산읍,경상사고,0,0,2,0,차대차 - 측면충돌,신호위반,건조,맑음,교차로 - 교차로안,승용,남,62세,상해없음,승용,여,43세,경상
2020082000100004,2020년 8월 20일 00시,목요일,충청남도 천안시 서북구 불당동,경상사고,0,0,2,0,차대차 - 측면충돌,안전운전불이행,건조,맑음,단일로 - 기타,승용,남,37세,상해없음,화물,남,41세,경상
2020082000100013,2020년 8월 20일 01시,목요일,충청남도 아산시 용화동,경상사고,0,0,1,0,차대차 - 기타,중앙선침범,건조,맑음,단일로 - 기타,승용,남,25세,상해없음,이륜,남,43세,경상
2020082000100014,2020년 8월 20일 01시,목요일,충청남도 공주시 산성동,경상사고,0,0,1,0,차대차 - 측면충돌,안전운전불이행,건조,맑음,단일로 - 기타,승용,남,32세,상해없음,승용,남,53세,경상
2020082000100027,2020년 8월 20일 03시,목요일,충청남도 천안시 서북구 불당동,경상사고,0,0,3,0,차대차 - 측면충돌,안전운전불이행,건조,맑음,교차로 - 교차로부근,승용,남,62세,상해없음,승용,남,30세,경상
2020082000100047,2020년 8월 20일 06시,목요일,충청남도 천안시 서북구 성성동,경상사고,0,0,1,1,차대차 - 측면충돌,안전운전불이행,건조,맑음,교차로 - 교차로안,화물,남,34세,부상신고,화물,남,64세,경상
2020082000100048,2020년 8월 20일 06시,목요일,충청남도 예산군 오가면,경상사고,0,0,1,0,차대차 - 추돌,안전운전불이행,건조,맑음,교차로 - 교차로부근,승용,여,63세,상해없음,승용,남,42세,경상
2020082000100049,2020년 8월 20일 06시,목요일,충청남도 당진시 순성면,경상사고,0,0,3,0,차대차 - 기타,교차로운행방법위반,건조,맑음,교차로 - 교차로안,화물,남,60세,상해없음,승용,여,46세,경상
2020082000100071,2020년 8월 20일 07시,목요일,충청남도 아산시 음봉면,경상사고,0,0,1,0,차대차 - 정면충돌,중앙선침범,건조,맑음,단일로 - 기타,승용,남,38세,상해없음,승용,남,41세,경상
2020082000100106,2020년 8월 20일 08시,목요일,충청남도 논산시 광석면,경상사고,0,0,1,0,차대차 - 측면충돌,안전운전불이행,건조,맑음,교차로 - 교차로부근,이륜,남,85세,경상,승용,남,55세,상해없음