사고번호,사고일시,요일,시군구,사고내용,사망자수,중상자수,경상자수,부상신고자수,사고유형,법규위반,노면상태,기상상태,도로형태,가해운전자 차종,가해운전자 성별,가해운전자 연령,가해운전자 상해정도,피해운전자 차종,피해운전자 성별,피해운전자 연령,피해운전자 상해정도
2020082500100179,2020년 8월 25일 10시,화요일,충청남도 아산시 탕정면,중상사고,0,1,0,0,차대차 - 추돌,안전운전불이행,건조,맑음,기타 - 기타,화물,남,51세,상해없음,화물,남,72세,중상
2020082500100180,2020년 8월 25일 10시,화요일,충청남도 보령시 신흑동,경상사고,0,0,1,0,차대차 - 기타,직진우회전진행방해,건조,맑음,교차로 - 교차로안,원동기,남,45세,상해없음,승용,여,55세,경상
2020082500100221,2020년 8월 25일 11시,화요일,충청남도 당진시 석문면,경상사고,0,0,2,0,차대차 - 측면충돌,신호위반,건조,맑음,교차로 - 교차로안,건설기계,남,64세,상해없음,승용,여,40세,경상
2020082500100222,2020년 8월 25일 11시,화요일,충청남도 태안군 근흥면,경상사고,0,0,4,0,차대사람 - 기타,안전운전불이행,건조,맑음,기타 - 기타,승용,남,71세,상해없음,보행자,여,30세,경상
2020082500100262,2020년 8월 25일 12시,화요일,충청남도 논산시 반월동,중상사고,0,1,0,0,차대차 - 측면충돌,교차로운행방법위반,건조,맑음,교차로 - 교차로안,개인형이동수단(PM),여,59세,중상,승용,남,33세,상해없음
2020082500100263,2020년 8월 25일 12시,화요일,충청남도 예산군 예산읍,경상사고,0,0,2,0,차대차 - 측면충돌,안전운전불이행,건조,맑음,교차로 - 교차로안,승용,남,50세,상해없음,화물,남,56세,경상
2020082500100299,2020년 8월 25일 13시,화요일,충청남도 당진시 송악읍,경상사고,0,0,1,0,차대차 - 추돌,안전거리미확보,건조,맑음,단일로 - 기타,화물,남,57세,상해없음,승용,남,52세,경상
2020082500100329,2020년 8월 25일 14시,화요일,충청남도 천안시 서북구 성정동,부상신고사고,0,0,0,1,차대차 - 측면충돌,신호위반,건조,맑음,교차로 - 교차로부근,이륜,남,41세,부상신고,승용,남,61세,상해없음
2020082500100330,2020년 8월 25일 14시,화요일,충청남도 예산군 예산읍,경상사고,0,0,1,0,차대차 - 기타,안전운전불이행,건조,맑음,단일로 - 기타,승용,남,45세,상해없음,승용,남,60세,경상
2020082500100402,2020년 8월 25일 16시,화요일,충청남도 공주시 의당면,중상사고,0,1,0,0,차대사람 - 차도통행중,안전운전불이행,건조,맑음,단일로 - 기타,화물,남,62세,상해없음,보행자,남,54세,중상
2020082500100451,2020년 8월 25일 17시,화요일,충청남도 당진시 정미면,사망사고,1,0,0,0,차량단독 - 전도전복 - 전복,안전운전불이행,건조,맑음,단일로 - 기타,농기계,남,56세,사망,,,,
2020082500100495,2020년 8월 25일 18시,화요일,충청남도 천안시 서북구 쌍용동,경상사고,0,0,1,0,차대차 - 측면충돌,안전운전불이행,건조,맑음,교차로 - 교차로부근,승용,남,29세,상해없음,승용,여,56세,경상
2020082500100496,2020년 8월 25일 18시,화요일,충청남도 보령시 청라면,중상사고,0,2,1,0,차대차 - 측면충돌,안전운전불이행,건조,맑음,교차로 - 교차로부근,화물,남,65세,상해없음,승용,여,57세,경상
2020082500100563,2020년 8월 25일 20시,화요일,충청남도 천안시 서북구 성성동,경상사고,0,0,1,0,차대차 - 측면충돌,기타,건조,맑음,단일로 - 기타,승용,남,19세,상해없음,이륜,남,27세,경상
2020082500100564,2020년 8월 25일 20시,화요일,충청남도 논산시 내동,경상사고,0,0,1,0,차대차 - 기타,안전거리미확보,건조,맑음,단일로 - 기타,승용,남,21세,상해없음,이륜,남,53세,경상
2020082500100565,2020년 8월 25일 20시,화요일,충청남도 예산군 고덕면,경상사고,0,0,2,0,차대차 - 측면충돌,과속,건조,맑음,교차로 - 교차로안,승합,남,39세,상해없음,승용,남,67세,경상
2020082500100566,2020년 8월 25일 20시,화요일,충청남도 천안시 동남구 구룡동,경상사고,0,0,2,0,차대차 - 측면충돌,신호위반,건조,맑음,교차로 - 교차로안,승용,남,47세,경상,승용,여,47세,경상
2020082500100603,2020년 8월 25일 21시,화요일,충청남도 보령시 동대동,중상사고,0,1,0,0,차대사람 - 횡단중,보행자보호의무위반,건조,맑음,교차로 - 교차로횡단보도내,화물,남,20세,상해없음,보행자,여,46세,중상
2020082500100604,2020년 8월 25일 21시,화요일,충청남도 예산군 예산읍,경상사고,0,0,1,0,차대차 - 후진중충돌,안전운전불이행,건조,맑음,단일로 - 기타,화물,남,50세,상해없음,승용,남,30세,경상
2020082500100605,2020년 8월 25일 21시,화요일,충청남도 당진시 송악읍,중상사고,0,1,0,0,차대차 - 기타,안전운전불이행,건조,맑음,교차로 - 교차로부근,화물,남,59세,상해없음,자전거,여,75세,중상
2020082600100006,2020년 8월 26일 00시,수요일,충청남도 천안시 서북구 성성동,경상사고,0,0,2,0,차대차 - 정면충돌,신호위반,건조,맑음,교차로 - 교차로안,승용,여,28세,경상,승용,남,44세,경상
2020082600100007,2020년 8월 26일 00시,수요일,충청남도 아산시 인주면,중상사고,0,1,0,0,차대차 - 추돌,중앙선침범,건조,맑음,교차로 - 교차로부근,승용,남,25세,상해없음,승용,남,40세,중상
2020082600100036,2020년 8월 26일 05시,수요일,충청남도 당진시 합덕읍,중상사고,0,1,0,0,차대사람 - 차도통행중,안전운전불이행,건조,맑음,단일로 - 기타,기타불명,기타불명,미분류,기타불명,보행자,여,56세,중상
2020082600100072,2020년 8월 26일 07시,수요일,충청남도 천안시 서북구 입장면,경상사고,0,0,2,0,차대차 - 측면충돌,안전운전불이행,건조,맑음,단일로 - 기타,승용,여,52세,상해없음,승용,여,51세,경상
2020082600100097,2020년 8월 26일 08시,수요일,충청남도 당진시 우강면,경상사고,0,0,1,0,차대차 - 정면충돌,안전운전불이행,건조,맑음,기타 - 기타,승용,여,59세,상해없음,승용,남,85세,경상
2020082600100143,2020년 8월 26일 10시,수요일,충청남도 천안시 서북구 성환읍,부상신고사고,0,0,0,1,차대차 - 측면충돌,중앙선침범,건조,맑음,단일로 - 기타,원동기,남,59세,부상신고,승용,남,35세,상해없음
2020082600100144,2020년 8월 26일 10시,수요일,충청남도 보령시 대천동,경상사고,0,0,1,0,차대차 - 측면충돌,안전운전불이행,건조,맑음,단일로 - 기타,화물,남,69세,상해없음,자전거,남,85세,경상
2020082600100208,2020년 8월 26일 12시,수요일,충청남도 천안시 서북구 직산읍,중상사고,0,1,0,0,차대사람 - 기타,안전운전불이행,건조,맑음,교차로 - 교차로안,화물,남,60세,상해없음,보행자,여,68세,중상
2020082600100209,2020년 8월 26일 12시,수요일,충청남도 공주시 검상동,경상사고,0,0,1,0,차대차 - 후진중충돌,안전운전불이행,건조,맑음,기타 - 기타,화물,남,45세,상해없음,승용,여,59세,경상
2020082600100246,2020년 8월 26일 13시,수요일,충청남도 부여군 규암면,중상사고,0,1,2,0,차대차 - 추돌,안전운전불이행,건조,맑음,단일로 - 교량,건설기계,남,49세,상해없음,농기계,남,60세,중상
2020082600100269,2020년 8월 26일 14시,수요일,충청남도 천안시 동남구 삼룡동,경상사고,0,0,2,0,차대차 - 추돌,안전거리미확보,건조,맑음,교차로 - 교차로안,승용,여,49세,상해없음,화물,남,26세,경상
2020082600100337,2020년 8월 26일 16시,수요일,충청남도 논산시 연산면,경상사고,0,0,1,0,차대차 - 추돌,안전운전불이행,건조,맑음,교차로 - 교차로부근,화물,남,21세,상해없음,승용,여,71세,경상
2020082600100372,2020년 8월 26일 17시,수요일,충청남도 천안시 서북구 입장면,경상사고,0,0,2,0,차대차 - 측면충돌,안전운전불이행,건조,맑음,교차로 - 교차로안,화물,남,58세,상해없음,승용,남,60세,경상
2020082600100373,2020년 8월 26일 17시,수요일,충청남도 천안시 서북구 업성동,경상사고,0,0,1,0,차대차 - 측면충돌,안전운전불이행,건조,맑음,단일로 - 기타,자전거,여,70세,경상,승용,여,38세,상해없음
2020082600100440,2020년 8월 26일 19시,수요일,충청남도 아산시 선장면,중상사고,0,1,0,0,차대사람 - 기타,안전운전불이행,건조,맑음,단일로 - 기타,승용,남,33세,상해없음,보행자,남,49세,중상
2020082600100441,2020년 8월 26일 19시,수요일,충청남도 서천군 화양면,사망사고,1,0,0,0,차대차 - 기타,안전운전불이행,기타,비,단일로 - 기타,승용,남,53세,상해없음,승용,여,25세,상해없음
2020082600100472,2020년 8월 26일 20시,수요일,충청남도 천안시 서북구 성정동,경상사고,0,0,1,0,차대차 - 기타,안전운전불이행,건조,맑음,단일로 - 기타,승용,남,23세,상해없음,이륜,남,31세,경상
2020082600100546,2020년 8월 26일 23시,수요일,충청남도 천안시 동남구 신부동,중상사고,0,1,0,0,차대차 - 기타,신호위반,젖음/습기,비,교차로 - 교차로안,이륜,남,50세,중상,승용,남,54세,상해없음
2020082700100038,2020년 8월 27일 05시,목요일,충청남도 아산시 음봉면,경상사고,0,0,1,0,차대차 - 기타,신호위반,건조,맑음,교차로 - 교차로부근,승용,여,24세,상해없음,승용,남,54세,경상
2020082700100047,2020년 8월 27일 06시,목요일,충청남도 서산시 읍내동,중상사고,0,1,1,0,차대차 - 추돌,안전거리미확보,젖음/습기,비,단일로 - 기타,승용,여,43세,중상,화물,남,62세,경상
2020082700100065,2020년 8월 27일 07시,목요일,충청남도 공주시 중학동,중상사고,0,1,0,0,차대사람 - 횡단중,보행자보호의무위반,건조,맑음,교차로 - 교차로부근,승용,남,67세,상해없음,보행자,남,47세,중상
2020082700100095,2020년 8월 27일 08시,목요일,충청남도 서산시 성연면,중상사고,0,1,0,0,차대차 - 측면충돌,안전거리미확보,젖음/습기,비,단일로 - 기타,승용,남,24세,상해없음,승용,여,52세,중상
2020082700100133,2020년 8월 27일 09시,목요일,충청남도 천안시 서북구 성성동,경상사고,0,0,1,0,차대차 - 측면충돌,안전운전불이행,건조,맑음,단일로 - 기타,승합,남,59세,상해없음,승용,여,35세,경상
2020082700100162,2020년 8월 27일 10시,목요일,충청남도 천안시 서북구 직산읍,경상사고,0,0,1,0,차대차 - 측면충돌,교차로운행방법위반,건조,맑음,교차로 - 교차로안,승용,남,68세,상해없음,승용,여,30세,경상
2020082700100163,2020년 8월 27일 10시,목요일,충청남도 부여군 부여읍,경상사고,0,0,2,0,차대차 - 추돌,안전운전불이행,건조,맑음,단일로 - 기타,승용,남,58세,상해없음,승용,여,56세,경상
2020082700100189,2020년 8월 27일 11시,목요일,충청남도 금산군 남일면,중상사고,0,2,1,0,차량단독 - 공작물충돌,안전운전불이행,건조,맑음,단일로 - 기타,승용,남,69세,경상,,,,
2020082700100243,2020년 8월 27일 13시,목요일,충청남도 천안시 동남구 신부동,경상사고,0,0,1,0,차대차 - 측면충돌,안전운전불이행,건조,맑음,단일로 - 기타,승용,남,56세,상해없음,이륜,남,48세,경상
2020082700100268,2020년 8월 27일 14시,목요일,충청남도 서산시 동문동,중상사고,0,1,0,0,차대차 - 측면충돌,안전운전불이행,건조,흐림,단일로 - 기타,승용,남,21세,상해없음,이륜,남,30세,중상
2020082700100269,2020년 8월 27일 14시,목요일,충청남도 계룡시 금암동,경상사고,0,0,1,0,차대사람 - 기타,안전운전불이행,건조,맑음,단일로 - 기타,승합,남,32세,상해없음,보행자,여,73세,경상
2020082700100310,2020년 8월 27일 15시,목요일,충청남도 홍성군 홍성읍,경상사고,0,0,1,0,차대차 - 측면충돌,안전운전불이행,건조,맑음,교차로 - 교차로안,승용,남,32세,상해없음,승용,여,60세,경상
2020082700100311,2020년 8월 27일 15시,목요일,충청남도 아산시 탕정면,경상사고,0,0,2,0,차대차 - 기타,안전운전불이행,건조,맑음,단일로 - 기타,승용,남,56세,상해없음,승용,여,51세,경상
2020082700100313,2020년 8월 27일 15시,목요일,충청남도 당진시 대덕리,경상사고,0,0,2,0,차대차 - 측면충돌,안전거리미확보,건조,맑음,단일로 - 기타,화물,남,72세,상해없음,승용,남,44세,경상
2020082700100314,2020년 8월 27일 15시,목요일,충청남도 천안시 동남구 신부동,경상사고,0,0,1,0,차대차 - 기타,직진우회전진행방해,건조,맑음,교차로 - 교차로안,이륜,남,28세,경상,승용,남,51세,상해없음
2020082700100349,2020년 8월 27일 16시,목요일,충청남도 보령시 대천동,경상사고,0,0,1,0,차대차 - 측면충돌,교차로운행방법위반,건조,맑음,교차로 - 교차로안,승용,남,67세,상해없음,이륜,남,30세,경상
2020082700100350,2020년 8월 27일 16시,목요일,충청남도 금산군 추부면,경상사고,0,0,1,0,차대차 - 추돌,안전운전불이행,건조,맑음,단일로 - 기타,승용,여,35세,상해없음,화물,남,54세,경상
2020082700100351,2020년 8월 27일 16시,목요일,충청남도 천안시 동남구 신부동,경상사고,0,0,1,0,차대차 - 추돌,안전운전불이행,건조,맑음,단일로 - 기타,승용,여,44세,상해없음,승용,남,25세,경상
2020082700100425,2020년 8월 27일 18시,목요일,충청남도 서산시 지곡면,경상사고,0,0,1,0,차대차 - 측면충돌,안전운전불이행,건조,흐림,교차로 - 교차로안,승합,남,66세,상해없음,승용,남,63세,경상
2020082700100426,2020년 8월 27일 18시,목요일,충청남도 천안시 서북구 쌍용동,경상사고,0,0,1,0,차대차 - 기타,안전운전불이행,건조,맑음,단일로 - 기타,승용,남,43세,상해없음,원동기,남,27세,경상
2020082700100427,2020년 8월 27일 18시,목요일,충청남도 홍성군 홍북읍,경상사고,0,0,2,0,차대차 - 추돌,안전운전불이행,젖음/습기,비,교차로 - 교차로부근,승용,남,47세,경상,승용,여,29세,경상
2020082700100454,2020년 8월 27일 19시,목요일,충청남도 천안시 서북구 성정동,중상사고,0,1,0,0,차대차 - 측면충돌,신호위반,건조,맑음,교차로 - 교차로안,이륜,남,42세,상해없음,이륜,남,50세,중상
2020082700100455,2020년 8월 27일 19시,목요일,충청남도 홍성군 홍성읍,중상사고,0,1,3,0,차대차 - 추돌,안전운전불이행,젖음/습기,비,교차로 - 교차로부근,승합,남,42세,경상,승용,남,39세,중상
2020082700100456,2020년 8월 27일 19시,목요일,충청남도 보령시 동대동,경상사고,0,0,1,0,차대차 - 기타,신호위반,젖음/습기,비,교차로 - 교차로안,화물,남,45세,상해없음,이륜,남,44세,경상
2020082700100492,2020년 8월 27일 20시,목요일,충청남도 보령시 주포면,중상사고,0,1,1,0,차대차 - 추돌,안전운전불이행,젖음/습기,비,교차로 - 교차로안,승용,남,54세,상해없음,승용,남,62세,경상
2020082700100519,2020년 8월 27일 21시,목요일,충청남도 아산시 음봉면,경상사고,0,0,1,0,차대차 - 기타,안전운전불이행,젖음/습기,비,단일로 - 기타,화물,남,59세,상해없음,승용,여,37세,경상
2020082700100520,2020년 8월 27일 21시,목요일,충청남도 천안시 동남구 신방동,경상사고,0,0,1,0,차대차 - 측면충돌,신호위반,젖음/습기,흐림,교차로 - 교차로안,승용,여,23세,상해없음,승용,남,39세,경상
2020082700100521,2020년 8월 27일 21시,목요일,충청남도 천안시 동남구 신방동,경상사고,0,0,1,0,차대차 - 기타,안전운전불이행,건조,맑음,교차로 - 교차로부근,승용,여,34세,상해없음,이륜,남,25세,경상
2020082700100561,2020년 8월 27일 23시,목요일,충청남도 계룡시 두마면,중상사고,0,1,0,0,차대사람 - 기타,안전운전불이행,건조,맑음,주차장 - 주차장,승용,남,50세,상해없음,보행자,남,20세,중상
2020082700100562,2020년 8월 27일 23시,목요일,충청남도 아산시 둔포면,경상사고,0,0,1,0,차대차 - 기타,안전운전불이행,젖음/습기,비,교차로 - 교차로부근,승용,남,28세,상해없음,이륜,남,17세,경상
2020082800100010,2020년 8월 28일 00시,금요일,충청남도 서산시 동문동,중상사고,0,1,0,0,차대차 - 측면충돌,안전운전불이행,건조,맑음,교차로 - 교차로안,승용,남,60세,상해없음,이륜,남,23세,중상
2020082800100011,2020년 8월 28일 00시,금요일,충청남도 아산시 신창면,중상사고,0,2,0,0,차대차 - 기타,차로위반,젖음/습기,흐림,단일로 - 기타,승용,남,46세,상해없음,승용,남,58세,중상
2020082800100052,2020년 8월 28일 05시,금요일,충청남도 천안시 동남구 안서동,경상사고,0,0,1,0,차대차 - 측면충돌,안전거리미확보,건조,맑음,단일로 - 기타,승용,남,68세,상해없음,이륜,남,23세,경상
2020082800100077,2020년 8월 28일 07시,금요일,충청남도 천안시 서북구 불당동,경상사고,0,0,1,0,차대차 - 기타,안전운전불이행,건조,맑음,교차로 - 교차로안,화물,남,58세,상해없음,이륜,남,77세,경상
2020082800100107,2020년 8월 28일 08시,금요일,충청남도 서산시 대산읍,경상사고,0,0,1,0,차대차 - 추돌,안전운전불이행,건조,맑음,교차로 - 교차로부근,승용,남,59세,상해없음,승용,남,34세,경상
2020082800100130,2020년 8월 28일 09시,금요일,충청남도 천안시 서북구 쌍용동,경상사고,0,0,1,0,차대차 - 측면충돌,안전운전불이행,건조,맑음,교차로 - 교차로횡단보도내,승용,여,41세,상해없음,자전거,남,8세,경상
2020082800100158,2020년 8월 28일 10시,금요일,충청남도 예산군 예산읍,중상사고,0,1,0,0,차대차 - 기타,안전운전불이행,건조,맑음,단일로 - 기타,건설기계,남,55세,상해없음,자전거,남,79세,중상
2020082800100226,2020년 8월 28일 12시,금요일,충청남도 아산시 배방읍,경상사고,0,0,1,0,차대차 - 추돌,안전운전불이행,건조,맑음,기타 - 기타,승용,남,19세,상해없음,승용,남,33세,경상
2020082800100259,2020년 8월 28일 13시,금요일,충청남도 서산시 부석면,중상사고,0,2,1,0,차대차 - 측면충돌,직진우회전진행방해,건조,맑음,교차로 - 교차로안,승용,남,51세,경상,승용,여,32세,중상
2020082800100260,2020년 8월 28일 13시,금요일,충청남도 보령시 동대동,사망사고,1,0,0,0,차대사람 - 횡단중,안전운전불이행,건조,맑음,교차로 - 교차로안,화물,남,60세,상해없음,보행자,남,80세,사망
2020082800100261,2020년 8월 28일 13시,금요일,충청남도 태안군 이원면,중상사고,0,1,0,1,차량단독 - 공작물충돌,안전운전불이행,건조,흐림,단일로 - 기타,승용,남,76세,부상신고,,,,
2020082800100296,2020년 8월 28일 14시,금요일,충청남도 서산시 읍내동,중상사고,0,1,2,0,차대차 - 측면충돌,직진우회전진행방해,건조,맑음,교차로 - 교차로안,승용,남,63세,경상,승용,남,45세,중상
2020082800100380,2020년 8월 28일 16시,금요일,충청남도 계룡시 엄사면,경상사고,0,0,1,0,차대사람 - 기타,안전운전불이행,건조,맑음,주차장 - 주차장,승용,여,69세,상해없음,보행자,남,48세,경상
2020082800100427,2020년 8월 28일 17시,금요일,충청남도 논산시 연산면,경상사고,0,0,2,0,차대차 - 측면충돌,안전거리미확보,젖음/습기,비,단일로 - 기타,화물,남,42세,상해없음,승용,여,63세,경상
2020082800100428,2020년 8월 28일 17시,금요일,충청남도 당진시 신평면,중상사고,0,1,0,0,차대차 - 기타,안전운전불이행,건조,맑음,단일로 - 기타,원동기,남,56세,상해없음,농기계,남,79세,중상
2020082800100475,2020년 8월 28일 18시,금요일,충청남도 서산시 예천동,중상사고,0,1,0,0,차대차 - 측면충돌,안전거리미확보,건조,맑음,단일로 - 기타,승용,여,46세,상해없음,이륜,남,31세,중상
2020082800100476,2020년 8월 28일 18시,금요일,충청남도 논산시 내동,경상사고,0,0,1,0,차대사람 - 횡단중,보행자보호의무위반,젖음/습기,비,교차로 - 교차로횡단보도내,승용,남,34세,상해없음,보행자,여,70세,경상
2020082800100477,2020년 8월 28일 18시,금요일,충청남도 논산시 채운면,경상사고,0,0,1,0,차량단독 - 전도전복 - 전도,안전운전불이행,젖음/습기,비,단일로 - 기타,농기계,남,80세,경상,,,,
2020082800100478,2020년 8월 28일 18시,금요일,충청남도 천안시 동남구 성남면,경상사고,0,0,1,0,차대차 - 측면충돌,안전운전불이행,건조,흐림,단일로 - 기타,화물,남,67세,상해없음,승용,여,57세,경상
2020082800100519,2020년 8월 28일 19시,금요일,충청남도 논산시 내동,중상사고,0,1,0,0,차대차 - 측면충돌,교차로운행방법위반,젖음/습기,비,교차로 - 교차로안,승용,남,59세,상해없음,이륜,남,20세,중상
2020082800100520,2020년 8월 28일 19시,금요일,충청남도 아산시 모종동,경상사고,0,0,1,0,차대차 - 기타,안전운전불이행,건조,맑음,교차로 - 교차로안,승용,여,41세,상해없음,승용,여,70세,경상
2020082800100558,2020년 8월 28일 20시,금요일,충청남도 천안시 동남구 청당동,경상사고,0,0,1,0,차대차 - 추돌,안전운전불이행,젖음/습기,비,단일로 - 기타,승용,남,54세,상해없음,승용,남,50세,경상
2020082800100597,2020년 8월 28일 21시,금요일,충청남도 천안시 서북구 쌍용동,중상사고,0,1,0,0,차대차 - 측면충돌,직진우회전진행방해,젖음/습기,비,교차로 - 교차로안,승용,여,60세,상해없음,이륜,남,46세,중상
2020082800100621,2020년 8월 28일 22시,금요일,충청남도 아산시 방축동,경상사고,0,0,1,0,차대차 - 추돌,안전운전불이행,젖음/습기,비,단일로 - 기타,화물,남,43세,상해없음,승용,남,31세,경상
2020082800100622,2020년 8월 28일 22시,금요일,충청남도 공주시 우성면,경상사고,0,0,2,0,차대차 - 추돌,안전운전불이행,젖음/습기,비,단일로 - 기타,승용,남,55세,상해없음,승용,남,32세,경상
2020082800100649,2020년 8월 28일 23시,금요일,충청남도 천안시 서북구 두정동,경상사고,0,0,1,0,차대차 - 추돌,안전운전불이행,젖음/습기,비,단일로 - 기타,승용,남,24세,상해없음,승용,남,58세,경상
2020082800100650,2020년 8월 28일 23시,금요일,충청남도 천안시 서북구 불당동,경상사고,0,0,2,0,차대차 - 추돌,안전운전불이행,젖음/습기,비,단일로 - 기타,승용,남,37세,상해없음,승용,남,33세,경상
2020082800100651,2020년 8월 28일 23시,금요일,충청남도 아산시 염치읍,중상사고,0,1,0,0,차대차 - 측면충돌,신호위반,젖음/습기,비,교차로 - 교차로안,승용,남,24세,상해없음,승용,남,54세,중상
2020082900100009,2020년 8월 29일 00시,토요일,충청남도 서산시 예천동,경상사고,0,0,3,0,차대차 - 측면충돌,중앙선침범,젖음/습기,비,교차로 - 교차로부근,승용,남,28세,상해없음,승용,남,31세,경상
2020082900100011,2020년 8월 29일 00시,토요일,충청남도 천안시 서북구 백석동,중상사고,0,1,1,0,차대차 - 측면충돌,안전운전불이행,젖음/습기,비,교차로 - 교차로안,승용,남,24세,경상,승용,여,51세,중상
2020082900100042,2020년 8월 29일 02시,토요일,충청남도 서산시 지곡면,중상사고,0,1,0,0,차대사람 - 횡단중,안전운전불이행,젖음/습기,비,단일로 - 기타,기타불명,기타불명,미분류,기타불명,보행자,남,60세,중상
2020082900100115,2020년 8월 29일 08시,토요일,충청남도 천안시 서북구 두정동,경상사고,0,0,1,0,차대차 - 측면충돌,교차로운행방법위반,건조,맑음,교차로 - 교차로안,승용,남,29세,상해없음,승용,남,55세,경상
2020082900100116,2020년 8월 29일 08시,토요일,충청남도 천안시 서북구 부대동,중상사고,0,1,0,0,차대차 - 측면충돌,안전운전불이행,건조,맑음,교차로 - 교차로부근,화물,남,60세,상해없음,승용,남,24세,중상
2020082900100138,2020년 8월 29일 09시,토요일,충청남도 태안군 태안읍,경상사고,0,0,1,0,차대차 - 측면충돌,안전운전불이행,건조,맑음,교차로 - 교차로안,승용,여,27세,상해없음,사륜오토바이(ATV),남,72세,경상
2020082900100157,2020년 8월 29일 10시,토요일,충청남도 아산시 탕정면,중상사고,0,2,0,0,차대차 - 추돌,안전운전불이행,건조,맑음,단일로 - 기타,화물,남,69세,상해없음,승용,여,53세,중상
2020082900100158,2020년 8월 29일 10시,토요일,충청남도 아산시 권곡동,경상사고,0,0,1,0,차대차 - 정면충돌,안전운전불이행,건조,맑음,기타 - 기타,승용,남,67세,상해없음,이륜,남,29세,경상
2020082900100198,2020년 8월 29일 11시,토요일,충청남도 아산시 배방읍,경상사고,0,0,1,0,차대차 - 측면충돌,안전운전불이행,건조,맑음,단일로 - 기타,승합,남,38세,상해없음,승용,남,32세,경상
2020082900100199,2020년 8월 29일 11시,토요일,충청남도 예산군 삽교읍,중상사고,0,2,0,0,차대차 - 추돌,안전운전불이행,젖음/습기,비,교차로 - 교차로부근,승용,여,43세,상해없음,승용,남,47세,중상
2020082900100274,2020년 8월 29일 13시,토요일,충청남도 천안시 서북구 불당동,경상사고,0,0,1,0,차대차 - 측면충돌,차로위반,젖음/습기,비,단일로 - 기타,승용,남,42세,상해없음,승용,남,38세,경상
2020082900100304,2020년 8월 29일 14시,토요일,충청남도 천안시 서북구 직산읍,경상사고,0,0,3,0,차대차 - 측면충돌,과속,젖음/습기,비,교차로 - 교차로안,화물,남,42세,경상,화물,남,67세,경상
2020082900100337,2020년 8월 29일 15시,토요일,충청남도 아산시 배방읍,경상사고,0,0,1,0,차대차 - 기타,신호위반,젖음/습기,비,교차로 - 교차로안,이륜,남,45세,상해없음,승용,여,28세,경상
2020082900100364,2020년 8월 29일 16시,토요일,충청남도 아산시 염치읍,경상사고,0,0,1,0,차대차 - 기타,안전운전불이행,건조,맑음,교차로 - 교차로안,승용,남,31세,상해없음,특수,남,39세,경상
2020082900100365,2020년 8월 29일 16시,토요일,충청남도 천안시 동남구 신부동,경상사고,0,0,1,0,차대차 - 기타,안전운전불이행,젖음/습기,비,단일로 - 기타,승용,남,32세,상해없음,건설기계,남,67세,경상
2020082900100398,2020년 8월 29일 17시,토요일,충청남도 아산시 배방읍,경상사고,0,0,1,0,차대차 - 기타,안전운전불이행,건조,맑음,교차로 - 교차로부근,승용,여,59세,기타불명,건설기계,남,51세,경상
2020082900100399,2020년 8월 29일 17시,토요일,충청남도 공주시 옥룡동,경상사고,0,0,2,0,차대차 - 측면충돌,교차로운행방법위반,젖음/습기,비,교차로 - 교차로안,승용,남,52세,경상,승용,남,53세,경상
2020082900100400,2020년 8월 29일 17시,토요일,충청남도 금산군 금성면,중상사고,0,1,3,1,차대차 - 측면충돌,안전운전불이행,젖음/습기,흐림,교차로 - 교차로안,승용,여,58세,경상,화물,여,55세,경상
2020082900100424,2020년 8월 29일 18시,토요일,충청남도 공주시 신관동,경상사고,0,0,2,0,차대차 - 추돌,기타,젖음/습기,비,교차로 - 교차로부근,화물,남,52세,상해없음,승용,남,59세,경상
2020082900100466,2020년 8월 29일 19시,토요일,충청남도 계룡시 엄사면,중상사고,0,1,0,0,차대차 - 추돌,안전운전불이행,젖음/습기,흐림,교차로 - 교차로부근,승용,남,55세,상해없음,승용,여,47세,중상
2020082900100467,2020년 8월 29일 19시,토요일,충청남도 아산시 배방읍,경상사고,0,0,2,0,차대차 - 기타,안전운전불이행,젖음/습기,흐림,교차로 - 교차로부근,승용,남,30세,상해없음,승용,남,53세,경상
2020082900100495,2020년 8월 29일 20시,토요일,충청남도 논산시 내동,중상사고,0,1,0,0,차대사람 - 횡단중,안전운전불이행,젖음/습기,비,교차로 - 교차로부근,이륜,남,23세,상해없음,보행자,남,63세,중상
2020082900100533,2020년 8월 29일 21시,토요일,충청남도 부여군 부여읍,중상사고,0,1,0,0,차대차 - 측면충돌,신호위반,건조,맑음,단일로 - 기타,승용,남,58세,상해없음,이륜,남,48세,중상
2020082900100548,2020년 8월 29일 22시,토요일,충청남도 천안시 동남구 목천읍,경상사고,0,0,1,0,차대차 - 추돌,안전운전불이행,젖음/습기,흐림,교차로 - 교차로부근,승용,남,32세,상해없음,화물,남,59세,경상
2020082900100570,2020년 8월 29일 23시,토요일,충청남도 서산시 동문동,경상사고,0,0,1,0,차대차 - 추돌,안전운전불이행,젖음/습기,비,교차로 - 교차로안,승용,남,46세,상해없음,승용,여,61세,경상
2020083000100013,2020년 8월 30일 00시,일요일,충청남도 서산시 예천동,중상사고,0,1,0,0,차대차 - 측면충돌,안전운전불이행,젖음/습기,비,교차로 - 교차로안,승용,남,34세,상해없음,승용,남,31세,중상