사고번호,사고일시,요일,시군구,사고내용,사망자수,중상자수,경상자수,부상신고자수,사고유형,법규위반,노면상태,기상상태,도로형태,가해운전자 차종,가해운전자 성별,가해운전자 연령,가해운전자 상해정도,피해운전자 차종,피해운전자 성별,피해운전자 연령,피해운전자 상해정도
2020090400100021,2020년 9월 4일 02시,금요일,충청남도 천안시 서북구 두정동,경상사고,0,0,2,0,차대차 - 측면충돌,직진우회전진행방해,건조,맑음,교차로 - 교차로안,승용,남,24세,상해없음,승용,남,27세,경상
2020090400100035,2020년 9월 4일 05시,금요일,충청남도 공주시 송선동,부상신고사고,0,0,0,1,차량단독 - 공작물충돌,안전운전불이행,건조,맑음,단일로 - 기타,승용,남,24세,부상신고,,,,
2020090400100043,2020년 9월 4일 06시,금요일,충청남도 서천군 마서면,경상사고,0,0,2,0,차대차 - 정면충돌,중앙선침범,건조,맑음,단일로 - 기타,승용,남,47세,경상,승용,남,66세,경상
2020090400100059,2020년 9월 4일 07시,금요일,충청남도 서산시 인지면,경상사고,0,0,1,0,차대차 - 측면충돌,직진우회전진행방해,건조,맑음,교차로 - 교차로안,화물,남,54세,상해없음,승용,여,58세,경상
2020090400100060,2020년 9월 4일 07시,금요일,충청남도 아산시 배방읍,경상사고,0,0,1,0,차대차 - 기타,안전운전불이행,건조,맑음,교차로 - 교차로안,승용,남,25세,상해없음,화물,여,54세,경상
2020090400100089,2020년 9월 4일 08시,금요일,충청남도 천안시 서북구 불당동,경상사고,0,0,1,0,차대사람 - 횡단중,보행자보호의무위반,건조,맑음,기타 - 기타,승용,여,45세,상해없음,보행자,남,39세,경상
2020090400100090,2020년 9월 4일 08시,금요일,충청남도 부여군 장암면,중상사고,0,1,0,0,차량단독 - 공작물충돌,안전운전불이행,건조,맑음,단일로 - 기타,이륜,남,87세,중상,,,,
2020090400100123,2020년 9월 4일 09시,금요일,충청남도 아산시 모종동,경상사고,0,0,1,0,차대사람 - 길가장자리구역통행중,안전운전불이행,건조,맑음,기타 - 기타,승용,남,41세,상해없음,보행자,남,84세,경상
2020090400100157,2020년 9월 4일 10시,금요일,충청남도 서산시 대산읍,경상사고,0,0,1,0,차대차 - 측면충돌,차로위반,건조,맑음,교차로 - 교차로부근,승용,남,61세,상해없음,승용,남,28세,경상
2020090400100196,2020년 9월 4일 11시,금요일,충청남도 아산시 음봉면,경상사고,0,0,1,0,차대차 - 기타,안전운전불이행,건조,맑음,단일로 - 기타,화물,남,54세,상해없음,화물,남,69세,경상
2020090400100197,2020년 9월 4일 11시,금요일,충청남도 공주시 신관동,부상신고사고,0,0,0,1,차대차 - 기타,기타,건조,맑음,교차로 - 교차로안,이륜,남,23세,부상신고,승용,남,58세,상해없음
2020090400100198,2020년 9월 4일 11시,금요일,충청남도 천안시 동남구 사직동,중상사고,0,1,0,0,차대차 - 기타,안전운전불이행,건조,맑음,단일로 - 기타,승용,남,76세,상해없음,이륜,남,64세,중상
2020090400100227,2020년 9월 4일 12시,금요일,충청남도 보령시 웅천읍,중상사고,0,1,0,0,차대차 - 추돌,안전운전불이행,건조,맑음,기타 - 기타,승용,남,55세,상해없음,화물,남,70세,중상
2020090400100228,2020년 9월 4일 12시,금요일,충청남도 천안시 동남구 풍세면,경상사고,0,0,1,0,차대차 - 기타,안전운전불이행,건조,맑음,단일로 - 기타,승용,여,39세,기타불명,화물,남,60세,상해없음
2020090400100413,2020년 9월 4일 17시,금요일,충청남도 천안시 서북구 성환읍,중상사고,0,1,2,0,차대차 - 측면충돌,안전운전불이행,건조,맑음,교차로 - 교차로안,승용,여,58세,경상,이륜,남,52세,경상
2020090400100414,2020년 9월 4일 17시,금요일,충청남도 금산군 남일면,중상사고,0,1,0,0,차대차 - 측면충돌,안전운전불이행,건조,맑음,단일로 - 기타,승용,남,65세,상해없음,이륜,남,62세,중상
2020090400100415,2020년 9월 4일 17시,금요일,충청남도 금산군 금성면,중상사고,0,1,0,0,차량단독 - 전도전복 - 전도,안전운전불이행,건조,맑음,단일로 - 기타,이륜,남,72세,중상,,,,
2020090400100460,2020년 9월 4일 18시,금요일,충청남도 천안시 동남구 성남면,경상사고,0,0,1,0,차대차 - 기타,중앙선침범,건조,맑음,단일로 - 기타,승용,여,59세,기타불명,승용,남,27세,경상
2020090400100512,2020년 9월 4일 19시,금요일,충청남도 천안시 동남구 다가동,경상사고,0,0,1,0,차대사람 - 기타,안전운전불이행,젖음/습기,흐림,단일로 - 기타,승합,여,47세,상해없음,보행자,남,52세,경상
2020090400100539,2020년 9월 4일 20시,금요일,충청남도 논산시 상월면,중상사고,0,1,0,0,차대차 - 추돌,안전운전불이행,건조,맑음,단일로 - 기타,화물,남,62세,중상,화물,남,58세,상해없음
2020090400100577,2020년 9월 4일 21시,금요일,충청남도 천안시 서북구 불당동,부상신고사고,0,0,0,1,차대차 - 측면충돌,안전운전불이행,건조,맑음,교차로 - 교차로안,이륜,남,56세,부상신고,승용,남,45세,상해없음
2020090400100578,2020년 9월 4일 21시,금요일,충청남도 보령시 웅천읍,중상사고,0,1,0,0,차대사람 - 기타,안전운전불이행,젖음/습기,흐림,기타 - 기타,승용,남,22세,상해없음,보행자,남,41세,중상
2020090400100602,2020년 9월 4일 22시,금요일,충청남도 천안시 동남구 삼룡동,중상사고,0,1,0,0,차대차 - 기타,안전운전불이행,건조,맑음,교차로 - 교차로부근,승용,남,60세,상해없음,이륜,남,45세,중상
2020090400100618,2020년 9월 4일 23시,금요일,충청남도 천안시 서북구 성정동,경상사고,0,0,1,0,차대차 - 측면충돌,안전운전불이행,건조,맑음,교차로 - 교차로안,승용,남,19세,상해없음,승용,남,27세,경상
2020090500100058,2020년 9월 5일 07시,토요일,충청남도 서천군 서면,경상사고,0,0,1,0,차대차 - 측면충돌,신호위반,건조,맑음,교차로 - 교차로안,화물,남,62세,상해없음,화물,남,54세,경상
2020090500100059,2020년 9월 5일 07시,토요일,충청남도 당진시 채운동,경상사고,0,0,1,0,차대차 - 측면충돌,안전운전불이행,건조,맑음,단일로 - 기타,승용,남,68세,상해없음,승용,남,71세,경상
2020090500100060,2020년 9월 5일 07시,토요일,충청남도 천안시 동남구 삼룡동,중상사고,0,1,0,0,차대차 - 추돌,과속,건조,흐림,단일로 - 기타,승용,남,42세,상해없음,승용,남,59세,중상
2020090500100093,2020년 9월 5일 09시,토요일,충청남도 아산시 용화동,부상신고사고,0,0,0,1,차대사람 - 기타,기타,건조,흐림,단일로 - 기타,승합,남,54세,기타불명,보행자,여,61세,부상신고
2020090500100094,2020년 9월 5일 09시,토요일,충청남도 당진시 채운동,경상사고,0,0,1,0,차대차 - 기타,교차로운행방법위반,건조,맑음,교차로 - 교차로안,승용,여,45세,상해없음,승용,여,45세,경상
2020090500100119,2020년 9월 5일 10시,토요일,충청남도 부여군 남면,사망사고,1,0,0,0,차대차 - 기타,신호위반,건조,흐림,교차로 - 교차로안,화물,남,35세,상해없음,이륜,남,88세,사망
2020090500100147,2020년 9월 5일 11시,토요일,충청남도 서산시 동문동,경상사고,0,0,1,0,차대차 - 추돌,안전운전불이행,건조,맑음,교차로 - 교차로부근,화물,남,78세,상해없음,승용,남,46세,경상
2020090500100184,2020년 9월 5일 12시,토요일,충청남도 천안시 서북구 성환읍,부상신고사고,0,0,0,1,차대차 - 측면충돌,안전운전불이행,건조,맑음,단일로 - 기타,승용,남,40세,상해없음,승용,여,40세,기타불명
2020090500100185,2020년 9월 5일 12시,토요일,충청남도 천안시 서북구 직산읍,경상사고,0,0,1,0,차대차 - 측면충돌,신호위반,건조,맑음,교차로 - 교차로안,승합,남,32세,상해없음,이륜,남,42세,경상
2020090500100224,2020년 9월 5일 13시,토요일,충청남도 서천군 판교면,중상사고,0,1,0,0,차량단독 - 전도전복 - 전도,안전운전불이행,건조,맑음,단일로 - 기타,이륜,남,58세,중상,,,,
2020090500100265,2020년 9월 5일 14시,토요일,충청남도 청양군 청양읍,경상사고,0,0,3,0,차대차 - 측면충돌,안전운전불이행,건조,맑음,교차로 - 교차로안,승용,남,24세,경상,승용,남,62세,경상
2020090500100303,2020년 9월 5일 15시,토요일,충청남도 홍성군 갈산면,경상사고,0,0,2,0,차대차 - 추돌,안전운전불이행,건조,맑음,단일로 - 기타,승용,남,69세,상해없음,승용,남,37세,경상
2020090500100304,2020년 9월 5일 15시,토요일,충청남도 당진시 시곡리,경상사고,0,0,1,0,차대차 - 기타,안전거리미확보,건조,맑음,단일로 - 기타,승용,남,29세,상해없음,승합,남,59세,경상
2020090500100373,2020년 9월 5일 17시,토요일,충청남도 공주시 옥룡동,경상사고,0,0,1,0,차대사람 - 횡단중,신호위반,건조,맑음,교차로 - 교차로횡단보도내,이륜,남,28세,상해없음,보행자,남,36세,경상
2020090500100374,2020년 9월 5일 17시,토요일,충청남도 공주시 의당면,경상사고,0,0,2,0,차대차 - 측면충돌,기타,건조,맑음,교차로 - 교차로안,승용,남,44세,경상,승용,여,67세,경상
2020090500100408,2020년 9월 5일 18시,토요일,충청남도 서산시 해미면,경상사고,0,0,3,0,차대차 - 측면충돌,직진우회전진행방해,건조,맑음,교차로 - 교차로안,승용,남,60세,상해없음,승용,남,34세,경상
2020090500100409,2020년 9월 5일 18시,토요일,충청남도 천안시 서북구 성환읍,경상사고,0,0,1,0,차대차 - 기타,안전거리미확보,건조,맑음,단일로 - 기타,승용,남,53세,상해없음,원동기,남,16세,경상
2020090500100410,2020년 9월 5일 18시,토요일,충청남도 공주시 쌍신동,중상사고,0,1,0,0,차대사람 - 기타,안전운전불이행,건조,맑음,단일로 - 기타,화물,남,46세,상해없음,보행자,여,58세,중상
2020090500100445,2020년 9월 5일 19시,토요일,충청남도 홍성군 서부면,경상사고,0,0,1,0,차대사람 - 차도통행중,안전운전불이행,건조,맑음,교차로 - 교차로안,화물,남,46세,상해없음,보행자,여,60세,경상
2020090500100482,2020년 9월 5일 20시,토요일,충청남도 서산시 석남동,경상사고,0,0,1,0,차대차 - 추돌,안전운전불이행,건조,맑음,단일로 - 기타,승용,남,47세,상해없음,승용,남,58세,경상
2020090500100559,2020년 9월 5일 23시,토요일,충청남도 예산군 덕산면,경상사고,0,0,2,0,차대차 - 정면충돌,안전운전불이행,건조,맑음,단일로 - 기타,승용,남,37세,상해없음,승용,여,58세,경상
2020090500100560,2020년 9월 5일 23시,토요일,충청남도 부여군 규암면,중상사고,0,2,0,0,차대차 - 추돌,안전거리미확보,건조,맑음,단일로 - 교량,승용,남,28세,상해없음,승용,여,34세,중상
2020090600100009,2020년 9월 6일 00시,일요일,충청남도 태안군 남면,부상신고사고,0,0,0,1,차대사람 - 기타,안전운전불이행,건조,맑음,교차로 - 교차로안,승용,여,43세,상해없음,보행자,남,57세,부상신고
2020090600100020,2020년 9월 6일 01시,일요일,충청남도 천안시 서북구 쌍용동,경상사고,0,0,1,0,차대차 - 추돌,기타,건조,맑음,단일로 - 기타,자전거,남,13세,상해없음,이륜,남,20세,경상
2020090600100054,2020년 9월 6일 06시,일요일,충청남도 태안군 원북면,경상사고,0,0,1,0,차대사람 - 차도통행중,중앙선침범,건조,맑음,단일로 - 기타,승용,남,61세,상해없음,보행자,남,65세,경상
2020090600100067,2020년 9월 6일 08시,일요일,충청남도 천안시 동남구 동면,경상사고,0,0,2,1,차량단독 - 공작물충돌,안전운전불이행,젖음/습기,맑음,단일로 - 기타,승용,남,29세,상해없음,,,,
2020090600100121,2020년 9월 6일 12시,일요일,충청남도 아산시 염치읍,중상사고,0,4,0,0,차대차 - 정면충돌,중앙선침범,건조,맑음,단일로 - 기타,승용,남,62세,상해없음,승용,남,55세,중상
2020090600100122,2020년 9월 6일 12시,일요일,충청남도 당진시 신평면,경상사고,0,0,1,0,차대차 - 측면충돌,안전운전불이행,건조,맑음,단일로 - 기타,승용,남,47세,상해없음,화물,남,39세,경상
2020090600100146,2020년 9월 6일 13시,일요일,충청남도 아산시 인주면,중상사고,0,1,0,0,차대차 - 측면충돌,차로위반,건조,맑음,기타 - 기타,승용,여,61세,상해없음,승용,남,56세,중상
2020090600100147,2020년 9월 6일 13시,일요일,충청남도 태안군 남면,경상사고,0,0,8,0,차대차 - 추돌,안전운전불이행,건조,맑음,단일로 - 기타,승용,여,49세,상해없음,승용,남,33세,경상
2020090600100171,2020년 9월 6일 14시,일요일,충청남도 태안군 소원면,경상사고,0,0,3,0,차대차 - 정면충돌,안전운전불이행,건조,맑음,단일로 - 기타,승용,남,35세,경상,승용,남,34세,경상
2020090600100172,2020년 9월 6일 14시,일요일,충청남도 공주시 정안면,중상사고,0,1,1,0,차대사람 - 기타,안전운전불이행,건조,맑음,주차장 - 주차장,승용,남,71세,상해없음,보행자,남,58세,중상
2020090600100222,2020년 9월 6일 16시,일요일,충청남도 공주시 산성동,부상신고사고,0,0,0,1,차대차 - 측면충돌,중앙선침범,건조,맑음,단일로 - 기타,자전거,남,68세,부상신고,화물,남,70세,상해없음
2020090600100269,2020년 9월 6일 18시,일요일,충청남도 서산시 예천동,중상사고,0,1,0,0,차대차 - 측면충돌,중앙선침범,젖음/습기,비,단일로 - 기타,승용,남,61세,상해없음,이륜,남,44세,중상
2020090600100270,2020년 9월 6일 18시,일요일,충청남도 논산시 부창동,중상사고,0,1,0,0,차대사람 - 차도통행중,안전운전불이행,젖음/습기,비,교차로 - 교차로안,화물,남,64세,상해없음,보행자,여,71세,중상
2020090600100298,2020년 9월 6일 19시,일요일,충청남도 천안시 서북구 불당동,경상사고,0,0,3,0,차대사람 - 횡단중,신호위반,젖음/습기,비,교차로 - 교차로횡단보도내,이륜,남,18세,경상,보행자,남,22세,경상
2020090600100299,2020년 9월 6일 19시,일요일,충청남도 아산시 권곡동,사망사고,1,0,0,0,차대사람 - 횡단중,과속,젖음/습기,비,교차로 - 교차로안,화물,남,58세,기타불명,보행자,남,47세,사망
2020090600100340,2020년 9월 6일 20시,일요일,충청남도 천안시 서북구 두정동,경상사고,0,0,1,0,차대차 - 측면충돌,안전거리미확보,젖음/습기,비,단일로 - 기타,승용,남,24세,상해없음,이륜,남,46세,경상
2020090600100341,2020년 9월 6일 20시,일요일,충청남도 천안시 동남구 청당동,경상사고,0,0,1,0,차대차 - 기타,안전운전불이행,젖음/습기,비,교차로 - 교차로부근,승용,남,31세,상해없음,이륜,남,40세,경상
2020090600100342,2020년 9월 6일 20시,일요일,충청남도 천안시 서북구 입장면,경상사고,0,0,3,0,차대차 - 측면충돌,기타,건조,맑음,기타 - 기타,승용,남,74세,상해없음,승용,남,56세,경상
2020090600100373,2020년 9월 6일 21시,일요일,충청남도 천안시 서북구 성정동,중상사고,0,1,0,0,차대차 - 정면충돌,신호위반,젖음/습기,비,교차로 - 교차로안,승용,남,28세,상해없음,이륜,남,27세,중상
2020090700100005,2020년 9월 7일 00시,월요일,충청남도 아산시 배방읍,중상사고,0,1,0,0,차대차 - 기타,직진우회전진행방해,젖음/습기,비,교차로 - 교차로안,승용,여,40세,기타불명,이륜,남,45세,중상
2020090700100006,2020년 9월 7일 00시,월요일,충청남도 천안시 동남구 신부동,중상사고,0,1,0,0,차대사람 - 기타,안전운전불이행,젖음/습기,비,단일로 - 기타,승용,남,28세,상해없음,보행자,여,21세,중상
2020090700100010,2020년 9월 7일 01시,월요일,충청남도 당진시 송산면,경상사고,0,0,1,0,차량단독 - 공작물충돌,안전운전불이행,건조,맑음,단일로 - 기타,승용,여,53세,상해없음,,,,
2020090700100068,2020년 9월 7일 07시,월요일,충청남도 논산시 지산동,중상사고,0,1,0,0,차대차 - 측면충돌,안전거리미확보,젖음/습기,비,교차로 - 교차로부근,자전거,여,71세,중상,승용,남,59세,상해없음
2020090700100103,2020년 9월 7일 08시,월요일,충청남도 아산시 온천동,중상사고,0,1,0,0,차대사람 - 기타,안전운전불이행,젖음/습기,비,기타 - 기타,승용,남,55세,상해없음,보행자,여,58세,중상
2020090700100173,2020년 9월 7일 11시,월요일,충청남도 천안시 서북구 백석동,중상사고,0,1,0,0,차대사람 - 횡단중,신호위반,젖음/습기,비,단일로 - 기타,승용,여,60세,상해없음,보행자,여,76세,중상
2020090700100239,2020년 9월 7일 13시,월요일,충청남도 서산시 석림동,경상사고,0,0,2,0,차대차 - 측면충돌,안전운전불이행,젖음/습기,비,교차로 - 교차로안,승용,여,64세,상해없음,승용,남,39세,경상
2020090700100240,2020년 9월 7일 13시,월요일,충청남도 논산시 취암동,경상사고,0,0,1,0,차대차 - 측면충돌,직진우회전진행방해,건조,맑음,교차로 - 교차로안,승용,여,49세,상해없음,승용,남,20세,경상
2020090700100311,2020년 9월 7일 15시,월요일,충청남도 천안시 서북구 불당동,경상사고,0,0,1,1,차대차 - 측면충돌,차로위반,젖음/습기,비,단일로 - 기타,승용,여,57세,부상신고,승용,남,59세,경상
2020090700100312,2020년 9월 7일 15시,월요일,충청남도 홍성군 홍성읍,경상사고,0,0,2,0,차대차 - 측면충돌,안전운전불이행,건조,맑음,교차로 - 교차로안,승용,남,22세,경상,승용,여,47세,경상
2020090700100313,2020년 9월 7일 15시,월요일,충청남도 공주시 산성동,중상사고,0,1,0,0,차대사람 - 기타,교차로운행방법위반,젖음/습기,비,교차로 - 교차로안,승용,여,40세,상해없음,보행자,남,79세,중상
2020090700100346,2020년 9월 7일 16시,월요일,충청남도 청양군 운곡면,경상사고,0,0,1,0,차대차 - 측면충돌,중앙선침범,젖음/습기,비,기타 - 기타,승용,남,28세,상해없음,승용,남,68세,경상
2020090700100376,2020년 9월 7일 17시,월요일,충청남도 서산시 동문동,경상사고,0,0,2,0,차대차 - 추돌,안전운전불이행,젖음/습기,비,교차로 - 교차로안,승용,남,66세,상해없음,승용,남,38세,기타불명
2020090700100417,2020년 9월 7일 18시,월요일,충청남도 천안시 서북구 두정동,경상사고,0,0,1,0,차대차 - 측면충돌,교차로운행방법위반,젖음/습기,비,교차로 - 교차로안,승용,남,60세,상해없음,승용,남,51세,경상
2020090700100458,2020년 9월 7일 19시,월요일,충청남도 천안시 서북구 불당동,경상사고,0,0,1,0,차대차 - 측면충돌,안전운전불이행,젖음/습기,비,교차로 - 교차로안,승용,남,38세,상해없음,승용,남,40세,경상
2020090700100509,2020년 9월 7일 20시,월요일,충청남도 천안시 서북구 성정동,중상사고,0,1,0,0,차대차 - 측면충돌,직진우회전진행방해,젖음/습기,비,교차로 - 교차로안,승용,남,68세,상해없음,승용,남,39세,중상
2020090700100510,2020년 9월 7일 20시,월요일,충청남도 홍성군 홍북읍,중상사고,0,1,0,0,차대차 - 측면충돌,안전운전불이행,건조,맑음,단일로 - 기타,이륜,남,18세,상해없음,승용,여,42세,중상
2020090700100511,2020년 9월 7일 20시,월요일,충청남도 아산시 신창면,경상사고,0,0,2,0,차대사람 - 기타,안전운전불이행,건조,맑음,단일로 - 기타,승용,남,49세,상해없음,보행자,여,19세,경상
2020090800100030,2020년 9월 8일 04시,화요일,충청남도 천안시 동남구 수신면,경상사고,0,0,2,0,차대차 - 기타,신호위반,건조,맑음,교차로 - 교차로안,승용,여,56세,경상,승용,남,44세,경상
2020090800100036,2020년 9월 8일 05시,화요일,충청남도 태안군 근흥면,경상사고,0,0,1,0,차대차 - 정면충돌,중앙선침범,건조,흐림,단일로 - 기타,승용,남,49세,상해없음,승용,여,59세,경상
2020090800100045,2020년 9월 8일 06시,화요일,충청남도 천안시 서북구 성환읍,경상사고,0,0,1,0,차대차 - 측면충돌,교차로운행방법위반,건조,맑음,교차로 - 교차로안,화물,남,58세,상해없음,자전거,남,51세,경상
2020090800100062,2020년 9월 8일 07시,화요일,충청남도 아산시 탕정면,중상사고,0,1,0,0,차대차 - 측면충돌,안전운전불이행,건조,맑음,교차로 - 교차로안,화물,남,64세,상해없음,승용,여,27세,중상
2020090800100109,2020년 9월 8일 08시,화요일,충청남도 보령시 명천동,경상사고,0,0,1,0,차대차 - 측면충돌,신호위반,건조,맑음,교차로 - 교차로안,승용,여,61세,상해없음,승용,여,49세,경상
2020090800100141,2020년 9월 8일 09시,화요일,충청남도 부여군 부여읍,경상사고,0,0,1,0,차대차 - 후진중충돌,안전운전불이행,건조,맑음,교차로 - 교차로부근,승용,남,55세,상해없음,승용,여,58세,경상
2020090800100142,2020년 9월 8일 09시,화요일,충청남도 당진시 채운동,중상사고,0,1,0,1,차대차 - 측면충돌,직진우회전진행방해,건조,맑음,교차로 - 교차로안,건설기계,남,48세,부상신고,승용,여,66세,중상
2020090800100143,2020년 9월 8일 09시,화요일,충청남도 천안시 동남구 원성동,경상사고,0,0,1,0,차대차 - 정면충돌,안전운전불이행,건조,맑음,단일로 - 기타,승용,남,65세,상해없음,승용,여,37세,경상
2020090800100178,2020년 9월 8일 10시,화요일,충청남도 예산군 광시면,중상사고,0,1,0,0,차대차 - 기타,직진우회전진행방해,건조,맑음,교차로 - 교차로안,승용,남,66세,상해없음,자전거,남,52세,중상
2020090800100179,2020년 9월 8일 10시,화요일,충청남도 당진시 송악읍,경상사고,0,0,1,1,차대차 - 측면충돌,안전운전불이행,건조,맑음,교차로 - 교차로안,화물,여,70세,부상신고,화물,남,37세,경상
2020090800100208,2020년 9월 8일 11시,화요일,충청남도 천안시 서북구 쌍용동,경상사고,0,0,1,0,차대차 - 기타,안전운전불이행,건조,맑음,단일로 - 기타,승용,남,35세,상해없음,이륜,남,38세,경상
2020090800100209,2020년 9월 8일 11시,화요일,충청남도 천안시 서북구 두정동,경상사고,0,0,1,0,차대차 - 측면충돌,교차로운행방법위반,건조,맑음,교차로 - 교차로안,승용,남,49세,상해없음,이륜,남,43세,경상
2020090800100239,2020년 9월 8일 12시,화요일,충청남도 홍성군 홍북읍,경상사고,0,0,1,0,차대차 - 기타,안전운전불이행,건조,맑음,단일로 - 기타,승용,남,30세,상해없음,승용,여,37세,경상
2020090800100240,2020년 9월 8일 12시,화요일,충청남도 아산시 배방읍,경상사고,0,0,1,0,차대차 - 기타,안전운전불이행,건조,맑음,단일로 - 기타,승용,여,56세,상해없음,원동기,남,22세,경상
2020090800100241,2020년 9월 8일 12시,화요일,충청남도 보령시 남포면,중상사고,0,1,0,0,차량단독 - 기타,안전운전불이행,건조,맑음,교차로 - 교차로안,이륜,남,78세,중상,,,,
2020090800100271,2020년 9월 8일 13시,화요일,충청남도 천안시 서북구 업성동,경상사고,0,0,2,0,차대차 - 기타,교차로운행방법위반,젖음/습기,비,교차로 - 교차로안,승용,남,52세,경상,이륜,남,49세,경상
2020090800100301,2020년 9월 8일 14시,화요일,충청남도 서산시 석남동,경상사고,0,0,1,0,차대차 - 측면충돌,안전운전불이행,건조,맑음,단일로 - 기타,승용,여,47세,상해없음,자전거,여,23세,경상
2020090800100303,2020년 9월 8일 14시,화요일,충청남도 아산시 풍기동,경상사고,0,0,1,0,차대차 - 기타,안전운전불이행,건조,맑음,단일로 - 기타,승용,여,62세,상해없음,승용,여,33세,경상
2020090800100304,2020년 9월 8일 14시,화요일,충청남도 금산군 추부면,경상사고,0,0,1,0,차대차 - 기타,기타,건조,맑음,기타 - 기타,화물,남,65세,상해없음,승용,여,41세,경상
2020090800100339,2020년 9월 8일 15시,화요일,충청남도 논산시 연산면,경상사고,0,0,1,0,차대차 - 측면충돌,신호위반,건조,맑음,교차로 - 교차로안,승합,남,72세,상해없음,화물,남,45세,경상
2020090800100340,2020년 9월 8일 15시,화요일,충청남도 금산군 복수면,경상사고,0,0,1,0,차대차 - 측면충돌,기타,건조,맑음,교차로 - 교차로안,이륜,남,77세,경상,화물,남,54세,상해없음
2020090800100388,2020년 9월 8일 16시,화요일,충청남도 천안시 서북구 불당동,경상사고,0,0,1,0,차대차 - 기타,안전운전불이행,건조,맑음,단일로 - 기타,승용,여,39세,상해없음,승용,여,37세,경상
2020090800100389,2020년 9월 8일 16시,화요일,충청남도 보령시 대천동,경상사고,0,0,2,0,차대차 - 기타,안전거리미확보,건조,맑음,교차로 - 교차로안,승용,여,58세,경상,승용,여,41세,경상
2020090800100390,2020년 9월 8일 16시,화요일,충청남도 천안시 동남구 대흥동,중상사고,0,1,0,0,차대사람 - 기타,안전운전불이행,건조,맑음,단일로 - 기타,승용,남,53세,상해없음,보행자,남,44세,중상
2020090800100434,2020년 9월 8일 17시,화요일,충청남도 아산시 배방읍,경상사고,0,0,1,0,차대차 - 정면충돌,신호위반,건조,맑음,교차로 - 교차로안,이륜,남,16세,경상,승용,남,55세,상해없음
2020090800100477,2020년 9월 8일 18시,화요일,충청남도 천안시 서북구 백석동,경상사고,0,0,1,0,차대차 - 측면충돌,신호위반,건조,맑음,교차로 - 교차로안,승용,남,30세,상해없음,승용,여,48세,경상
2020090800100514,2020년 9월 8일 19시,화요일,충청남도 서산시 갈산동,중상사고,0,1,2,0,차대차 - 측면충돌,차로위반,건조,맑음,단일로 - 기타,승용,여,37세,경상,승용,남,59세,중상
2020090800100515,2020년 9월 8일 19시,화요일,충청남도 예산군 삽교읍,중상사고,0,1,0,0,차대사람 - 차도통행중,안전운전불이행,건조,맑음,단일로 - 기타,자전거,남,49세,상해없음,보행자,여,77세,중상
2020090800100556,2020년 9월 8일 20시,화요일,충청남도 아산시 모종동,중상사고,0,2,0,0,차대사람 - 횡단중,보행자보호의무위반,건조,맑음,단일로 - 기타,승합,남,58세,상해없음,보행자,여,39세,중상
2020090800100557,2020년 9월 8일 20시,화요일,충청남도 부여군 규암면,경상사고,0,0,1,0,차대차 - 측면충돌,교차로운행방법위반,건조,맑음,교차로 - 교차로안,승용,남,55세,상해없음,승용,여,50세,경상
2020090800100558,2020년 9월 8일 20시,화요일,충청남도 당진시 신평면,중상사고,0,1,0,0,차대사람 - 보도통행중,보행자보호의무위반,건조,맑음,교차로 - 교차로횡단보도내,승용,남,53세,상해없음,보행자,남,45세,중상
2020090800100585,2020년 9월 8일 21시,화요일,충청남도 아산시 온천동,중상사고,0,1,0,0,차대차 - 기타,안전운전불이행,건조,흐림,단일로 - 기타,승용,남,51세,상해없음,승용,남,49세,중상
2020090800100586,2020년 9월 8일 21시,화요일,충청남도 공주시 웅진동,경상사고,0,0,3,0,차대차 - 측면충돌,안전운전불이행,건조,맑음,교차로 - 교차로안,화물,남,47세,상해없음,승용,여,62세,경상
2020090800100614,2020년 9월 8일 22시,화요일,충청남도 아산시 둔포면,경상사고,0,0,1,0,차대차 - 기타,안전운전불이행,건조,맑음,단일로 - 기타,승용,남,48세,상해없음,승용,남,40세,경상
2020090900100006,2020년 9월 9일 00시,수요일,충청남도 천안시 서북구 성거읍,경상사고,0,0,1,0,차대차 - 기타,안전운전불이행,건조,맑음,단일로 - 기타,특수,남,54세,상해없음,화물,남,54세,경상
2020090900100023,2020년 9월 9일 02시,수요일,충청남도 천안시 서북구 성정동,경상사고,0,0,3,0,차대차 - 측면충돌,교차로운행방법위반,건조,맑음,교차로 - 교차로안,승용,남,50세,상해없음,승용,남,62세,경상
2020090900100062,2020년 9월 9일 07시,수요일,충청남도 천안시 동남구 원성동,경상사고,0,0,1,0,차대사람 - 기타,안전운전불이행,건조,맑음,기타 - 기타,승합,남,60세,상해없음,보행자,여,52세,경상
2020090900100086,2020년 9월 9일 08시,수요일,충청남도 보령시 주포면,중상사고,0,1,0,0,차대차 - 기타,안전운전불이행,건조,맑음,교차로 - 교차로부근,특수,남,66세,상해없음,기타불명,남,57세,중상
2020090900100114,2020년 9월 9일 09시,수요일,충청남도 당진시 합덕읍,중상사고,0,1,0,0,차대차 - 측면충돌,교차로운행방법위반,건조,맑음,교차로 - 교차로안,승용,남,77세,상해없음,승용,여,62세,중상
2020090900100136,2020년 9월 9일 10시,수요일,충청남도 아산시 탕정면,경상사고,0,0,1,0,차대차 - 측면충돌,안전운전불이행,건조,맑음,단일로 - 기타,승용,남,72세,상해없음,화물,남,54세,경상
2020090900100137,2020년 9월 9일 10시,수요일,충청남도 예산군 덕산면,경상사고,0,0,2,0,차대차 - 기타,직진우회전진행방해,건조,맑음,교차로 - 교차로안,승용,여,57세,기타불명,화물,남,76세,경상