사고번호,사고일시,요일,시군구,사고내용,사망자수,중상자수,경상자수,부상신고자수,사고유형,법규위반,노면상태,기상상태,도로형태,가해운전자 차종,가해운전자 성별,가해운전자 연령,가해운전자 상해정도,피해운전자 차종,피해운전자 성별,피해운전자 연령,피해운전자 상해정도
2020090900100174,2020년 9월 9일 11시,수요일,충청남도 보령시 웅천읍,경상사고,0,0,1,0,차대사람 - 횡단중,안전운전불이행,건조,맑음,단일로 - 기타,승합,남,51세,상해없음,보행자,남,26세,경상
2020090900100202,2020년 9월 9일 12시,수요일,충청남도 서산시 읍내동,경상사고,0,0,2,0,차대차 - 기타,안전거리미확보,건조,맑음,교차로 - 교차로안,승용,남,72세,상해없음,승용,남,38세,경상
2020090900100256,2020년 9월 9일 14시,수요일,충청남도 예산군 삽교읍,경상사고,0,0,2,0,차대차 - 정면충돌,교차로운행방법위반,건조,맑음,교차로 - 교차로안,승용,여,26세,상해없음,승용,여,35세,경상
2020090900100294,2020년 9월 9일 15시,수요일,충청남도 논산시 내동,사망사고,1,1,0,0,차대차 - 측면충돌,안전거리미확보,건조,맑음,단일로 - 기타,이륜,남,80세,중상,승용,여,32세,상해없음
2020090900100295,2020년 9월 9일 15시,수요일,충청남도 논산시 연산면,경상사고,0,0,1,0,차대차 - 측면충돌,기타,건조,맑음,교차로 - 교차로안,승용,남,22세,상해없음,자전거,남,18세,경상
2020090900100296,2020년 9월 9일 15시,수요일,충청남도 홍성군 홍성읍,중상사고,0,1,0,0,차대차 - 측면충돌,교차로운행방법위반,건조,맑음,교차로 - 교차로안,자전거,남,16세,상해없음,이륜,여,68세,중상
2020090900100297,2020년 9월 9일 15시,수요일,충청남도 당진시 석문면,경상사고,0,0,3,0,차대차 - 추돌,안전운전불이행,건조,맑음,단일로 - 기타,승용,여,60세,상해없음,승용,남,59세,경상
2020090900100324,2020년 9월 9일 16시,수요일,충청남도 홍성군 구항면,중상사고,0,2,0,0,차대차 - 측면충돌,안전거리미확보,건조,맑음,단일로 - 기타,화물,여,59세,상해없음,승용,여,68세,중상
2020090900100362,2020년 9월 9일 17시,수요일,충청남도 서산시 해미면,중상사고,0,2,0,0,차대차 - 기타,기타,건조,맑음,교차로 - 교차로안,승용,남,63세,상해없음,승용,여,60세,중상
2020090900100363,2020년 9월 9일 17시,수요일,충청남도 천안시 동남구 안서동,경상사고,0,0,1,0,차대사람 - 횡단중,안전운전불이행,건조,맑음,교차로 - 교차로부근,승용,남,54세,상해없음,보행자,여,22세,경상
2020090900100404,2020년 9월 9일 18시,수요일,충청남도 천안시 동남구 원성동,경상사고,0,0,1,0,차대차 - 기타,중앙선침범,건조,맑음,교차로 - 교차로부근,화물,남,60세,상해없음,승용,남,22세,경상
2020090900100435,2020년 9월 9일 19시,수요일,충청남도 아산시 풍기동,중상사고,0,4,2,0,차대차 - 정면충돌,안전운전불이행,건조,맑음,교차로 - 교차로안,승용,여,51세,상해없음,승합,남,38세,중상
2020090900100436,2020년 9월 9일 19시,수요일,충청남도 보령시 신흑동,중상사고,0,4,0,0,차대차 - 측면충돌,신호위반,건조,맑음,교차로 - 교차로안,승용,여,49세,중상,승용,남,46세,중상
2020090900100504,2020년 9월 9일 21시,수요일,충청남도 서천군 서천읍,중상사고,0,1,0,0,차대차 - 추돌,안전운전불이행,건조,맑음,단일로 - 기타,승용,여,57세,상해없음,이륜,남,27세,중상
2020090900100532,2020년 9월 9일 22시,수요일,충청남도 예산군 예산읍,중상사고,0,1,0,0,차대차 - 추돌,과속,건조,맑음,단일로 - 기타,승용,여,35세,상해없음,자전거,남,90세,중상
2020091000100050,2020년 9월 10일 07시,목요일,충청남도 부여군 규암면,경상사고,0,0,1,0,차대차 - 측면충돌,신호위반,건조,맑음,교차로 - 교차로안,승용,여,56세,상해없음,승용,여,38세,경상
2020091000100051,2020년 9월 10일 07시,목요일,충청남도 천안시 동남구 삼룡동,경상사고,0,0,1,0,차대차 - 측면충돌,안전운전불이행,건조,맑음,단일로 - 기타,화물,남,36세,상해없음,승용,남,34세,경상
2020091000100082,2020년 9월 10일 08시,목요일,충청남도 당진시 읍내리,중상사고,0,1,4,0,차대차 - 측면충돌,교차로운행방법위반,건조,맑음,교차로 - 교차로안,승용,남,27세,상해없음,승합,남,50세,경상
2020091000100083,2020년 9월 10일 08시,목요일,충청남도 천안시 동남구 봉명동,중상사고,0,1,0,0,차대차 - 기타,안전운전불이행,건조,맑음,단일로 - 기타,승용,여,35세,상해없음,이륜,남,41세,중상
2020091000100125,2020년 9월 10일 10시,목요일,충청남도 천안시 서북구 불당동,경상사고,0,0,2,0,차대차 - 기타,안전거리미확보,건조,맑음,단일로 - 기타,승용,남,48세,상해없음,승합,남,45세,상해없음
2020091000100126,2020년 9월 10일 10시,목요일,충청남도 논산시 연무읍,중상사고,0,1,0,0,차대차 - 측면충돌,직진우회전진행방해,건조,맑음,교차로 - 교차로안,승용,남,43세,상해없음,이륜,여,66세,중상
2020091000100127,2020년 9월 10일 10시,목요일,충청남도 서천군 비인면,경상사고,0,0,1,0,차량단독 - 공작물충돌,안전운전불이행,건조,맑음,단일로 - 기타,화물,남,62세,경상,,,,
2020091000100165,2020년 9월 10일 11시,목요일,충청남도 공주시 신관동,경상사고,0,0,1,0,차대사람 - 횡단중,안전운전불이행,건조,맑음,교차로 - 교차로안,승합,남,60세,상해없음,보행자,여,26세,경상
2020091000100260,2020년 9월 10일 14시,목요일,충청남도 서산시 인지면,경상사고,0,0,1,0,차대차 - 측면충돌,교차로운행방법위반,건조,맑음,교차로 - 교차로안,원동기,남,87세,경상,승용,남,68세,상해없음
2020091000100297,2020년 9월 10일 15시,목요일,충청남도 당진시 송악읍,경상사고,0,0,3,0,차대차 - 추돌,안전운전불이행,건조,맑음,단일로 - 기타,승용,남,58세,상해없음,승용,여,53세,경상
2020091000100330,2020년 9월 10일 16시,목요일,충청남도 서산시 인지면,경상사고,0,0,2,0,차대차 - 추돌,안전운전불이행,건조,맑음,교차로 - 교차로부근,화물,남,56세,상해없음,화물,남,58세,경상
2020091000100331,2020년 9월 10일 16시,목요일,충청남도 부여군 규암면,경상사고,0,0,1,0,차대차 - 측면충돌,안전운전불이행,건조,맑음,단일로 - 기타,승용,여,28세,상해없음,자전거,남,7세,경상
2020091000100375,2020년 9월 10일 17시,목요일,충청남도 서산시 석림동,중상사고,0,1,0,0,차대차 - 측면충돌,신호위반,건조,맑음,교차로 - 교차로안,이륜,남,48세,중상,승용,남,49세,상해없음
2020091000100376,2020년 9월 10일 17시,목요일,충청남도 보령시 천북면,중상사고,0,1,0,0,차대사람 - 횡단중,안전운전불이행,건조,맑음,교차로 - 교차로안,승용,남,29세,상해없음,보행자,남,89세,중상
2020091000100435,2020년 9월 10일 18시,목요일,충청남도 보령시 남곡동,경상사고,0,0,1,0,차대차 - 기타,중앙선침범,건조,맑음,단일로 - 기타,승용,남,48세,상해없음,승합,남,20세,경상
2020091000100436,2020년 9월 10일 18시,목요일,충청남도 금산군 추부면,중상사고,0,1,0,0,차대차 - 추돌,안전운전불이행,건조,맑음,단일로 - 터널,승합,남,41세,상해없음,승용,여,51세,상해없음
2020091000100475,2020년 9월 10일 19시,목요일,충청남도 천안시 서북구 성정동,경상사고,0,0,1,0,차대차 - 측면충돌,안전운전불이행,건조,맑음,교차로 - 교차로부근,승합,남,78세,상해없음,이륜,남,21세,경상
2020091000100476,2020년 9월 10일 19시,목요일,충청남도 아산시 온천동,중상사고,0,1,0,0,차대사람 - 횡단중,안전운전불이행,건조,맑음,교차로 - 교차로부근,승용,남,50세,상해없음,보행자,여,76세,중상
2020091000100477,2020년 9월 10일 19시,목요일,충청남도 부여군 초촌면,중상사고,0,1,0,0,차량단독 - 공작물충돌,안전운전불이행,건조,맑음,단일로 - 기타,농기계,남,75세,중상,,,,
2020091000100515,2020년 9월 10일 20시,목요일,충청남도 아산시 배방읍,중상사고,0,1,0,0,차량단독 - 기타,안전운전불이행,건조,맑음,교차로 - 교차로안,이륜,남,58세,중상,,,,
2020091000100516,2020년 9월 10일 20시,목요일,충청남도 공주시 옥룡동,경상사고,0,0,1,0,차대차 - 측면충돌,안전운전불이행,건조,맑음,단일로 - 기타,승용,남,53세,상해없음,이륜,남,39세,경상
2020091000100563,2020년 9월 10일 22시,목요일,충청남도 천안시 서북구 불당동,경상사고,0,0,1,0,차대차 - 기타,안전운전불이행,건조,맑음,단일로 - 기타,승용,남,39세,상해없음,승용,남,57세,경상
2020091100100028,2020년 9월 11일 03시,금요일,충청남도 천안시 동남구 신방동,경상사고,0,0,1,0,차대차 - 기타,신호위반,건조,맑음,교차로 - 교차로안,이륜,남,17세,경상,승용,남,52세,상해없음
2020091100100032,2020년 9월 11일 04시,금요일,충청남도 당진시 송악읍,경상사고,0,0,1,0,차대차 - 측면충돌,중앙선침범,건조,맑음,단일로 - 기타,승용,남,47세,상해없음,승용,남,35세,경상
2020091100100040,2020년 9월 11일 05시,금요일,충청남도 서산시 동문동,중상사고,0,1,0,0,차대차 - 측면충돌,신호위반,건조,흐림,교차로 - 교차로안,승용,여,44세,상해없음,승용,여,47세,중상
2020091100100048,2020년 9월 11일 06시,금요일,충청남도 보령시 동대동,중상사고,0,1,0,0,차대차 - 기타,안전운전불이행,건조,맑음,기타 - 기타,화물,남,64세,상해없음,기타불명,남,73세,중상
2020091100100098,2020년 9월 11일 08시,금요일,충청남도 부여군 석성면,중상사고,0,1,0,0,차대차 - 기타,신호위반,건조,맑음,교차로 - 교차로안,화물,남,71세,상해없음,자전거,남,83세,중상
2020091100100125,2020년 9월 11일 09시,금요일,충청남도 부여군 규암면,경상사고,0,0,2,0,차대차 - 측면충돌,신호위반,건조,맑음,교차로 - 교차로안,승용,여,68세,상해없음,승용,남,36세,경상
2020091100100126,2020년 9월 11일 09시,금요일,충청남도 당진시 송악읍,경상사고,0,0,1,0,차대차 - 추돌,기타,젖음/습기,흐림,기타 - 기타,승용,남,34세,상해없음,특수,남,53세,경상
2020091100100151,2020년 9월 11일 10시,금요일,충청남도 천안시 동남구 광덕면,중상사고,0,1,2,0,차대차 - 추돌,안전운전불이행,건조,맑음,단일로 - 기타,승용,남,29세,상해없음,승용,남,33세,경상
2020091100100178,2020년 9월 11일 11시,금요일,충청남도 아산시 온천동,경상사고,0,0,1,0,차대사람 - 기타,안전운전불이행,건조,맑음,교차로 - 교차로안,화물,남,54세,상해없음,보행자,여,38세,경상
2020091100100179,2020년 9월 11일 11시,금요일,충청남도 부여군 옥산면,중상사고,0,1,0,0,차대차 - 측면충돌,신호위반,젖음/습기,비,교차로 - 교차로안,승용,남,38세,상해없음,화물,남,73세,중상
2020091100100180,2020년 9월 11일 11시,금요일,충청남도 천안시 동남구 삼룡동,중상사고,0,1,0,0,차대차 - 측면충돌,직진우회전진행방해,건조,맑음,교차로 - 교차로안,승용,남,68세,상해없음,승용,남,70세,상해없음
2020091100100205,2020년 9월 11일 12시,금요일,충청남도 공주시 중동,경상사고,0,0,1,0,차대차 - 측면충돌,안전운전불이행,건조,맑음,교차로 - 교차로안,승용,여,52세,상해없음,자전거,남,59세,경상
2020091100100206,2020년 9월 11일 12시,금요일,충청남도 예산군 예산읍,경상사고,0,0,2,0,차대차 - 추돌,안전운전불이행,건조,맑음,단일로 - 기타,승용,여,48세,상해없음,승용,남,25세,경상
2020091100100321,2020년 9월 11일 16시,금요일,충청남도 서산시 음암면,사망사고,1,0,0,0,차량단독 - 도로외이탈 - 기타,안전운전불이행,젖음/습기,비,단일로 - 기타,자전거,남,64세,사망,,,,
2020091100100322,2020년 9월 11일 16시,금요일,충청남도 천안시 동남구 신부동,중상사고,0,2,0,0,차대차 - 측면충돌,안전운전불이행,건조,맑음,단일로 - 기타,승용,남,71세,상해없음,승용,남,62세,중상
2020091100100369,2020년 9월 11일 17시,금요일,충청남도 천안시 서북구 불당동,경상사고,0,0,1,0,차대차 - 측면충돌,신호위반,건조,맑음,교차로 - 교차로안,승용,여,20세,상해없음,승용,남,28세,경상
2020091100100370,2020년 9월 11일 17시,금요일,충청남도 아산시 둔포면,경상사고,0,0,1,0,차대차 - 추돌,안전운전불이행,건조,맑음,교차로 - 교차로안,화물,남,47세,상해없음,승용,남,29세,경상
2020091100100371,2020년 9월 11일 17시,금요일,충청남도 공주시 신관동,중상사고,0,1,0,0,차대차 - 기타,안전운전불이행,젖음/습기,맑음,교차로 - 교차로부근,이륜,남,17세,상해없음,자전거,남,9세,중상
2020091100100428,2020년 9월 11일 18시,금요일,충청남도 보령시 궁촌동,경상사고,0,0,1,0,차대차 - 측면충돌,안전운전불이행,건조,맑음,단일로 - 기타,화물,여,53세,상해없음,자전거,남,51세,경상
2020091100100429,2020년 9월 11일 18시,금요일,충청남도 공주시 유구읍,경상사고,0,0,1,0,차대차 - 측면충돌,안전운전불이행,젖음/습기,비,단일로 - 기타,승용,남,24세,상해없음,승용,남,79세,경상
2020091100100430,2020년 9월 11일 18시,금요일,충청남도 천안시 동남구 목천읍,경상사고,0,0,1,0,차대차 - 추돌,안전운전불이행,건조,맑음,단일로 - 기타,화물,남,66세,상해없음,승용,남,50세,경상
2020091100100485,2020년 9월 11일 19시,금요일,충청남도 당진시 읍내리,경상사고,0,0,2,0,차대차 - 기타,안전운전불이행,건조,맑음,교차로 - 교차로안,이륜,남,49세,상해없음,승용,남,50세,경상
2020091100100486,2020년 9월 11일 19시,금요일,충청남도 천안시 동남구 목천읍,중상사고,0,1,0,0,차대차 - 기타,안전운전불이행,젖음/습기,흐림,교차로 - 교차로안,화물,남,48세,상해없음,이륜,남,48세,중상
2020091100100553,2020년 9월 11일 20시,금요일,충청남도 천안시 서북구 직산읍,경상사고,0,0,1,0,차대차 - 추돌,안전운전불이행,건조,맑음,단일로 - 기타,승용,남,59세,상해없음,승용,남,61세,경상
2020091100100554,2020년 9월 11일 20시,금요일,충청남도 보령시 죽정동,경상사고,0,0,2,0,차대차 - 추돌,안전운전불이행,건조,맑음,단일로 - 기타,승용,남,52세,상해없음,승용,여,46세,경상
2020091100100605,2020년 9월 11일 21시,금요일,충청남도 서산시 동문동,중상사고,0,1,0,0,차대차 - 정면충돌,신호위반,건조,맑음,교차로 - 교차로안,자전거,남,38세,중상,승용,남,70세,상해없음
2020091100100606,2020년 9월 11일 21시,금요일,충청남도 아산시 둔포면,경상사고,0,0,1,0,차대차 - 기타,안전운전불이행,젖음/습기,비,교차로 - 교차로안,승용,여,26세,경상,기타불명,기타불명,미분류,기타불명
2020091100100678,2020년 9월 11일 23시,금요일,충청남도 천안시 동남구 신방동,경상사고,0,0,1,0,차대차 - 추돌,안전운전불이행,젖음/습기,비,단일로 - 기타,승용,남,34세,상해없음,승용,남,43세,경상
2020091200100033,2020년 9월 12일 01시,토요일,충청남도 아산시 용화동,경상사고,0,0,1,0,차대차 - 기타,안전운전불이행,젖음/습기,비,교차로 - 교차로안,승용,남,23세,상해없음,승용,남,60세,경상
2020091200100034,2020년 9월 12일 01시,토요일,충청남도 천안시 동남구 수신면,중상사고,0,1,1,0,차대차 - 기타,안전운전불이행,젖음/습기,비,단일로 - 기타,승용,여,29세,상해없음,이륜,여,45세,경상
2020091200100057,2020년 9월 12일 03시,토요일,충청남도 천안시 서북구 성정동,중상사고,0,1,0,0,차대차 - 기타,안전운전불이행,건조,맑음,교차로 - 교차로안,승용,남,28세,상해없음,이륜,남,28세,중상
2020091200100079,2020년 9월 12일 05시,토요일,충청남도 천안시 서북구 쌍용동,경상사고,0,0,1,0,차대차 - 측면충돌,신호위반,젖음/습기,비,교차로 - 교차로안,승용,남,30세,상해없음,승용,남,30세,경상
2020091200100089,2020년 9월 12일 06시,토요일,충청남도 천안시 동남구 용곡동,중상사고,0,1,0,0,차대차 - 측면충돌,안전운전불이행,젖음/습기,비,단일로 - 기타,건설기계,남,27세,상해없음,화물,남,61세,중상
2020091200100113,2020년 9월 12일 08시,토요일,충청남도 천안시 서북구 신당동,중상사고,0,1,0,0,차대차 - 기타,과속,젖음/습기,비,교차로 - 교차로부근,승용,남,73세,상해없음,승용,남,41세,중상
2020091200100135,2020년 9월 12일 09시,토요일,충청남도 청양군 청양읍,경상사고,0,0,2,0,차대차 - 측면충돌,교차로운행방법위반,젖음/습기,흐림,교차로 - 교차로안,승용,남,61세,경상,승합,남,43세,경상
2020091200100164,2020년 9월 12일 10시,토요일,충청남도 아산시 배방읍,경상사고,0,0,3,1,차대차 - 기타,안전운전불이행,젖음/습기,비,단일로 - 기타,승용,여,51세,부상신고,승용,남,44세,경상
2020091200100195,2020년 9월 12일 11시,토요일,충청남도 서산시 운산면,중상사고,0,1,0,0,차대차 - 기타,교차로운행방법위반,젖음/습기,맑음,교차로 - 교차로안,승용,남,80세,상해없음,승용,여,51세,중상
2020091200100196,2020년 9월 12일 11시,토요일,충청남도 아산시 음봉면,경상사고,0,0,4,0,차대차 - 기타,안전운전불이행,젖음/습기,비,단일로 - 기타,화물,남,72세,상해없음,승용,남,77세,경상
2020091200100197,2020년 9월 12일 11시,토요일,충청남도 당진시 합덕읍,경상사고,0,0,1,0,차대사람 - 기타,안전운전불이행,건조,맑음,단일로 - 기타,화물,여,53세,상해없음,보행자,여,68세,경상
2020091200100198,2020년 9월 12일 11시,토요일,충청남도 천안시 동남구 목천읍,경상사고,0,0,5,0,차대차 - 추돌,안전거리미확보,젖음/습기,비,단일로 - 기타,승용,남,24세,상해없음,승용,남,36세,경상
2020091200100278,2020년 9월 12일 13시,토요일,충청남도 아산시 영인면,경상사고,0,0,3,0,차대차 - 기타,안전운전불이행,건조,맑음,단일로 - 기타,화물,남,52세,상해없음,승용,남,40세,경상
2020091200100279,2020년 9월 12일 13시,토요일,충청남도 서천군 서면,경상사고,0,0,1,0,차대사람 - 기타,안전운전불이행,건조,흐림,단일로 - 기타,승용,남,65세,상해없음,보행자,여,69세,경상
2020091200100316,2020년 9월 12일 14시,토요일,충청남도 천안시 동남구 구성동,경상사고,0,0,1,0,차량단독 - 전도전복 - 전복,안전운전불이행,젖음/습기,비,단일로 - 기타,이륜,남,48세,경상,,,,
2020091200100357,2020년 9월 12일 15시,토요일,충청남도 천안시 서북구 쌍용동,부상신고사고,0,0,0,1,차량단독 - 전도전복 - 전도,안전운전불이행,젖음/습기,비,교차로 - 교차로안,이륜,남,40세,부상신고,,,,
2020091200100358,2020년 9월 12일 15시,토요일,충청남도 천안시 서북구 불당동,경상사고,0,0,1,0,차대차 - 측면충돌,신호위반,젖음/습기,비,교차로 - 교차로안,승용,여,43세,상해없음,승용,여,31세,경상
2020091200100360,2020년 9월 12일 15시,토요일,충청남도 당진시 읍내리,경상사고,0,0,1,0,차대차 - 기타,교차로운행방법위반,건조,맑음,교차로 - 교차로안,승용,남,57세,상해없음,승용,남,37세,경상
2020091200100399,2020년 9월 12일 16시,토요일,충청남도 서산시 예천동,중상사고,0,1,0,0,차대사람 - 횡단중,보행자보호의무위반,젖음/습기,비,교차로 - 교차로안,화물,남,59세,상해없음,보행자,여,37세,중상
2020091200100400,2020년 9월 12일 16시,토요일,충청남도 아산시 탕정면,중상사고,0,1,3,0,차대차 - 기타,과속,젖음/습기,비,단일로 - 기타,승용,남,66세,경상,승용,남,69세,중상
2020091200100401,2020년 9월 12일 16시,토요일,충청남도 보령시 대천동,경상사고,0,0,1,0,차대차 - 측면충돌,안전운전불이행,젖음/습기,흐림,기타 - 기타,이륜,남,56세,경상,승용,여,50세,상해없음
2020091200100402,2020년 9월 12일 16시,토요일,충청남도 보령시 명천동,경상사고,0,0,1,0,차대사람 - 기타,안전운전불이행,건조,맑음,단일로 - 기타,승용,남,27세,상해없음,보행자,남,65세,경상
2020091200100403,2020년 9월 12일 16시,토요일,충청남도 공주시 계룡면,중상사고,0,1,0,0,차대차 - 측면충돌,교차로운행방법위반,젖음/습기,비,교차로 - 교차로안,승용,남,65세,상해없음,농기계,남,80세,중상
2020091200100435,2020년 9월 12일 17시,토요일,충청남도 천안시 서북구 두정동,경상사고,0,0,1,0,차량단독 - 기타,안전운전불이행,건조,맑음,교차로 - 교차로안,승합,남,56세,상해없음,,,,
2020091200100474,2020년 9월 12일 18시,토요일,충청남도 천안시 서북구 성환읍,경상사고,0,0,1,0,차대차 - 후진중충돌,안전운전불이행,젖음/습기,비,단일로 - 기타,화물,남,65세,상해없음,화물,남,63세,경상
2020091200100475,2020년 9월 12일 18시,토요일,충청남도 천안시 동남구 신방동,경상사고,0,0,1,0,차대차 - 기타,안전거리미확보,젖음/습기,비,단일로 - 기타,승용,남,27세,상해없음,승용,여,32세,경상
2020091200100476,2020년 9월 12일 18시,토요일,충청남도 천안시 서북구 성거읍,중상사고,0,2,2,0,차대차 - 기타,안전운전불이행,젖음/습기,비,단일로 - 기타,승용,남,22세,상해없음,승용,남,60세,경상
2020091200100501,2020년 9월 12일 19시,토요일,충청남도 아산시 권곡동,경상사고,0,0,1,0,차대차 - 기타,안전운전불이행,젖음/습기,흐림,교차로 - 교차로안,승용,여,44세,상해없음,이륜,남,37세,경상
2020091200100502,2020년 9월 12일 19시,토요일,충청남도 당진시 신평면,경상사고,0,0,2,0,차대차 - 측면충돌,안전운전불이행,젖음/습기,비,교차로 - 교차로안,승용,남,67세,상해없음,승용,남,68세,경상
2020091200100533,2020년 9월 12일 20시,토요일,충청남도 서산시 석림동,경상사고,0,0,1,0,차대사람 - 차도통행중,안전운전불이행,건조,맑음,단일로 - 기타,이륜,남,42세,기타불명,보행자,남,62세,경상
2020091200100534,2020년 9월 12일 20시,토요일,충청남도 태안군 소원면,경상사고,0,0,1,1,차대차 - 추돌,안전운전불이행,젖음/습기,흐림,교차로 - 교차로안,승용,남,19세,부상신고,승용,여,52세,경상
2020091200100564,2020년 9월 12일 21시,토요일,충청남도 아산시 음봉면,중상사고,0,1,0,0,차대차 - 기타,안전운전불이행,젖음/습기,흐림,단일로 - 기타,승용,남,32세,상해없음,이륜,남,48세,중상
2020091200100565,2020년 9월 12일 21시,토요일,충청남도 아산시 음봉면,경상사고,0,0,2,0,차대차 - 기타,신호위반,젖음/습기,비,교차로 - 교차로안,승용,남,59세,상해없음,승용,남,26세,경상
2020091300100004,2020년 9월 13일 00시,일요일,충청남도 보령시 궁촌동,경상사고,0,0,1,0,차대차 - 추돌,안전운전불이행,건조,맑음,단일로 - 기타,승용,남,23세,상해없음,승용,남,58세,경상
2020091300100014,2020년 9월 13일 01시,일요일,충청남도 서천군 서천읍,경상사고,0,0,1,0,차량단독 - 공작물충돌,안전운전불이행,건조,맑음,교차로 - 교차로안,승용,남,20세,경상,,,,
2020091300100035,2020년 9월 13일 04시,일요일,충청남도 태안군 태안읍,중상사고,0,1,1,0,차대차 - 측면충돌,안전운전불이행,건조,흐림,교차로 - 교차로안,승용,남,20세,경상,승용,여,72세,중상
2020091300100130,2020년 9월 13일 11시,일요일,충청남도 공주시 정안면,경상사고,0,0,4,0,차대차 - 추돌,안전운전불이행,건조,맑음,단일로 - 교량,승용,남,37세,경상,화물,남,32세,경상
2020091300100167,2020년 9월 13일 12시,일요일,충청남도 홍성군 장곡면,중상사고,0,1,0,0,차대차 - 추돌,안전운전불이행,건조,맑음,단일로 - 기타,이륜,남,88세,중상,농기계,남,80세,상해없음
2020091300100168,2020년 9월 13일 12시,일요일,충청남도 청양군 대치면,경상사고,0,0,1,0,차량단독 - 공작물충돌,안전운전불이행,건조,맑음,단일로 - 기타,승용,남,29세,경상,,,,
2020091300100202,2020년 9월 13일 13시,일요일,충청남도 천안시 서북구 성환읍,중상사고,0,1,1,1,차대차 - 기타,안전운전불이행,건조,맑음,단일로 - 지하차도(도로)내,이륜,남,54세,부상신고,원동기,남,43세,중상
2020091300100203,2020년 9월 13일 13시,일요일,충청남도 당진시 채운동,경상사고,0,0,1,0,차대차 - 측면충돌,직진우회전진행방해,건조,맑음,교차로 - 교차로안,승합,남,70세,상해없음,승용,여,50세,경상
2020091300100239,2020년 9월 13일 14시,일요일,충청남도 예산군 신암면,경상사고,0,0,1,0,차대차 - 측면충돌,신호위반,건조,맑음,교차로 - 교차로안,승용,남,27세,상해없음,승용,남,53세,경상
2020091300100240,2020년 9월 13일 14시,일요일,충청남도 천안시 동남구 신부동,경상사고,0,0,1,0,차대차 - 기타,안전운전불이행,건조,맑음,단일로 - 기타,승용,남,46세,상해없음,승합,남,57세,상해없음
2020091300100271,2020년 9월 13일 15시,일요일,충청남도 논산시 내동,중상사고,0,1,0,0,차대차 - 측면충돌,신호위반,건조,맑음,교차로 - 교차로안,이륜,남,73세,상해없음,승용,남,65세,상해없음
2020091300100272,2020년 9월 13일 15시,일요일,충청남도 금산군 남이면,경상사고,0,0,1,0,차대사람 - 기타,안전운전불이행,건조,맑음,단일로 - 기타,승용,남,42세,상해없음,보행자,남,62세,경상
2020091300100309,2020년 9월 13일 16시,일요일,충청남도 논산시 화지동,중상사고,0,2,3,0,차대사람 - 기타,기타,건조,맑음,단일로 - 기타,승용,남,47세,상해없음,보행자,여,71세,중상
2020091300100310,2020년 9월 13일 16시,일요일,충청남도 공주시 반포면,경상사고,0,0,3,0,차대차 - 측면충돌,교차로운행방법위반,건조,맑음,교차로 - 교차로안,승용,남,58세,상해없음,승합,남,43세,경상
2020091300100311,2020년 9월 13일 16시,일요일,충청남도 천안시 동남구 사직동,부상신고사고,0,0,0,1,차대사람 - 기타,안전운전불이행,건조,맑음,기타 - 기타,승용,남,46세,상해없음,보행자,남,58세,부상신고
2020091300100386,2020년 9월 13일 18시,일요일,충청남도 천안시 서북구 성정동,부상신고사고,0,0,0,1,차대사람 - 기타,중앙선침범,건조,맑음,단일로 - 기타,승용,여,53세,상해없음,보행자,남,20세,부상신고
2020091300100387,2020년 9월 13일 18시,일요일,충청남도 논산시 가야곡면,중상사고,0,1,3,0,차대차 - 측면충돌,직진우회전진행방해,건조,맑음,교차로 - 교차로안,승용,남,24세,경상,승용,남,56세,경상
2020091300100388,2020년 9월 13일 18시,일요일,충청남도 아산시 염치읍,경상사고,0,0,1,0,차대차 - 기타,기타,건조,맑음,기타 - 기타,화물,남,63세,상해없음,승용,남,23세,경상
2020091300100389,2020년 9월 13일 18시,일요일,충청남도 공주시 신풍면,중상사고,0,1,0,0,차량단독 - 기타,안전운전불이행,건조,맑음,단일로 - 기타,농기계,남,80세,중상,,,,
2020091300100409,2020년 9월 13일 19시,일요일,충청남도 공주시 정안면,중상사고,0,1,0,0,차량단독 - 도로외이탈 - 추락,안전운전불이행,건조,맑음,단일로 - 기타,이륜,남,53세,중상,,,,
2020091300100410,2020년 9월 13일 19시,일요일,충청남도 당진시 송산면,경상사고,0,0,2,0,차대차 - 측면충돌,안전운전불이행,건조,맑음,단일로 - 기타,승용,남,24세,상해없음,승용,남,54세,경상
2020091300100437,2020년 9월 13일 20시,일요일,충청남도 청양군 정산면,중상사고,0,1,0,0,차량단독 - 공작물충돌,안전운전불이행,건조,맑음,단일로 - 기타,승용,남,27세,중상,,,,
2020091300100438,2020년 9월 13일 20시,일요일,충청남도 천안시 동남구 청수동,중상사고,0,1,0,1,차대차 - 기타,직진우회전진행방해,건조,맑음,교차로 - 교차로안,승용,남,29세,상해없음,자전거,남,15세,중상
2020091300100458,2020년 9월 13일 21시,일요일,충청남도 보령시 신흑동,중상사고,0,1,0,0,차대차 - 기타,안전운전불이행,건조,맑음,단일로 - 기타,이륜,남,18세,중상,승용,남,52세,상해없음
2020091300100459,2020년 9월 13일 21시,일요일,충청남도 공주시 이인면,중상사고,0,1,0,0,차대사람 - 기타,안전운전불이행,건조,맑음,단일로 - 기타,승용,남,61세,상해없음,보행자,남,55세,중상
2020091300100483,2020년 9월 13일 23시,일요일,충청남도 천안시 서북구 두정동,경상사고,0,0,2,0,차대사람 - 기타,안전운전불이행,건조,맑음,단일로 - 기타,승용,남,22세,상해없음,보행자,남,28세,경상