사고번호,사고일시,요일,시군구,사고내용,사망자수,중상자수,경상자수,부상신고자수,사고유형,법규위반,노면상태,기상상태,도로형태,가해운전자 차종,가해운전자 성별,가해운전자 연령,가해운전자 상해정도,피해운전자 차종,피해운전자 성별,피해운전자 연령,피해운전자 상해정도
2020091800100425,2020년 9월 18일 16시,금요일,충청남도 당진시 합덕읍,경상사고,0,0,2,0,차대차 - 측면충돌,불법유턴,건조,맑음,단일로 - 기타,이륜,남,61세,경상,승용,여,52세,경상
2020091800100426,2020년 9월 18일 16시,금요일,충청남도 천안시 동남구 성남면,경상사고,0,0,1,0,차대차 - 측면충돌,안전운전불이행,건조,맑음,기타 - 기타,승용,남,35세,상해없음,승용,여,32세,경상
2020091800100486,2020년 9월 18일 17시,금요일,충청남도 아산시 탕정면,경상사고,0,0,1,0,차대차 - 기타,신호위반,건조,맑음,교차로 - 교차로안,승용,남,36세,기타불명,승용,남,36세,경상
2020091800100487,2020년 9월 18일 17시,금요일,충청남도 예산군 삽교읍,경상사고,0,0,1,0,차대차 - 측면충돌,직진우회전진행방해,건조,맑음,교차로 - 교차로안,승용,여,23세,상해없음,승용,남,46세,경상
2020091800100488,2020년 9월 18일 17시,금요일,충청남도 당진시 시곡리,경상사고,0,0,5,0,차대차 - 측면충돌,교차로운행방법위반,건조,맑음,교차로 - 교차로안,승용,남,70세,상해없음,승용,여,50세,경상
2020091800100489,2020년 9월 18일 17시,금요일,충청남도 천안시 동남구 청수동,경상사고,0,0,2,0,차대차 - 측면충돌,교차로운행방법위반,건조,맑음,교차로 - 교차로안,승용,여,38세,상해없음,승용,남,70세,경상
2020091800100530,2020년 9월 18일 18시,금요일,충청남도 천안시 서북구 성정동,경상사고,0,0,1,0,차대차 - 기타,교차로운행방법위반,건조,맑음,교차로 - 교차로안,승용,남,58세,상해없음,자전거,남,23세,경상
2020091800100531,2020년 9월 18일 18시,금요일,충청남도 천안시 서북구 백석동,경상사고,0,0,1,0,차대차 - 기타,안전거리미확보,건조,맑음,단일로 - 기타,승용,여,58세,상해없음,승용,여,54세,경상
2020091800100591,2020년 9월 18일 19시,금요일,충청남도 천안시 서북구 불당동,경상사고,0,0,4,1,차대차 - 추돌,안전거리미확보,건조,맑음,단일로 - 터널,승용,남,32세,상해없음,승용,남,59세,부상신고
2020091800100592,2020년 9월 18일 19시,금요일,충청남도 천안시 동남구 삼룡동,경상사고,0,0,1,0,차대차 - 측면충돌,안전운전불이행,건조,맑음,교차로 - 교차로안,이륜,남,62세,경상,승용,남,60세,상해없음
2020091800100638,2020년 9월 18일 20시,금요일,충청남도 보령시 남곡동,중상사고,0,2,5,0,차대차 - 추돌,안전운전불이행,건조,맑음,단일로 - 기타,승용,남,54세,상해없음,농기계,남,65세,중상
2020091800100668,2020년 9월 18일 21시,금요일,충청남도 서산시 예천동,경상사고,0,0,1,0,차대차 - 기타,불법유턴,건조,맑음,단일로 - 기타,승용,남,40세,상해없음,이륜,남,31세,경상
2020091800100700,2020년 9월 18일 22시,금요일,충청남도 천안시 서북구 불당동,중상사고,0,1,0,0,차대차 - 측면충돌,과속,건조,맑음,교차로 - 교차로안,이륜,남,19세,중상,승용,남,53세,상해없음
2020091800100701,2020년 9월 18일 22시,금요일,충청남도 천안시 서북구 쌍용동,경상사고,0,0,1,0,차대차 - 기타,안전운전불이행,건조,맑음,교차로 - 교차로부근,이륜,남,16세,상해없음,승용,남,31세,상해없음
2020091800100702,2020년 9월 18일 22시,금요일,충청남도 예산군 삽교읍,경상사고,0,0,1,0,차대차 - 추돌,안전운전불이행,건조,맑음,교차로 - 교차로부근,승용,남,23세,상해없음,승용,남,58세,경상
2020091800100726,2020년 9월 18일 23시,금요일,충청남도 천안시 동남구 청당동,경상사고,0,0,1,0,차대차 - 추돌,안전운전불이행,건조,맑음,단일로 - 기타,승용,남,35세,상해없음,승용,남,43세,경상
2020091900100008,2020년 9월 19일 00시,토요일,충청남도 천안시 서북구 직산읍,중상사고,0,1,0,0,차량단독 - 공작물충돌,안전운전불이행,건조,맑음,단일로 - 기타,이륜,여,36세,중상,,,,
2020091900100009,2020년 9월 19일 00시,토요일,충청남도 보령시 주교면,중상사고,0,1,0,0,차대사람 - 횡단중,안전운전불이행,건조,맑음,단일로 - 기타,승용,남,42세,상해없음,보행자,남,47세,중상
2020091900100024,2020년 9월 19일 01시,토요일,충청남도 천안시 서북구 두정동,경상사고,0,0,1,0,차대사람 - 차도통행중,안전운전불이행,건조,맑음,단일로 - 기타,승용,남,21세,상해없음,보행자,남,55세,경상
2020091900100043,2020년 9월 19일 03시,토요일,충청남도 당진시 석문면,경상사고,0,0,2,0,차대차 - 기타,안전운전불이행,건조,맑음,기타 - 기타,승용,여,29세,상해없음,승용,남,25세,경상
2020091900100050,2020년 9월 19일 04시,토요일,충청남도 천안시 서북구 두정동,경상사고,0,0,1,0,차대사람 - 기타,안전운전불이행,건조,맑음,교차로 - 교차로안,승용,남,32세,상해없음,보행자,남,22세,경상
2020091900100084,2020년 9월 19일 06시,토요일,충청남도 천안시 서북구 불당동,사망사고,1,0,0,0,차대차 - 정면충돌,신호위반,건조,맑음,교차로 - 교차로안,화물,남,55세,상해없음,이륜,남,22세,사망
2020091900100101,2020년 9월 19일 07시,토요일,충청남도 아산시 음봉면,중상사고,0,1,1,0,차대차 - 기타,기타,건조,맑음,단일로 - 터널,승용,남,24세,상해없음,건설기계,남,54세,중상
2020091900100155,2020년 9월 19일 09시,토요일,충청남도 예산군 대술면,중상사고,0,2,2,0,차대차 - 측면충돌,직진우회전진행방해,건조,맑음,교차로 - 교차로안,승용,여,25세,기타불명,승용,남,32세,중상
2020091900100156,2020년 9월 19일 09시,토요일,충청남도 천안시 동남구 원성동,경상사고,0,0,2,0,차대차 - 측면충돌,직진우회전진행방해,건조,맑음,교차로 - 교차로안,승용,여,57세,경상,화물,남,57세,경상
2020091900100190,2020년 9월 19일 10시,토요일,충청남도 천안시 서북구 쌍용동,경상사고,0,0,1,0,차대차 - 기타,신호위반,건조,맑음,교차로 - 교차로안,승용,남,61세,상해없음,승용,남,48세,상해없음
2020091900100191,2020년 9월 19일 10시,토요일,충청남도 논산시 은진면,경상사고,0,0,1,0,차대차 - 측면충돌,교차로운행방법위반,건조,맑음,교차로 - 교차로안,승용,남,78세,상해없음,승용,남,62세,상해없음
2020091900100237,2020년 9월 19일 11시,토요일,충청남도 태안군 태안읍,경상사고,0,0,8,0,차대차 - 추돌,안전운전불이행,건조,맑음,기타 - 기타,화물,남,56세,상해없음,승용,남,45세,경상
2020091900100289,2020년 9월 19일 12시,토요일,충청남도 천안시 서북구 성정동,경상사고,0,0,1,0,차대차 - 기타,안전운전불이행,젖음/습기,흐림,단일로 - 기타,승용,남,36세,상해없음,이륜,남,45세,경상
2020091900100290,2020년 9월 19일 12시,토요일,충청남도 아산시 모종동,경상사고,0,0,3,0,차대차 - 기타,안전운전불이행,건조,맑음,교차로 - 교차로안,승용,여,24세,상해없음,승용,여,34세,경상
2020091900100336,2020년 9월 19일 13시,토요일,충청남도 천안시 서북구 성환읍,경상사고,0,0,1,0,차대차 - 측면충돌,신호위반,건조,맑음,교차로 - 교차로안,승용,남,26세,상해없음,화물,남,45세,경상
2020091900100428,2020년 9월 19일 15시,토요일,충청남도 당진시 수청리,경상사고,0,0,1,0,차대차 - 추돌,안전운전불이행,건조,맑음,기타 - 기타,화물,남,61세,상해없음,승용,남,41세,경상
2020091900100429,2020년 9월 19일 15시,토요일,충청남도 청양군 청양읍,경상사고,0,0,1,0,차대차 - 후진중충돌,안전운전불이행,건조,맑음,기타 - 기타,승용,여,28세,상해없음,자전거,여,71세,경상
2020091900100475,2020년 9월 19일 16시,토요일,충청남도 천안시 서북구 성환읍,중상사고,0,1,0,0,차대사람 - 차도통행중,안전운전불이행,건조,맑음,교차로 - 교차로부근,승용,남,51세,상해없음,보행자,여,77세,중상
2020091900100476,2020년 9월 19일 16시,토요일,충청남도 천안시 서북구 성성동,경상사고,0,0,1,0,차대차 - 측면충돌,안전거리미확보,건조,맑음,단일로 - 기타,승용,남,52세,상해없음,승용,남,60세,경상
2020091900100477,2020년 9월 19일 16시,토요일,충청남도 부여군 부여읍,경상사고,0,0,1,0,차대차 - 측면충돌,안전운전불이행,건조,맑음,교차로 - 교차로부근,승용,남,23세,상해없음,이륜,남,79세,경상
2020091900100479,2020년 9월 19일 16시,토요일,충청남도 천안시 동남구 원성동,경상사고,0,0,2,0,차대차 - 측면충돌,안전거리미확보,건조,맑음,단일로 - 기타,승용,여,34세,상해없음,승용,여,59세,경상
2020091900100521,2020년 9월 19일 17시,토요일,충청남도 논산시 부적면,부상신고사고,0,0,0,1,차량단독 - 기타,안전운전불이행,건조,맑음,단일로 - 기타,이륜,남,52세,부상신고,,,,
2020091900100522,2020년 9월 19일 17시,토요일,충청남도 부여군 부여읍,중상사고,0,1,0,0,차대차 - 측면충돌,신호위반,건조,맑음,교차로 - 교차로안,승용,여,73세,상해없음,이륜,남,32세,중상
2020091900100561,2020년 9월 19일 18시,토요일,충청남도 아산시 인주면,중상사고,0,1,0,0,차대사람 - 횡단중,안전운전불이행,건조,맑음,단일로 - 기타,화물,남,49세,상해없음,보행자,남,61세,중상
2020091900100562,2020년 9월 19일 18시,토요일,충청남도 태안군 안면읍,중상사고,0,1,0,0,차대차 - 추돌,중앙선침범,건조,맑음,기타 - 기타,승용,남,59세,상해없음,승용,남,34세,중상
2020091900100607,2020년 9월 19일 19시,토요일,충청남도 서산시 동문동,중상사고,0,1,0,0,차대차 - 측면충돌,안전운전불이행,건조,맑음,교차로 - 교차로안,승용,여,31세,상해없음,이륜,남,51세,중상
2020091900100640,2020년 9월 19일 20시,토요일,충청남도 천안시 서북구 두정동,경상사고,0,0,1,0,차대차 - 측면충돌,안전운전불이행,건조,맑음,단일로 - 기타,화물,남,24세,상해없음,이륜,남,37세,경상
2020091900100641,2020년 9월 19일 20시,토요일,충청남도 천안시 동남구 신방동,경상사고,0,0,3,0,차대차 - 추돌,안전운전불이행,건조,맑음,단일로 - 기타,승용,여,53세,상해없음,승용,남,48세,경상
2020091900100666,2020년 9월 19일 21시,토요일,충청남도 홍성군 홍북읍,경상사고,0,0,1,0,차대차 - 측면충돌,중앙선침범,건조,맑음,단일로 - 기타,승용,남,19세,상해없음,이륜,남,39세,경상
2020091900100667,2020년 9월 19일 21시,토요일,충청남도 공주시 신관동,경상사고,0,0,2,0,차대차 - 후진중충돌,안전운전불이행,건조,맑음,교차로 - 교차로부근,승용,남,43세,상해없음,승용,남,54세,경상
2020091900100689,2020년 9월 19일 22시,토요일,충청남도 보령시 신흑동,부상신고사고,0,0,0,1,차대사람 - 기타,안전운전불이행,건조,맑음,단일로 - 기타,개인형이동수단(PM),남,27세,상해없음,보행자,남,19세,부상신고
2020091900100705,2020년 9월 19일 23시,토요일,충청남도 천안시 서북구 두정동,사망사고,2,0,0,0,차대사람 - 횡단중,신호위반,건조,맑음,단일로 - 기타,승용,여,28세,상해없음,보행자,여,45세,사망
2020092000100009,2020년 9월 20일 00시,일요일,충청남도 홍성군 갈산면,경상사고,0,0,1,0,차대차 - 측면충돌,신호위반,건조,맑음,교차로 - 교차로안,승합,남,61세,상해없음,승용,남,43세,경상
2020092000100010,2020년 9월 20일 00시,일요일,충청남도 아산시 배방읍,경상사고,0,0,1,0,차대차 - 기타,안전운전불이행,건조,맑음,단일로 - 기타,승용,남,23세,상해없음,승용,남,42세,경상
2020092000100011,2020년 9월 20일 00시,일요일,충청남도 당진시 대덕리,중상사고,0,1,0,0,차대차 - 추돌,안전운전불이행,건조,맑음,기타 - 기타,승용,여,49세,상해없음,승용,남,36세,중상
2020092000100066,2020년 9월 20일 05시,일요일,충청남도 천안시 서북구 성정동,경상사고,0,0,1,0,차대차 - 측면충돌,안전운전불이행,건조,맑음,단일로 - 기타,승용,남,48세,상해없음,이륜,남,32세,경상
2020092000100067,2020년 9월 20일 05시,일요일,충청남도 당진시 송악읍,경상사고,0,0,1,0,차량단독 - 공작물충돌,안전운전불이행,건조,맑음,교차로 - 교차로안,승용,남,73세,상해없음,,,,
2020092000100080,2020년 9월 20일 06시,일요일,충청남도 아산시 음봉면,경상사고,0,0,1,0,차대차 - 추돌,과속,건조,맑음,단일로 - 기타,화물,남,15세,상해없음,화물,남,52세,경상
2020092000100081,2020년 9월 20일 06시,일요일,충청남도 아산시 권곡동,경상사고,0,0,1,0,차대차 - 기타,안전운전불이행,건조,맑음,교차로 - 교차로부근,승용,남,33세,상해없음,이륜,남,38세,경상
2020092000100129,2020년 9월 20일 10시,일요일,충청남도 서산시 부석면,중상사고,0,3,0,0,차대차 - 추돌,안전운전불이행,건조,맑음,교차로 - 교차로부근,승용,남,52세,상해없음,이륜,남,53세,상해없음
2020092000100224,2020년 9월 20일 13시,일요일,충청남도 천안시 서북구 쌍용동,경상사고,0,0,1,0,차대차 - 측면충돌,차로위반,건조,맑음,교차로 - 교차로부근,승용,남,22세,상해없음,승용,남,61세,경상
2020092000100225,2020년 9월 20일 13시,일요일,충청남도 아산시 도고면,경상사고,0,0,1,0,차대차 - 기타,안전운전불이행,건조,맑음,단일로 - 기타,화물,남,65세,상해없음,화물,남,71세,경상
2020092000100226,2020년 9월 20일 13시,일요일,충청남도 당진시 송악읍,중상사고,0,2,0,0,차대차 - 정면충돌,교차로운행방법위반,건조,맑음,교차로 - 교차로안,승용,남,54세,상해없음,이륜,남,59세,중상
2020092000100227,2020년 9월 20일 13시,일요일,충청남도 태안군 태안읍,경상사고,0,0,4,0,차대차 - 추돌,안전운전불이행,건조,맑음,단일로 - 기타,화물,남,44세,상해없음,승용,여,40세,경상
2020092000100263,2020년 9월 20일 14시,일요일,충청남도 천안시 서북구 직산읍,경상사고,0,0,3,1,차대차 - 추돌,안전운전불이행,건조,맑음,교차로 - 교차로부근,승용,남,28세,상해없음,승용,남,55세,경상
2020092000100264,2020년 9월 20일 14시,일요일,충청남도 아산시 배방읍,경상사고,0,0,1,0,차대차 - 측면충돌,신호위반,건조,맑음,단일로 - 기타,승용,남,20세,상해없음,승용,남,25세,경상
2020092000100265,2020년 9월 20일 14시,일요일,충청남도 천안시 동남구 봉명동,부상신고사고,0,0,0,1,차량단독 - 기타,안전운전불이행,건조,맑음,교차로 - 교차로부근,이륜,남,30세,부상신고,,,,
2020092000100336,2020년 9월 20일 16시,일요일,충청남도 아산시 배방읍,경상사고,0,0,4,0,차대차 - 기타,안전운전불이행,건조,맑음,교차로 - 교차로부근,승합,남,75세,상해없음,승용,남,67세,경상
2020092000100337,2020년 9월 20일 16시,일요일,충청남도 아산시 신창면,사망사고,1,0,0,0,차대사람 - 기타,안전운전불이행,건조,맑음,단일로 - 기타,승용,남,40세,상해없음,보행자,남,7세,사망
2020092000100338,2020년 9월 20일 16시,일요일,충청남도 천안시 동남구 신부동,경상사고,0,0,2,0,차대차 - 측면충돌,교차로운행방법위반,건조,맑음,교차로 - 교차로안,승용,남,55세,경상,승용,남,30세,경상
2020092000100380,2020년 9월 20일 17시,일요일,충청남도 보령시 오천면,경상사고,0,0,2,0,차대차 - 측면충돌,안전운전불이행,건조,맑음,교차로 - 교차로안,화물,남,73세,상해없음,승용,남,54세,경상
2020092000100383,2020년 9월 20일 17시,일요일,충청남도 당진시 송악읍,경상사고,0,0,2,0,차대차 - 추돌,안전거리미확보,건조,맑음,단일로 - 기타,승용,남,39세,상해없음,승용,남,60세,경상
2020092000100411,2020년 9월 20일 18시,일요일,충청남도 논산시 대교동,경상사고,0,0,1,0,차대차 - 기타,기타,건조,맑음,교차로 - 교차로안,승용,남,67세,상해없음,자전거,남,9세,경상
2020092000100412,2020년 9월 20일 18시,일요일,충청남도 계룡시 엄사면,중상사고,0,1,0,0,차대사람 - 횡단중,보행자보호의무위반,건조,맑음,교차로 - 교차로안,승용,남,50세,상해없음,보행자,여,85세,중상
2020092000100413,2020년 9월 20일 18시,일요일,충청남도 아산시 영인면,사망사고,1,0,0,0,차량단독 - 기타,안전운전불이행,건조,맑음,단일로 - 기타,원동기,남,81세,사망,,,,
2020092000100414,2020년 9월 20일 18시,일요일,충청남도 공주시 탄천면,경상사고,0,0,1,0,차대차 - 기타,안전운전불이행,건조,맑음,단일로 - 기타,승용,남,79세,상해없음,자전거,남,6세,경상
2020092000100436,2020년 9월 20일 19시,일요일,충청남도 아산시 영인면,사망사고,2,0,2,0,차대차 - 기타,기타,건조,맑음,단일로 - 기타,이륜,남,25세,사망,승용,남,53세,경상
2020092000100437,2020년 9월 20일 19시,일요일,충청남도 천안시 동남구 목천읍,중상사고,0,1,0,0,차대차 - 정면충돌,안전운전불이행,건조,맑음,교차로 - 교차로안,승용,여,29세,상해없음,이륜,남,44세,중상
2020092000100474,2020년 9월 20일 20시,일요일,충청남도 서산시 석림동,중상사고,0,1,0,0,차대사람 - 차도통행중,안전운전불이행,건조,맑음,단일로 - 기타,승용,남,38세,상해없음,보행자,남,45세,중상
2020092000100475,2020년 9월 20일 20시,일요일,충청남도 천안시 동남구 신방동,경상사고,0,0,8,0,차대차 - 기타,안전운전불이행,건조,맑음,교차로 - 교차로안,승용,여,36세,경상,승용,남,47세,경상
2020092100100027,2020년 9월 21일 04시,월요일,충청남도 아산시 배방읍,경상사고,0,0,1,0,차량단독 - 전도전복 - 전도,안전운전불이행,건조,맑음,단일로 - 지하차도(도로)내,이륜,남,14세,상해없음,,,,
2020092100100037,2020년 9월 21일 05시,월요일,충청남도 공주시 정안면,중상사고,0,1,0,0,차대차 - 정면충돌,안전운전불이행,건조,맑음,단일로 - 기타,승용,남,36세,중상,화물,남,71세,상해없음
2020092100100073,2020년 9월 21일 07시,월요일,충청남도 천안시 서북구 백석동,중상사고,0,1,0,0,차대차 - 추돌,안전운전불이행,건조,맑음,단일로 - 기타,승용,여,48세,상해없음,승용,남,31세,중상
2020092100100106,2020년 9월 21일 08시,월요일,충청남도 서산시 동문동,경상사고,0,0,2,0,차대차 - 측면충돌,신호위반,건조,맑음,교차로 - 교차로안,화물,남,37세,상해없음,승용,여,66세,경상
2020092100100107,2020년 9월 21일 08시,월요일,충청남도 공주시 신관동,중상사고,0,1,0,0,차대차 - 측면충돌,직진우회전진행방해,건조,맑음,교차로 - 교차로안,승용,여,56세,상해없음,승용,남,35세,중상
2020092100100108,2020년 9월 21일 08시,월요일,충청남도 당진시 우강면,경상사고,0,0,1,0,차대차 - 측면충돌,교차로운행방법위반,건조,맑음,교차로 - 교차로안,승용,남,85세,상해없음,승용,남,71세,경상
2020092100100109,2020년 9월 21일 08시,월요일,충청남도 천안시 동남구 신부동,중상사고,0,1,0,0,차대사람 - 기타,기타,건조,맑음,단일로 - 기타,승합,남,59세,상해없음,보행자,여,76세,중상
2020092100100110,2020년 9월 21일 08시,월요일,충청남도 천안시 동남구 청당동,경상사고,0,0,2,0,차대차 - 측면충돌,안전운전불이행,건조,맑음,단일로 - 기타,승용,남,75세,기타불명,승용,여,44세,경상
2020092100100153,2020년 9월 21일 09시,월요일,충청남도 당진시 송악읍,중상사고,0,1,1,0,차대차 - 추돌,안전거리미확보,건조,맑음,단일로 - 기타,승용,여,22세,상해없음,승용,여,67세,경상
2020092100100154,2020년 9월 21일 09시,월요일,충청남도 청양군 운곡면,경상사고,0,0,1,0,차대사람 - 차도통행중,중앙선침범,건조,맑음,단일로 - 기타,승용,남,71세,상해없음,보행자,남,58세,경상
2020092100100198,2020년 9월 21일 10시,월요일,충청남도 천안시 서북구 두정동,경상사고,0,0,1,0,차대차 - 측면충돌,교차로운행방법위반,건조,맑음,교차로 - 교차로안,승용,남,32세,상해없음,승용,남,47세,경상
2020092100100199,2020년 9월 21일 10시,월요일,충청남도 아산시 배방읍,중상사고,0,1,0,0,차대차 - 기타,신호위반,건조,맑음,교차로 - 교차로부근,승용,남,23세,상해없음,이륜,남,35세,중상
2020092100100200,2020년 9월 21일 10시,월요일,충청남도 당진시 시곡리,경상사고,0,0,1,0,차대차 - 기타,신호위반,건조,맑음,단일로 - 기타,승용,남,57세,상해없음,승용,남,20세,경상
2020092100100232,2020년 9월 21일 11시,월요일,충청남도 공주시 유구읍,중상사고,0,1,0,0,차대차 - 추돌,안전운전불이행,건조,맑음,단일로 - 기타,이륜,남,94세,중상,화물,남,53세,기타불명
2020092100100274,2020년 9월 21일 12시,월요일,충청남도 홍성군 구항면,중상사고,0,1,0,0,차대차 - 측면충돌,안전운전불이행,건조,맑음,교차로 - 교차로안,화물,남,63세,상해없음,화물,남,61세,중상
2020092100100275,2020년 9월 21일 12시,월요일,충청남도 아산시 풍기동,경상사고,0,0,1,0,차대차 - 측면충돌,안전운전불이행,건조,맑음,교차로 - 교차로부근,승용,여,36세,기타불명,승용,남,27세,경상
2020092100100276,2020년 9월 21일 12시,월요일,충청남도 공주시 교동,경상사고,0,0,1,0,차대차 - 측면충돌,안전운전불이행,건조,맑음,교차로 - 교차로안,이륜,남,73세,경상,승용,남,78세,상해없음
2020092100100306,2020년 9월 21일 13시,월요일,충청남도 천안시 서북구 성환읍,경상사고,0,0,1,0,차대차 - 측면충돌,신호위반,건조,맑음,교차로 - 교차로안,승용,남,66세,상해없음,승용,남,70세,경상
2020092100100307,2020년 9월 21일 13시,월요일,충청남도 당진시 합덕읍,경상사고,0,0,1,0,차대차 - 기타,교차로운행방법위반,건조,맑음,교차로 - 교차로안,화물,남,72세,상해없음,이륜,남,80세,상해없음
2020092100100308,2020년 9월 21일 13시,월요일,충청남도 천안시 동남구 영성동,부상신고사고,0,0,0,1,차대차 - 기타,불법유턴,건조,맑음,단일로 - 기타,자전거,남,81세,부상신고,승용,남,72세,상해없음
2020092100100358,2020년 9월 21일 14시,월요일,충청남도 서천군 서천읍,경상사고,0,0,1,0,차대차 - 측면충돌,안전운전불이행,건조,맑음,교차로 - 교차로안,농기계,남,79세,경상,화물,남,23세,상해없음
2020092100100359,2020년 9월 21일 14시,월요일,충청남도 예산군 고덕면,중상사고,0,1,0,0,차대차 - 기타,직진우회전진행방해,건조,맑음,교차로 - 교차로안,화물,남,64세,상해없음,이륜,남,80세,중상
2020092100100401,2020년 9월 21일 15시,월요일,충청남도 아산시 염치읍,중상사고,0,1,0,0,차대차 - 기타,신호위반,건조,맑음,교차로 - 교차로안,승용,남,21세,상해없음,이륜,남,40세,중상
2020092100100402,2020년 9월 21일 15시,월요일,충청남도 아산시 온천동,중상사고,0,1,0,0,차대차 - 기타,안전운전불이행,건조,맑음,단일로 - 기타,화물,남,39세,상해없음,승용,여,66세,상해없음
2020092100100403,2020년 9월 21일 15시,월요일,충청남도 서천군 비인면,경상사고,0,0,1,0,차대차 - 측면충돌,신호위반,건조,맑음,교차로 - 교차로안,이륜,남,16세,경상,승용,남,77세,상해없음
2020092100100448,2020년 9월 21일 16시,월요일,충청남도 서산시 석림동,경상사고,0,0,1,0,차대차 - 추돌,안전운전불이행,건조,맑음,교차로 - 교차로안,승용,남,62세,상해없음,승용,남,39세,경상
2020092100100449,2020년 9월 21일 16시,월요일,충청남도 천안시 서북구 쌍용동,부상신고사고,0,0,0,1,차대차 - 측면충돌,안전운전불이행,건조,맑음,교차로 - 교차로안,승용,여,47세,상해없음,기타불명,남,64세,부상신고
2020092100100450,2020년 9월 21일 16시,월요일,충청남도 논산시 부적면,경상사고,0,0,3,0,차대차 - 추돌,안전운전불이행,건조,맑음,교차로 - 교차로부근,화물,남,59세,상해없음,화물,남,68세,경상
2020092100100451,2020년 9월 21일 16시,월요일,충청남도 예산군 광시면,경상사고,0,0,1,0,차대사람 - 기타,안전운전불이행,건조,맑음,주차장 - 주차장,승용,남,60세,상해없음,보행자,남,64세,경상
2020092100100452,2020년 9월 21일 16시,월요일,충청남도 당진시 채운동,경상사고,0,0,1,0,차대차 - 기타,신호위반,건조,맑음,교차로 - 교차로횡단보도내,승용,여,63세,상해없음,자전거,남,11세,경상
2020092100100504,2020년 9월 21일 17시,월요일,충청남도 계룡시 엄사면,경상사고,0,0,1,0,차대차 - 측면충돌,안전운전불이행,건조,맑음,단일로 - 기타,승용,남,32세,상해없음,원동기,남,16세,경상
2020092100100505,2020년 9월 21일 17시,월요일,충청남도 홍성군 장곡면,경상사고,0,0,1,0,차대차 - 추돌,안전운전불이행,건조,맑음,교차로 - 교차로부근,화물,남,26세,상해없음,승용,남,30세,경상
2020092100100506,2020년 9월 21일 17시,월요일,충청남도 아산시 풍기동,경상사고,0,0,1,0,차대차 - 정면충돌,안전운전불이행,건조,맑음,교차로 - 교차로안,승용,여,46세,상해없음,승용,남,33세,경상
2020092100100507,2020년 9월 21일 17시,월요일,충청남도 예산군 삽교읍,경상사고,0,0,1,0,차대차 - 추돌,안전운전불이행,건조,맑음,교차로 - 교차로안,화물,남,44세,상해없음,승용,여,48세,경상
2020092100100553,2020년 9월 21일 18시,월요일,충청남도 예산군 예산읍,중상사고,0,1,0,0,차대차 - 측면충돌,직진우회전진행방해,건조,맑음,교차로 - 교차로안,화물,남,44세,상해없음,이륜,여,41세,중상
2020092100100555,2020년 9월 21일 18시,월요일,충청남도 공주시 반포면,경상사고,0,0,5,0,차대차 - 추돌,안전운전불이행,건조,맑음,단일로 - 기타,승용,남,36세,상해없음,승용,남,51세,경상
2020092100100601,2020년 9월 21일 19시,월요일,충청남도 아산시 방축동,중상사고,0,1,1,0,차대차 - 추돌,안전운전불이행,건조,맑음,기타 - 기타,승용,남,45세,상해없음,승용,여,50세,경상
2020092100100602,2020년 9월 21일 19시,월요일,충청남도 공주시 신관동,경상사고,0,0,2,0,차대차 - 측면충돌,신호위반,건조,맑음,교차로 - 교차로안,이륜,남,28세,경상,승용,여,34세,경상
2020092100100650,2020년 9월 21일 20시,월요일,충청남도 홍성군 홍성읍,경상사고,0,0,3,0,차대차 - 추돌,안전운전불이행,건조,맑음,교차로 - 교차로부근,화물,남,26세,상해없음,승용,남,34세,경상
2020092100100651,2020년 9월 21일 20시,월요일,충청남도 청양군 목면,중상사고,0,1,0,0,차량단독 - 전도전복 - 전복,안전운전불이행,건조,맑음,단일로 - 기타,승용,남,58세,중상,,,,
2020092100100682,2020년 9월 21일 21시,월요일,충청남도 아산시 배방읍,중상사고,0,1,0,0,차대사람 - 횡단중,보행자보호의무위반,건조,맑음,교차로 - 교차로횡단보도내,승용,남,63세,상해없음,보행자,여,61세,중상
2020092100100683,2020년 9월 21일 21시,월요일,충청남도 천안시 동남구 청당동,경상사고,0,0,4,0,차대차 - 추돌,안전운전불이행,건조,맑음,교차로 - 교차로부근,승용,남,38세,상해없음,승용,남,49세,경상
2020092100100694,2020년 9월 21일 22시,월요일,충청남도 천안시 서북구 백석동,경상사고,0,0,1,0,차대차 - 후진중충돌,안전거리미확보,건조,맑음,단일로 - 기타,승용,남,21세,상해없음,승용,여,27세,경상
2020092100100695,2020년 9월 21일 22시,월요일,충청남도 보령시 명천동,중상사고,0,1,0,0,차대차 - 기타,기타,건조,맑음,교차로 - 교차로부근,승용,남,25세,상해없음,승용,남,63세,중상
2020092200100017,2020년 9월 22일 01시,화요일,충청남도 천안시 서북구 쌍용동,경상사고,0,0,1,0,차대차 - 측면충돌,안전거리미확보,건조,맑음,단일로 - 기타,승용,남,59세,상해없음,이륜,남,16세,경상
2020092200100025,2020년 9월 22일 02시,화요일,충청남도 청양군 청양읍,경상사고,0,0,2,0,차량단독 - 공작물충돌,안전운전불이행,건조,맑음,교차로 - 교차로안,승용,남,23세,경상,,,,
2020092200100082,2020년 9월 22일 07시,화요일,충청남도 예산군 봉산면,중상사고,0,1,0,0,차량단독 - 도로외이탈 - 기타,안전운전불이행,건조,맑음,단일로 - 기타,이륜,남,82세,중상,,,,