사고번호,사고일시,요일,시군구,사고내용,사망자수,중상자수,경상자수,부상신고자수,사고유형,법규위반,노면상태,기상상태,도로형태,가해운전자 차종,가해운전자 성별,가해운전자 연령,가해운전자 상해정도,피해운전자 차종,피해운전자 성별,피해운전자 연령,피해운전자 상해정도
2020092200100118,2020년 9월 22일 08시,화요일,충청남도 서산시 예천동,부상신고사고,0,0,0,1,차대사람 - 길가장자리구역통행중,안전운전불이행,건조,맑음,단일로 - 기타,화물,남,25세,상해없음,보행자,남,59세,부상신고
2020092200100119,2020년 9월 22일 08시,화요일,충청남도 천안시 서북구 성정동,경상사고,0,0,1,0,차대차 - 측면충돌,신호위반,건조,맑음,교차로 - 교차로안,승합,남,36세,상해없음,승합,여,49세,경상
2020092200100120,2020년 9월 22일 08시,화요일,충청남도 서천군 서천읍,중상사고,0,1,1,0,차대차 - 측면충돌,안전운전불이행,건조,맑음,교차로 - 교차로안,화물,남,58세,상해없음,승용,남,52세,경상
2020092200100121,2020년 9월 22일 08시,화요일,충청남도 예산군 예산읍,중상사고,0,1,1,0,차대차 - 정면충돌,신호위반,건조,맑음,교차로 - 교차로안,승용,남,61세,경상,승용,남,45세,중상
2020092200100122,2020년 9월 22일 08시,화요일,충청남도 천안시 동남구 신부동,경상사고,0,0,1,0,차대차 - 기타,안전운전불이행,건조,맑음,기타 - 기타,승용,남,53세,상해없음,승용,남,22세,경상
2020092200100238,2020년 9월 22일 11시,화요일,충청남도 천안시 서북구 성정동,경상사고,0,0,1,0,차대사람 - 횡단중,보행자보호의무위반,건조,맑음,단일로 - 기타,승합,남,60세,상해없음,보행자,여,26세,경상
2020092200100239,2020년 9월 22일 11시,화요일,충청남도 보령시 주포면,경상사고,0,0,1,0,차대차 - 추돌,안전운전불이행,건조,맑음,교차로 - 교차로부근,화물,남,62세,상해없음,승용,여,39세,경상
2020092200100279,2020년 9월 22일 12시,화요일,충청남도 서산시 석림동,부상신고사고,0,0,0,1,차대차 - 측면충돌,안전운전불이행,건조,맑음,단일로 - 기타,승용,남,73세,부상신고,건설기계,남,51세,상해없음
2020092200100280,2020년 9월 22일 12시,화요일,충청남도 천안시 서북구 쌍용동,경상사고,0,0,1,0,차대차 - 기타,안전운전불이행,건조,맑음,교차로 - 교차로안,승용,남,66세,상해없음,원동기,남,23세,경상
2020092200100281,2020년 9월 22일 12시,화요일,충청남도 태안군 태안읍,부상신고사고,0,0,0,1,차대차 - 측면충돌,불법유턴,건조,맑음,단일로 - 기타,자전거,남,77세,부상신고,승용,남,23세,상해없음
2020092200100317,2020년 9월 22일 13시,화요일,충청남도 서천군 장항읍,경상사고,0,0,1,0,차대사람 - 기타,안전운전불이행,건조,맑음,교차로 - 교차로부근,승용,남,56세,상해없음,보행자,여,23세,경상
2020092200100318,2020년 9월 22일 13시,화요일,충청남도 보령시 신흑동,경상사고,0,0,2,0,차대차 - 측면충돌,안전운전불이행,건조,맑음,기타 - 기타,승용,남,77세,상해없음,승용,남,52세,기타불명
2020092200100351,2020년 9월 22일 14시,화요일,충청남도 예산군 대술면,중상사고,0,1,0,0,차량단독 - 도로외이탈 - 추락,안전운전불이행,건조,맑음,단일로 - 기타,사륜오토바이(ATV),남,82세,중상,,,,
2020092200100402,2020년 9월 22일 15시,화요일,충청남도 서산시 부석면,경상사고,0,0,1,0,차대차 - 측면충돌,안전운전불이행,건조,맑음,교차로 - 교차로안,승용,남,39세,상해없음,사륜오토바이(ATV),남,81세,경상
2020092200100403,2020년 9월 22일 15시,화요일,충청남도 천안시 서북구 불당동,부상신고사고,0,0,0,1,차대차 - 측면충돌,안전운전불이행,건조,맑음,교차로 - 교차로횡단보도내,자전거,남,28세,부상신고,건설기계,남,68세,상해없음
2020092200100456,2020년 9월 22일 16시,화요일,충청남도 천안시 서북구 성환읍,중상사고,0,1,0,0,차대차 - 정면충돌,중앙선침범,건조,맑음,단일로 - 기타,승용,남,72세,상해없음,승용,여,54세,중상
2020092200100457,2020년 9월 22일 16시,화요일,충청남도 아산시 염치읍,중상사고,0,1,0,0,차대차 - 기타,안전운전불이행,건조,맑음,단일로 - 기타,승용,남,23세,상해없음,승용,여,60세,중상
2020092200100458,2020년 9월 22일 16시,화요일,충청남도 부여군 구룡면,사망사고,1,0,0,0,차대사람 - 기타,안전운전불이행,건조,맑음,주차장 - 주차장,화물,남,67세,상해없음,보행자,여,68세,사망
2020092200100515,2020년 9월 22일 17시,화요일,충청남도 서산시 동문동,경상사고,0,0,1,0,차대차 - 측면충돌,신호위반,건조,맑음,교차로 - 교차로안,승용,여,59세,상해없음,승용,여,47세,경상
2020092200100567,2020년 9월 22일 18시,화요일,충청남도 서산시 지곡면,경상사고,0,0,1,0,차대차 - 측면충돌,안전운전불이행,건조,맑음,단일로 - 기타,승용,남,37세,상해없음,승용,남,31세,경상
2020092200100568,2020년 9월 22일 18시,화요일,충청남도 천안시 서북구 성정동,중상사고,0,1,0,0,차대사람 - 기타,안전운전불이행,건조,맑음,단일로 - 기타,이륜,남,29세,상해없음,보행자,남,64세,중상
2020092200100569,2020년 9월 22일 18시,화요일,충청남도 아산시 온천동,경상사고,0,0,1,0,차대사람 - 기타,안전운전불이행,건조,맑음,단일로 - 기타,승용,여,47세,상해없음,보행자,남,50세,경상
2020092200100570,2020년 9월 22일 18시,화요일,충청남도 아산시 탕정면,중상사고,0,1,0,0,차대차 - 기타,안전운전불이행,건조,맑음,교차로 - 교차로부근,승용,남,24세,기타불명,이륜,남,47세,중상
2020092200100666,2020년 9월 22일 20시,화요일,충청남도 천안시 서북구 성환읍,경상사고,0,0,1,0,차대사람 - 횡단중,보행자보호의무위반,건조,맑음,교차로 - 교차로안,승용,남,31세,상해없음,보행자,남,49세,경상
2020092200100667,2020년 9월 22일 20시,화요일,충청남도 아산시 권곡동,중상사고,0,1,0,0,차대차 - 추돌,안전운전불이행,건조,맑음,교차로 - 교차로부근,승용,남,45세,상해없음,승용,남,32세,중상
2020092200100708,2020년 9월 22일 22시,화요일,충청남도 천안시 서북구 직산읍,부상신고사고,0,0,0,1,차량단독 - 공작물충돌,안전운전불이행,건조,맑음,단일로 - 기타,승용,남,52세,부상신고,,,,
2020092200100709,2020년 9월 22일 22시,화요일,충청남도 천안시 서북구 입장면,중상사고,0,2,2,0,차대차 - 추돌,안전운전불이행,건조,맑음,단일로 - 기타,승용,남,27세,경상,승용,남,57세,중상
2020092200100728,2020년 9월 22일 23시,화요일,충청남도 서산시 지곡면,경상사고,0,0,1,0,차대차 - 기타,안전운전불이행,건조,맑음,단일로 - 기타,승용,남,31세,상해없음,승용,남,25세,기타불명
2020092200100729,2020년 9월 22일 23시,화요일,충청남도 서산시 잠홍동,경상사고,0,0,3,0,차대차 - 측면충돌,안전거리미확보,건조,맑음,교차로 - 교차로부근,승용,여,42세,상해없음,승용,여,19세,경상
2020092200100730,2020년 9월 22일 23시,화요일,충청남도 천안시 서북구 백석동,경상사고,0,0,1,0,차대차 - 측면충돌,안전운전불이행,건조,맑음,단일로 - 기타,승용,여,55세,상해없음,승용,남,24세,경상
2020092200100731,2020년 9월 22일 23시,화요일,충청남도 아산시 온천동,중상사고,0,1,0,0,차대차 - 기타,신호위반,건조,맑음,교차로 - 교차로안,승용,남,59세,상해없음,자전거,남,16세,중상
2020092300100009,2020년 9월 23일 00시,수요일,충청남도 천안시 서북구 성정동,경상사고,0,0,1,0,차대차 - 기타,기타,건조,맑음,단일로 - 기타,승용,남,43세,상해없음,이륜,남,31세,경상
2020092300100072,2020년 9월 23일 07시,수요일,충청남도 서산시 성연면,중상사고,0,1,0,0,차대차 - 추돌,안전거리미확보,건조,맑음,단일로 - 기타,건설기계,남,59세,상해없음,승용,남,37세,중상
2020092300100073,2020년 9월 23일 07시,수요일,충청남도 부여군 내산면,중상사고,0,1,0,0,차대차 - 기타,교차로운행방법위반,건조,맑음,교차로 - 교차로안,승용,여,28세,상해없음,자전거,남,86세,중상
2020092300100074,2020년 9월 23일 07시,수요일,충청남도 당진시 신평면,경상사고,0,0,2,0,차대차 - 추돌,안전운전불이행,건조,맑음,단일로 - 기타,승용,남,38세,상해없음,승용,남,49세,경상
2020092300100108,2020년 9월 23일 08시,수요일,충청남도 천안시 서북구 직산읍,경상사고,0,0,1,0,차대차 - 측면충돌,안전거리미확보,건조,맑음,단일로 - 기타,기타불명,기타불명,미분류,기타불명,승용,여,47세,경상
2020092300100109,2020년 9월 23일 08시,수요일,충청남도 서천군 비인면,경상사고,0,0,1,0,차대차 - 기타,신호위반,건조,맑음,교차로 - 교차로안,승용,여,60세,상해없음,승합,남,66세,상해없음
2020092300100148,2020년 9월 23일 09시,수요일,충청남도 아산시 둔포면,경상사고,0,0,1,0,차대사람 - 기타,안전운전불이행,건조,맑음,교차로 - 교차로안,화물,남,38세,상해없음,보행자,남,40세,경상
2020092300100149,2020년 9월 23일 09시,수요일,충청남도 예산군 예산읍,중상사고,0,1,0,0,차대차 - 측면충돌,안전운전불이행,건조,맑음,단일로 - 기타,승용,여,68세,상해없음,이륜,남,83세,중상
2020092300100246,2020년 9월 23일 12시,수요일,충청남도 당진시 신평면,경상사고,0,0,2,0,차대차 - 측면충돌,직진우회전진행방해,건조,맑음,교차로 - 교차로안,승용,여,60세,경상,화물,남,43세,경상
2020092300100272,2020년 9월 23일 13시,수요일,충청남도 아산시 신창면,경상사고,0,0,1,0,차대차 - 기타,중앙선침범,건조,맑음,단일로 - 기타,승합,남,65세,상해없음,승용,남,44세,경상
2020092300100273,2020년 9월 23일 13시,수요일,충청남도 보령시 천북면,중상사고,0,1,1,0,차대차 - 정면충돌,중앙선침범,건조,맑음,단일로 - 기타,승용,남,67세,상해없음,화물,남,58세,경상
2020092300100274,2020년 9월 23일 13시,수요일,충청남도 예산군 예산읍,경상사고,0,0,1,0,차대차 - 측면충돌,안전거리미확보,건조,맑음,단일로 - 기타,이륜,남,59세,경상,승합,남,21세,상해없음
2020092300100275,2020년 9월 23일 13시,수요일,충청남도 예산군 예산읍,경상사고,0,0,1,0,차대사람 - 보도통행중,안전운전불이행,건조,맑음,교차로 - 교차로안,화물,남,51세,상해없음,보행자,여,66세,경상
2020092300100398,2020년 9월 23일 16시,수요일,충청남도 계룡시 엄사면,중상사고,0,1,2,0,차대차 - 측면충돌,직진우회전진행방해,건조,맑음,교차로 - 교차로안,승용,남,65세,상해없음,승용,남,74세,경상
2020092300100439,2020년 9월 23일 17시,수요일,충청남도 논산시 취암동,경상사고,0,0,1,0,차대사람 - 횡단중,신호위반,건조,맑음,교차로 - 교차로횡단보도내,화물,남,64세,상해없음,보행자,여,9세,경상
2020092300100484,2020년 9월 23일 18시,수요일,충청남도 청양군 청양읍,중상사고,0,1,0,0,차대사람 - 횡단중,안전운전불이행,건조,맑음,교차로 - 교차로안,승용,남,48세,상해없음,보행자,남,27세,중상
2020092300100604,2020년 9월 23일 21시,수요일,충청남도 공주시 반포면,중상사고,0,1,0,0,차대차 - 추돌,안전운전불이행,건조,맑음,단일로 - 기타,기타불명,기타불명,미분류,기타불명,이륜,남,56세,중상
2020092400100029,2020년 9월 24일 02시,목요일,충청남도 천안시 동남구 신방동,경상사고,0,0,2,0,차대차 - 측면충돌,안전운전불이행,건조,맑음,교차로 - 교차로부근,승용,남,23세,상해없음,승용,남,47세,경상
2020092400100088,2020년 9월 24일 07시,목요일,충청남도 공주시 정안면,중상사고,0,1,0,0,차대차 - 기타,중앙선침범,건조,맑음,단일로 - 기타,승용,남,37세,상해없음,자전거,남,66세,중상
2020092400100126,2020년 9월 24일 08시,목요일,충청남도 천안시 서북구 백석동,경상사고,0,0,1,0,차대차 - 측면충돌,신호위반,건조,맑음,교차로 - 교차로안,승용,여,46세,상해없음,승용,여,56세,경상
2020092400100127,2020년 9월 24일 08시,목요일,충청남도 예산군 예산읍,경상사고,0,0,1,0,차대차 - 측면충돌,직진우회전진행방해,건조,맑음,교차로 - 교차로안,원동기,남,88세,경상,화물,남,67세,상해없음
2020092400100128,2020년 9월 24일 08시,목요일,충청남도 당진시 신평면,경상사고,0,0,2,0,차대차 - 측면충돌,직진우회전진행방해,건조,맑음,교차로 - 교차로안,승용,여,28세,경상,승용,여,49세,경상
2020092400100129,2020년 9월 24일 08시,목요일,충청남도 천안시 동남구 신방동,중상사고,0,1,0,0,차대차 - 측면충돌,안전거리미확보,건조,맑음,교차로 - 교차로횡단보도내,승용,여,68세,상해없음,이륜,남,55세,중상
2020092400100168,2020년 9월 24일 09시,목요일,충청남도 당진시 시곡리,경상사고,0,0,2,0,차대차 - 추돌,안전운전불이행,건조,맑음,단일로 - 기타,승용,남,33세,경상,승용,남,49세,상해없음
2020092400100194,2020년 9월 24일 10시,목요일,충청남도 아산시 온천동,경상사고,0,0,1,0,차대차 - 기타,안전운전불이행,건조,맑음,교차로 - 교차로부근,승용,여,37세,상해없음,승용,남,28세,경상
2020092400100227,2020년 9월 24일 11시,목요일,충청남도 공주시 정안면,중상사고,0,1,0,0,차대차 - 측면충돌,안전운전불이행,건조,맑음,기타 - 기타,화물,남,59세,상해없음,자전거,여,74세,중상
2020092400100256,2020년 9월 24일 12시,목요일,충청남도 천안시 서북구 두정동,경상사고,0,0,1,0,차대차 - 측면충돌,안전운전불이행,건조,맑음,교차로 - 교차로안,승용,남,33세,상해없음,화물,남,48세,상해없음
2020092400100257,2020년 9월 24일 12시,목요일,충청남도 천안시 동남구 신부동,경상사고,0,0,2,0,차대차 - 기타,기타,건조,맑음,교차로 - 교차로부근,승용,남,33세,상해없음,승용,남,69세,경상
2020092400100294,2020년 9월 24일 13시,목요일,충청남도 서산시 동문동,경상사고,0,0,1,0,차대차 - 측면충돌,직진우회전진행방해,건조,맑음,교차로 - 교차로안,이륜,남,35세,경상,승용,여,38세,상해없음
2020092400100328,2020년 9월 24일 14시,목요일,충청남도 천안시 서북구 성정동,경상사고,0,0,3,0,차대차 - 측면충돌,신호위반,건조,맑음,교차로 - 교차로안,승용,여,47세,상해없음,승용,남,48세,상해없음
2020092400100329,2020년 9월 24일 14시,목요일,충청남도 논산시 성동면,경상사고,0,0,4,0,차대차 - 기타,안전운전불이행,건조,맑음,단일로 - 기타,승용,남,42세,상해없음,승용,남,35세,경상
2020092400100364,2020년 9월 24일 15시,목요일,충청남도 당진시 신평면,경상사고,0,0,1,0,차대차 - 추돌,안전거리미확보,건조,맑음,단일로 - 기타,승용,남,42세,상해없음,화물,남,65세,경상
2020092400100398,2020년 9월 24일 16시,목요일,충청남도 청양군 비봉면,중상사고,0,1,0,0,차대차 - 측면충돌,신호위반,건조,맑음,교차로 - 교차로안,승용,남,67세,상해없음,화물,남,61세,중상
2020092400100399,2020년 9월 24일 16시,목요일,충청남도 천안시 동남구 안서동,경상사고,0,0,2,0,차대차 - 정면충돌,중앙선침범,건조,맑음,단일로 - 기타,화물,남,37세,상해없음,승용,남,20세,경상
2020092400100443,2020년 9월 24일 17시,목요일,충청남도 아산시 인주면,경상사고,0,0,1,0,차대차 - 측면충돌,안전운전불이행,건조,맑음,단일로 - 기타,승용,남,52세,상해없음,승용,남,35세,경상
2020092400100444,2020년 9월 24일 17시,목요일,충청남도 서천군 마서면,중상사고,0,1,1,0,차대차 - 정면충돌,중앙선침범,건조,맑음,단일로 - 기타,승용,남,31세,상해없음,화물,남,48세,경상
2020092400100499,2020년 9월 24일 18시,목요일,충청남도 서산시 석림동,중상사고,0,1,0,0,차대차 - 측면충돌,안전운전불이행,건조,맑음,단일로 - 기타,자전거,남,13세,중상,승용,남,30세,상해없음
2020092400100500,2020년 9월 24일 18시,목요일,충청남도 보령시 죽정동,중상사고,0,1,0,0,차대사람 - 횡단중,보행자보호의무위반,건조,맑음,교차로 - 교차로횡단보도내,승용,여,56세,상해없음,보행자,남,10세,중상
2020092400100501,2020년 9월 24일 18시,목요일,충청남도 당진시 채운동,중상사고,0,1,0,0,차대차 - 추돌,안전운전불이행,건조,맑음,단일로 - 기타,승용,여,59세,상해없음,승용,남,27세,중상
2020092400100548,2020년 9월 24일 19시,목요일,충청남도 태안군 태안읍,경상사고,0,0,1,0,차대차 - 추돌,안전운전불이행,건조,맑음,기타 - 기타,화물,남,71세,상해없음,자전거,남,13세,경상
2020092400100592,2020년 9월 24일 20시,목요일,충청남도 당진시 송악읍,중상사고,0,1,0,0,차대사람 - 기타,안전운전불이행,건조,기타,단일로 - 기타,승용,남,27세,상해없음,보행자,남,61세,중상
2020092400100593,2020년 9월 24일 20시,목요일,충청남도 천안시 동남구 다가동,경상사고,0,0,1,0,차대사람 - 기타,안전운전불이행,건조,맑음,기타 - 기타,승합,여,37세,상해없음,보행자,남,21세,경상
2020092400100668,2020년 9월 24일 23시,목요일,충청남도 서산시 읍내동,경상사고,0,0,1,0,차대차 - 측면충돌,중앙선침범,건조,맑음,단일로 - 기타,승용,남,36세,상해없음,승용,남,41세,경상
2020092400100669,2020년 9월 24일 23시,목요일,충청남도 천안시 서북구 불당동,경상사고,0,0,2,0,차대차 - 측면충돌,안전거리미확보,건조,맑음,단일로 - 기타,승용,남,27세,경상,승용,남,31세,경상
2020092400100670,2020년 9월 24일 23시,목요일,충청남도 논산시 연무읍,경상사고,0,0,2,0,차대차 - 측면충돌,교차로운행방법위반,건조,맑음,교차로 - 교차로안,승용,여,25세,경상,승용,여,33세,경상
2020092500100056,2020년 9월 25일 05시,금요일,충청남도 아산시 신창면,경상사고,0,0,1,0,차대차 - 측면충돌,중앙선침범,건조,맑음,단일로 - 기타,승용,남,33세,상해없음,건설기계,남,30세,경상
2020092500100091,2020년 9월 25일 07시,금요일,충청남도 예산군 덕산면,중상사고,0,1,0,0,차대차 - 추돌,안전거리미확보,건조,맑음,교차로 - 교차로부근,특수,남,51세,상해없음,승용,여,58세,중상
2020092500100123,2020년 9월 25일 08시,금요일,충청남도 보령시 웅천읍,경상사고,0,0,1,0,차대차 - 추돌,안전운전불이행,건조,맑음,교차로 - 교차로부근,이륜,남,51세,경상,화물,남,62세,상해없음
2020092500100124,2020년 9월 25일 08시,금요일,충청남도 공주시 신관동,경상사고,0,0,3,0,차대차 - 후진중충돌,안전운전불이행,건조,맑음,단일로 - 기타,승합,남,50세,상해없음,승용,남,31세,경상
2020092500100149,2020년 9월 25일 09시,금요일,충청남도 천안시 서북구 성성동,중상사고,0,1,0,0,차대차 - 추돌,안전운전불이행,건조,맑음,교차로 - 교차로부근,승용,여,38세,상해없음,이륜,남,30세,중상
2020092500100150,2020년 9월 25일 09시,금요일,충청남도 아산시 온천동,경상사고,0,0,1,0,차대사람 - 횡단중,보행자보호의무위반,건조,맑음,단일로 - 기타,승용,남,44세,상해없음,보행자,여,70세,경상
2020092500100246,2020년 9월 25일 12시,금요일,충청남도 아산시 풍기동,중상사고,0,1,0,0,차대차 - 기타,교차로운행방법위반,건조,맑음,교차로 - 교차로안,승용,남,69세,상해없음,이륜,남,41세,중상
2020092500100247,2020년 9월 25일 12시,금요일,충청남도 당진시 읍내리,중상사고,0,1,0,0,차대사람 - 횡단중,안전운전불이행,건조,맑음,단일로 - 기타,승용,여,61세,상해없음,보행자,남,57세,중상
2020092500100248,2020년 9월 25일 12시,금요일,충청남도 청양군 목면,경상사고,0,0,1,0,차대차 - 측면충돌,직진우회전진행방해,건조,맑음,교차로 - 교차로안,승용,여,42세,경상,화물,남,54세,상해없음
2020092500100249,2020년 9월 25일 12시,금요일,충청남도 천안시 동남구 용곡동,경상사고,0,0,2,0,차대차 - 추돌,안전운전불이행,건조,맑음,기타 - 기타,승용,남,30세,상해없음,승용,남,52세,경상
2020092500100339,2020년 9월 25일 14시,금요일,충청남도 서산시 음암면,중상사고,0,1,0,0,차대차 - 추돌,안전운전불이행,건조,맑음,단일로 - 기타,화물,남,43세,상해없음,화물,남,44세,상해없음
2020092500100378,2020년 9월 25일 15시,금요일,충청남도 아산시 음봉면,경상사고,0,0,1,0,차대차 - 측면충돌,안전운전불이행,건조,맑음,교차로 - 교차로안,화물,남,61세,상해없음,화물,남,39세,경상
2020092500100379,2020년 9월 25일 15시,금요일,충청남도 천안시 동남구 병천면,경상사고,0,0,2,0,차대차 - 추돌,안전운전불이행,건조,맑음,단일로 - 기타,화물,남,62세,상해없음,화물,남,53세,경상
2020092500100425,2020년 9월 25일 16시,금요일,충청남도 홍성군 홍성읍,경상사고,0,0,1,0,차대차 - 측면충돌,중앙선침범,건조,맑음,단일로 - 기타,승용,여,50세,상해없음,승용,여,50세,경상
2020092500100426,2020년 9월 25일 16시,금요일,충청남도 보령시 오천면,경상사고,0,0,1,0,차대차 - 기타,안전운전불이행,건조,맑음,단일로 - 기타,이륜,남,80세,경상,화물,남,48세,상해없음
2020092500100427,2020년 9월 25일 16시,금요일,충청남도 태안군 근흥면,경상사고,0,0,1,0,차대차 - 측면충돌,신호위반,건조,맑음,단일로 - 기타,화물,남,58세,상해없음,승용,여,58세,경상
2020092500100485,2020년 9월 25일 17시,금요일,충청남도 홍성군 금마면,중상사고,0,1,0,0,차량단독 - 기타,안전운전불이행,건조,맑음,단일로 - 기타,이륜,남,52세,중상,,,,
2020092500100486,2020년 9월 25일 17시,금요일,충청남도 아산시 실옥동,경상사고,0,0,1,0,차대차 - 측면충돌,안전운전불이행,건조,맑음,교차로 - 교차로안,승용,남,53세,상해없음,이륜,남,48세,경상
2020092500100554,2020년 9월 25일 18시,금요일,충청남도 천안시 서북구 직산읍,경상사고,0,0,1,0,차대차 - 측면충돌,중앙선침범,건조,맑음,단일로 - 기타,승용,남,55세,상해없음,승용,여,44세,경상
2020092500100555,2020년 9월 25일 18시,금요일,충청남도 천안시 서북구 불당동,중상사고,0,1,0,0,차대차 - 측면충돌,신호위반,건조,맑음,교차로 - 교차로안,승용,남,50세,상해없음,승용,남,29세,중상
2020092500100556,2020년 9월 25일 18시,금요일,충청남도 천안시 서북구 입장면,경상사고,0,0,1,0,차대차 - 측면충돌,안전운전불이행,건조,맑음,단일로 - 기타,이륜,여,48세,경상,승용,남,41세,상해없음
2020092500100557,2020년 9월 25일 18시,금요일,충청남도 공주시 신관동,중상사고,0,1,0,0,차대차 - 기타,안전운전불이행,건조,맑음,교차로 - 교차로안,승용,남,26세,상해없음,이륜,남,24세,중상
2020092500100558,2020년 9월 25일 18시,금요일,충청남도 천안시 동남구 원성동,경상사고,0,0,1,0,차대사람 - 횡단중,보행자보호의무위반,건조,맑음,교차로 - 교차로횡단보도내,승용,여,50세,상해없음,보행자,여,27세,경상
2020092500100667,2020년 9월 25일 20시,금요일,충청남도 천안시 동남구 원성동,경상사고,0,0,1,0,차대차 - 정면충돌,중앙선침범,건조,맑음,교차로 - 교차로안,승용,남,61세,상해없음,승합,남,50세,경상
2020092500100695,2020년 9월 25일 21시,금요일,충청남도 보령시 오천면,경상사고,0,0,3,0,차대차 - 측면충돌,중앙선침범,건조,맑음,단일로 - 기타,승용,여,42세,상해없음,승용,남,37세,경상
2020092500100727,2020년 9월 25일 22시,금요일,충청남도 보령시 남포면,사망사고,1,0,0,0,차대사람 - 횡단중,안전운전불이행,건조,맑음,단일로 - 기타,화물,남,64세,상해없음,보행자,여,74세,사망
2020092600100010,2020년 9월 26일 00시,토요일,충청남도 서산시 성연면,경상사고,0,0,4,0,차대차 - 측면충돌,과속,건조,맑음,교차로 - 교차로안,승용,남,49세,상해없음,승용,여,36세,경상
2020092600100025,2020년 9월 26일 01시,토요일,충청남도 천안시 서북구 백석동,경상사고,0,0,2,1,차대차 - 측면충돌,안전운전불이행,건조,맑음,교차로 - 교차로안,개인형이동수단(PM),남,15세,부상신고,승용,여,58세,경상
2020092600100026,2020년 9월 26일 01시,토요일,충청남도 천안시 서북구 성거읍,경상사고,0,0,2,0,차대차 - 추돌,안전운전불이행,건조,맑음,단일로 - 기타,승용,남,29세,상해없음,승용,남,52세,경상
2020092600100041,2020년 9월 26일 03시,토요일,충청남도 천안시 서북구 부대동,중상사고,0,1,2,0,차대차 - 추돌,안전운전불이행,건조,맑음,교차로 - 교차로안,승용,남,40세,상해없음,화물,남,50세,경상
2020092600100068,2020년 9월 26일 05시,토요일,충청남도 태안군 안면읍,중상사고,0,1,0,0,차대차 - 측면충돌,과속,건조,맑음,교차로 - 교차로안,승용,남,32세,상해없음,승용,남,58세,중상
2020092600100093,2020년 9월 26일 07시,토요일,충청남도 아산시 좌부동,중상사고,0,1,0,0,차대사람 - 기타,보행자보호의무위반,건조,맑음,교차로 - 교차로횡단보도내,승합,남,61세,상해없음,보행자,여,80세,중상
2020092600100121,2020년 9월 26일 08시,토요일,충청남도 서산시 예천동,중상사고,0,1,0,0,차대사람 - 횡단중,안전운전불이행,건조,맑음,단일로 - 기타,승용,여,47세,상해없음,보행자,여,72세,중상
2020092600100181,2020년 9월 26일 10시,토요일,충청남도 공주시 신관동,중상사고,0,1,0,0,차대차 - 측면충돌,안전운전불이행,건조,맑음,교차로 - 교차로안,화물,남,60세,상해없음,자전거,남,10세,중상
2020092600100278,2020년 9월 26일 12시,토요일,충청남도 천안시 서북구 성환읍,중상사고,0,1,0,0,차대사람 - 기타,안전운전불이행,건조,맑음,단일로 - 기타,승용,남,64세,상해없음,보행자,여,73세,중상
2020092600100279,2020년 9월 26일 12시,토요일,충청남도 공주시 우성면,경상사고,0,0,1,0,차량단독 - 전도전복 - 전도,안전운전불이행,건조,맑음,단일로 - 기타,이륜,남,32세,경상,,,,
2020092600100280,2020년 9월 26일 12시,토요일,충청남도 천안시 동남구 영성동,경상사고,0,0,3,0,차대차 - 기타,안전운전불이행,건조,맑음,교차로 - 교차로안,승용,남,48세,상해없음,승용,여,30세,경상
2020092600100325,2020년 9월 26일 13시,토요일,충청남도 서산시 해미면,경상사고,0,0,3,0,차대차 - 측면충돌,교차로운행방법위반,건조,맑음,교차로 - 교차로안,화물,남,46세,상해없음,승용,남,51세,경상
2020092600100326,2020년 9월 26일 13시,토요일,충청남도 천안시 서북구 불당동,경상사고,0,0,1,0,차대차 - 측면충돌,신호위반,건조,맑음,교차로 - 교차로안,승용,여,47세,상해없음,이륜,남,19세,경상
2020092600100371,2020년 9월 26일 14시,토요일,충청남도 천안시 서북구 불당동,경상사고,0,0,1,0,차대차 - 정면충돌,교차로운행방법위반,건조,맑음,교차로 - 교차로안,승용,여,36세,상해없음,원동기,남,25세,경상
2020092600100413,2020년 9월 26일 15시,토요일,충청남도 천안시 서북구 성정동,사망사고,1,0,0,0,차대사람 - 기타,안전운전불이행,건조,맑음,교차로 - 교차로부근,건설기계,남,60세,상해없음,보행자,남,63세,사망
2020092600100414,2020년 9월 26일 15시,토요일,충청남도 서천군 화양면,사망사고,1,0,0,0,차량단독 - 도로외이탈 - 기타,안전운전불이행,건조,맑음,단일로 - 기타,자전거,남,59세,사망,,,,
2020092600100415,2020년 9월 26일 15시,토요일,충청남도 천안시 동남구 성황동,부상신고사고,0,0,0,1,차대사람 - 차도통행중,안전운전불이행,건조,맑음,기타 - 기타,승용,남,19세,상해없음,보행자,남,9세,부상신고
2020092600100416,2020년 9월 26일 15시,토요일,충청남도 천안시 동남구 성남면,중상사고,0,2,2,0,차대차 - 추돌,안전운전불이행,건조,맑음,기타 - 기타,화물,남,44세,상해없음,승용,남,46세,중상
2020092600100503,2020년 9월 26일 17시,토요일,충청남도 서산시 동문동,경상사고,0,0,1,0,차대차 - 측면충돌,신호위반,건조,맑음,교차로 - 교차로안,승용,남,65세,상해없음,이륜,남,48세,경상
2020092600100504,2020년 9월 26일 17시,토요일,충청남도 천안시 서북구 입장면,경상사고,0,0,1,0,차대사람 - 횡단중,안전운전불이행,건조,맑음,단일로 - 기타,화물,남,48세,상해없음,보행자,남,66세,경상
2020092600100505,2020년 9월 26일 17시,토요일,충청남도 아산시 염치읍,경상사고,0,0,1,0,차대차 - 측면충돌,안전운전불이행,건조,맑음,교차로 - 교차로부근,화물,남,45세,상해없음,승용,남,30세,경상