사고번호,사고일시,요일,시군구,사고내용,사망자수,중상자수,경상자수,부상신고자수,사고유형,법규위반,노면상태,기상상태,도로형태,가해운전자 차종,가해운전자 성별,가해운전자 연령,가해운전자 상해정도,피해운전자 차종,피해운전자 성별,피해운전자 연령,피해운전자 상해정도
2020100500100650,2020년 10월 5일 23시,월요일,충청남도 천안시 서북구 성정동,경상사고,0,0,1,0,차대사람 - 횡단중,안전운전불이행,건조,맑음,교차로 - 교차로안,화물,남,45세,상해없음,보행자,남,25세,경상
2020100500100651,2020년 10월 5일 23시,월요일,충청남도 당진시 읍내리,경상사고,0,0,1,0,차대차 - 기타,안전운전불이행,건조,맑음,기타 - 기타,승용,남,32세,상해없음,승용,남,21세,경상
2020100600100007,2020년 10월 6일 00시,화요일,충청남도 당진시 수청리,중상사고,0,2,0,0,차대차 - 정면충돌,안전운전불이행,건조,맑음,기타 - 기타,승용,여,27세,상해없음,승용,남,52세,중상
2020100600100029,2020년 10월 6일 04시,화요일,충청남도 아산시 영인면,경상사고,0,0,1,0,차량단독 - 공작물충돌,안전운전불이행,건조,맑음,단일로 - 기타,승용,남,40세,상해없음,,,,
2020100600100036,2020년 10월 6일 05시,화요일,충청남도 홍성군 홍북읍,중상사고,0,1,0,0,차대차 - 측면충돌,신호위반,건조,맑음,교차로 - 교차로안,화물,남,21세,상해없음,승용,남,60세,중상
2020100600100048,2020년 10월 6일 06시,화요일,충청남도 보령시 주포면,중상사고,0,1,0,0,차대차 - 추돌,안전운전불이행,건조,흐림,교차로 - 교차로부근,승용,남,42세,상해없음,농기계,남,60세,중상
2020100600100069,2020년 10월 6일 07시,화요일,충청남도 청양군 장평면,경상사고,0,0,1,0,차량단독 - 전도전복 - 전도,안전운전불이행,건조,맑음,기타 - 기타,이륜,남,23세,경상,,,,
2020100600100070,2020년 10월 6일 07시,화요일,충청남도 천안시 동남구 원성동,경상사고,0,0,2,0,차대차 - 측면충돌,신호위반,건조,맑음,교차로 - 교차로안,승용,여,46세,상해없음,승용,남,27세,경상
2020100600100104,2020년 10월 6일 08시,화요일,충청남도 청양군 정산면,중상사고,0,1,0,0,차량단독 - 기타,안전운전불이행,건조,맑음,교차로 - 교차로부근,자전거,남,27세,중상,,,,
2020100600100136,2020년 10월 6일 09시,화요일,충청남도 천안시 서북구 직산읍,경상사고,0,0,2,0,차대차 - 측면충돌,신호위반,건조,맑음,교차로 - 교차로안,승용,여,52세,상해없음,승용,남,73세,경상
2020100600100137,2020년 10월 6일 09시,화요일,충청남도 공주시 산성동,중상사고,0,1,0,0,차대사람 - 횡단중,보행자보호의무위반,건조,맑음,단일로 - 기타,승용,남,68세,상해없음,보행자,여,71세,중상
2020100600100138,2020년 10월 6일 09시,화요일,충청남도 태안군 근흥면,경상사고,0,0,1,0,차대사람 - 횡단중,안전운전불이행,건조,맑음,단일로 - 기타,승용,남,78세,상해없음,보행자,남,36세,경상
2020100600100176,2020년 10월 6일 10시,화요일,충청남도 예산군 예산읍,중상사고,0,1,0,0,차대차 - 추돌,안전운전불이행,건조,맑음,단일로 - 기타,승용,여,66세,상해없음,자전거,남,78세,중상
2020100600100208,2020년 10월 6일 11시,화요일,충청남도 아산시 탕정면,경상사고,0,0,1,0,차대차 - 기타,안전운전불이행,건조,맑음,교차로 - 교차로안,승용,여,51세,상해없음,이륜,남,39세,경상
2020100600100209,2020년 10월 6일 11시,화요일,충청남도 예산군 예산읍,경상사고,0,0,1,0,차대차 - 정면충돌,안전운전불이행,건조,맑음,주차장 - 주차장,이륜,여,72세,경상,승용,여,24세,상해없음
2020100600100245,2020년 10월 6일 12시,화요일,충청남도 서산시 석남동,중상사고,0,1,0,0,차대차 - 기타,차로위반,건조,맑음,단일로 - 기타,승용,여,22세,상해없음,승용,여,54세,상해없음
2020100600100246,2020년 10월 6일 12시,화요일,충청남도 천안시 서북구 쌍용동,부상신고사고,0,0,0,1,차대차 - 추돌,안전운전불이행,건조,맑음,단일로 - 기타,이륜,남,29세,부상신고,승용,여,51세,상해없음
2020100600100247,2020년 10월 6일 12시,화요일,충청남도 아산시 음봉면,경상사고,0,0,1,0,차대차 - 측면충돌,신호위반,건조,맑음,교차로 - 교차로안,이륜,남,39세,상해없음,승용,여,39세,경상
2020100600100248,2020년 10월 6일 12시,화요일,충청남도 천안시 동남구 신부동,경상사고,0,0,1,0,차대차 - 기타,신호위반,건조,맑음,교차로 - 교차로안,이륜,남,21세,경상,승용,남,27세,상해없음
2020100600100249,2020년 10월 6일 12시,화요일,충청남도 태안군 태안읍,중상사고,0,1,0,0,차대사람 - 횡단중,보행자보호의무위반,건조,맑음,교차로 - 교차로안,승용,여,72세,상해없음,보행자,여,60세,중상
2020100600100279,2020년 10월 6일 13시,화요일,충청남도 아산시 배방읍,중상사고,0,1,0,0,차대차 - 기타,안전운전불이행,건조,맑음,단일로 - 기타,승용,남,38세,상해없음,이륜,남,20세,중상
2020100600100326,2020년 10월 6일 14시,화요일,충청남도 아산시 온천동,중상사고,0,1,0,1,차대차 - 정면충돌,안전운전불이행,건조,맑음,교차로 - 교차로안,승용,여,46세,부상신고,승용,여,41세,중상
2020100600100327,2020년 10월 6일 14시,화요일,충청남도 보령시 요암동,경상사고,0,0,2,0,차대차 - 추돌,안전거리미확보,건조,맑음,단일로 - 기타,화물,남,60세,상해없음,화물,여,65세,경상
2020100600100328,2020년 10월 6일 14시,화요일,충청남도 금산군 추부면,중상사고,0,2,0,0,차대차 - 정면충돌,중앙선침범,건조,맑음,단일로 - 기타,승용,여,53세,중상,승용,여,58세,중상
2020100600100373,2020년 10월 6일 15시,화요일,충청남도 천안시 서북구 쌍용동,경상사고,0,0,1,0,차대차 - 측면충돌,신호위반,건조,맑음,교차로 - 교차로횡단보도내,승용,남,28세,상해없음,자전거,여,13세,경상
2020100600100374,2020년 10월 6일 15시,화요일,충청남도 천안시 서북구 성정동,경상사고,0,0,1,0,차대차 - 측면충돌,안전운전불이행,건조,맑음,단일로 - 기타,승용,남,23세,상해없음,승용,남,29세,경상
2020100600100375,2020년 10월 6일 15시,화요일,충청남도 태안군 태안읍,경상사고,0,0,2,0,차대차 - 측면충돌,안전운전불이행,건조,맑음,교차로 - 교차로안,화물,남,63세,경상,승용,여,40세,경상
2020100600100410,2020년 10월 6일 16시,화요일,충청남도 예산군 예산읍,경상사고,0,0,5,0,차대차 - 추돌,안전거리미확보,건조,맑음,단일로 - 기타,건설기계,남,60세,상해없음,승합,여,61세,경상
2020100600100411,2020년 10월 6일 16시,화요일,충청남도 예산군 고덕면,경상사고,0,0,1,0,차대차 - 측면충돌,안전운전불이행,건조,맑음,단일로 - 기타,화물,남,85세,상해없음,승용,남,44세,경상
2020100600100456,2020년 10월 6일 17시,화요일,충청남도 천안시 서북구 성정동,경상사고,0,0,3,0,차대차 - 측면충돌,교차로운행방법위반,건조,맑음,교차로 - 교차로안,승용,남,32세,상해없음,승용,남,44세,경상
2020100600100457,2020년 10월 6일 17시,화요일,충청남도 천안시 서북구 쌍용동,경상사고,0,0,1,0,차대차 - 측면충돌,안전운전불이행,건조,맑음,단일로 - 기타,승용,여,46세,상해없음,승용,여,37세,경상
2020100600100458,2020년 10월 6일 17시,화요일,충청남도 금산군 금성면,경상사고,0,0,1,0,차대차 - 측면충돌,안전운전불이행,건조,맑음,교차로 - 교차로안,승용,남,38세,상해없음,승용,남,68세,경상
2020100600100499,2020년 10월 6일 18시,화요일,충청남도 서산시 석남동,경상사고,0,0,1,0,차대사람 - 길가장자리구역통행중,보행자보호의무위반,건조,맑음,교차로 - 교차로안,승용,남,60세,상해없음,보행자,남,51세,경상
2020100600100500,2020년 10월 6일 18시,화요일,충청남도 천안시 서북구 불당동,경상사고,0,0,1,0,차대차 - 정면충돌,신호위반,건조,맑음,단일로 - 기타,개인형이동수단(PM),여,16세,상해없음,승용,여,34세,상해없음
2020100600100501,2020년 10월 6일 18시,화요일,충청남도 논산시 내동,중상사고,0,1,0,0,차대사람 - 횡단중,안전운전불이행,건조,맑음,교차로 - 교차로부근,승용,여,38세,상해없음,보행자,여,80세,중상
2020100600100502,2020년 10월 6일 18시,화요일,충청남도 서천군 서천읍,경상사고,0,0,1,0,차대차 - 측면충돌,안전운전불이행,건조,맑음,교차로 - 교차로안,이륜,남,72세,경상,승용,남,28세,상해없음
2020100600100503,2020년 10월 6일 18시,화요일,충청남도 서천군 서천읍,중상사고,0,1,0,0,차대사람 - 횡단중,안전운전불이행,건조,맑음,교차로 - 교차로안,승용,남,42세,상해없음,보행자,여,43세,중상
2020100600100504,2020년 10월 6일 18시,화요일,충청남도 당진시 읍내리,경상사고,0,0,1,0,차대사람 - 기타,안전운전불이행,건조,맑음,교차로 - 교차로안,승용,여,37세,상해없음,보행자,남,42세,경상
2020100600100505,2020년 10월 6일 18시,화요일,충청남도 천안시 동남구 신방동,경상사고,0,0,1,0,차대차 - 추돌,안전운전불이행,건조,맑음,단일로 - 기타,승용,남,41세,상해없음,승용,남,41세,경상
2020100600100549,2020년 10월 6일 19시,화요일,충청남도 계룡시 금암동,중상사고,0,1,0,0,차대사람 - 횡단중,보행자보호의무위반,건조,맑음,단일로 - 기타,승용,남,47세,상해없음,보행자,남,39세,중상
2020100600100550,2020년 10월 6일 19시,화요일,충청남도 아산시 탕정면,경상사고,0,0,1,0,차대차 - 기타,신호위반,건조,맑음,교차로 - 교차로안,이륜,남,42세,경상,승용,여,27세,상해없음
2020100600100551,2020년 10월 6일 19시,화요일,충청남도 당진시 고대면,경상사고,0,0,2,0,차대차 - 추돌,안전운전불이행,건조,맑음,단일로 - 기타,승용,남,31세,경상,승용,남,37세,상해없음
2020100600100616,2020년 10월 6일 21시,화요일,충청남도 아산시 인주면,중상사고,0,1,1,0,차대차 - 측면충돌,안전운전불이행,건조,맑음,단일로 - 기타,화물,남,57세,상해없음,승용,여,48세,경상
2020100600100617,2020년 10월 6일 21시,화요일,충청남도 태안군 태안읍,경상사고,0,0,2,0,차대차 - 측면충돌,교차로운행방법위반,건조,맑음,교차로 - 교차로안,승용,남,71세,상해없음,승용,남,31세,경상
2020100600100637,2020년 10월 6일 22시,화요일,충청남도 천안시 서북구 성정동,중상사고,0,1,0,0,차대사람 - 횡단중,안전운전불이행,건조,맑음,교차로 - 교차로안,승용,남,34세,상해없음,보행자,남,56세,중상
2020100700100007,2020년 10월 7일 00시,수요일,충청남도 천안시 서북구 성거읍,중상사고,0,1,2,0,차대사람 - 기타,안전운전불이행,건조,맑음,교차로 - 교차로안,승용,남,57세,상해없음,보행자,남,65세,중상
2020100700100008,2020년 10월 7일 00시,수요일,충청남도 아산시 배방읍,경상사고,0,0,1,0,차대차 - 정면충돌,신호위반,건조,맑음,교차로 - 교차로안,승용,여,20세,상해없음,이륜,여,26세,경상
2020100700100027,2020년 10월 7일 04시,수요일,충청남도 아산시 둔포면,경상사고,0,0,1,0,차대차 - 추돌,안전운전불이행,건조,맑음,단일로 - 기타,승용,남,46세,상해없음,화물,남,59세,경상
2020100700100041,2020년 10월 7일 06시,수요일,충청남도 천안시 서북구 성거읍,경상사고,0,0,1,0,차대차 - 측면충돌,중앙선침범,건조,맑음,단일로 - 기타,승용,남,24세,상해없음,승용,남,48세,경상
2020100700100095,2020년 10월 7일 08시,수요일,충청남도 천안시 서북구 두정동,경상사고,0,0,1,0,차대차 - 추돌,안전운전불이행,건조,맑음,교차로 - 교차로부근,승용,남,25세,상해없음,승용,남,32세,경상
2020100700100096,2020년 10월 7일 08시,수요일,충청남도 아산시 신창면,경상사고,0,0,1,1,차대차 - 측면충돌,중앙선침범,건조,맑음,단일로 - 기타,화물,남,81세,부상신고,승용,남,41세,경상
2020100700100097,2020년 10월 7일 08시,수요일,충청남도 보령시 웅천읍,중상사고,0,1,0,0,차대사람 - 횡단중,보행자보호의무위반,건조,맑음,교차로 - 교차로횡단보도내,화물,남,55세,상해없음,보행자,여,83세,중상
2020100700100098,2020년 10월 7일 08시,수요일,충청남도 서천군 화양면,사망사고,1,0,0,0,차대차 - 추돌,안전운전불이행,건조,맑음,단일로 - 기타,승용,남,65세,사망,건설기계,남,46세,상해없음
2020100700100132,2020년 10월 7일 09시,수요일,충청남도 서천군 장항읍,경상사고,0,0,2,0,차대차 - 측면충돌,직진우회전진행방해,건조,맑음,교차로 - 교차로안,승용,남,63세,경상,승용,남,72세,경상
2020100700100133,2020년 10월 7일 09시,수요일,충청남도 천안시 동남구 안서동,중상사고,0,1,0,0,차대차 - 기타,안전운전불이행,건조,맑음,교차로 - 교차로안,승용,남,57세,상해없음,이륜,남,24세,중상
2020100700100158,2020년 10월 7일 10시,수요일,충청남도 예산군 오가면,경상사고,0,0,2,0,차대차 - 측면충돌,안전운전불이행,건조,맑음,교차로 - 교차로부근,화물,남,64세,상해없음,승용,남,59세,경상
2020100700100159,2020년 10월 7일 10시,수요일,충청남도 당진시 원당리,중상사고,0,1,0,0,차대사람 - 기타,보행자보호의무위반,건조,맑음,교차로 - 교차로횡단보도내,승용,남,52세,상해없음,보행자,여,81세,중상
2020100700100160,2020년 10월 7일 10시,수요일,충청남도 금산군 금산읍,중상사고,0,1,0,0,차대사람 - 횡단중,보행자보호의무위반,건조,맑음,교차로 - 교차로횡단보도내,화물,남,77세,상해없음,보행자,남,78세,중상
2020100700100194,2020년 10월 7일 11시,수요일,충청남도 서산시 동문동,중상사고,0,1,0,0,차대사람 - 기타,안전운전불이행,건조,맑음,단일로 - 기타,화물,남,47세,상해없음,보행자,남,71세,중상
2020100700100195,2020년 10월 7일 11시,수요일,충청남도 예산군 덕산면,경상사고,0,0,1,0,차대사람 - 횡단중,보행자보호의무위반,건조,맑음,기타 - 기타,승용,여,54세,상해없음,보행자,여,90세,경상
2020100700100257,2020년 10월 7일 13시,수요일,충청남도 천안시 동남구 삼룡동,경상사고,0,0,1,0,차대차 - 정면충돌,중앙선침범,건조,맑음,단일로 - 기타,승용,남,49세,상해없음,이륜,남,22세,경상
2020100700100298,2020년 10월 7일 14시,수요일,충청남도 천안시 서북구 성환읍,중상사고,0,1,0,0,차대사람 - 차도통행중,안전운전불이행,건조,맑음,단일로 - 기타,승용,여,51세,상해없음,보행자,남,71세,중상
2020100700100369,2020년 10월 7일 16시,수요일,충청남도 아산시 풍기동,경상사고,0,0,2,0,차대차 - 기타,안전운전불이행,건조,맑음,기타 - 기타,승용,여,55세,기타불명,승용,여,41세,경상
2020100700100415,2020년 10월 7일 17시,수요일,충청남도 천안시 서북구 성성동,중상사고,0,1,0,0,차대사람 - 횡단중,안전운전불이행,건조,맑음,단일로 - 기타,승용,남,40세,상해없음,보행자,여,10세,중상
2020100700100467,2020년 10월 7일 18시,수요일,충청남도 아산시 인주면,경상사고,0,0,1,0,차대차 - 측면충돌,교차로운행방법위반,건조,맑음,교차로 - 교차로안,특수,남,59세,상해없음,승용,여,25세,경상
2020100700100520,2020년 10월 7일 19시,수요일,충청남도 천안시 동남구 신방동,경상사고,0,0,1,0,차대사람 - 기타,안전운전불이행,건조,맑음,교차로 - 교차로안,승합,남,39세,상해없음,보행자,여,60세,경상
2020100700100521,2020년 10월 7일 19시,수요일,충청남도 천안시 동남구 목천읍,경상사고,0,0,1,0,차대차 - 기타,안전운전불이행,건조,맑음,단일로 - 기타,화물,남,51세,상해없음,승용,여,60세,경상
2020100700100554,2020년 10월 7일 20시,수요일,충청남도 아산시 둔포면,중상사고,0,1,0,0,차대사람 - 횡단중,안전운전불이행,건조,맑음,교차로 - 교차로부근,이륜,남,18세,기타불명,보행자,여,37세,중상
2020100700100576,2020년 10월 7일 21시,수요일,충청남도 서산시 대산읍,중상사고,0,2,0,0,차대차 - 정면충돌,신호위반,건조,맑음,교차로 - 교차로안,승용,남,52세,중상,승용,남,35세,중상
2020100700100577,2020년 10월 7일 21시,수요일,충청남도 아산시 배방읍,경상사고,0,0,1,0,차대차 - 추돌,안전거리미확보,건조,맑음,교차로 - 교차로안,승용,남,47세,상해없음,승용,남,56세,경상
2020100700100578,2020년 10월 7일 21시,수요일,충청남도 서천군 서천읍,중상사고,0,1,0,0,차대사람 - 기타,안전운전불이행,건조,맑음,교차로 - 교차로안,승용,여,24세,상해없음,보행자,남,58세,중상
2020100700100605,2020년 10월 7일 22시,수요일,충청남도 천안시 동남구 신방동,경상사고,0,0,1,0,차대사람 - 기타,안전운전불이행,건조,맑음,교차로 - 교차로부근,승용,남,45세,기타불명,보행자,남,47세,경상
2020100800100006,2020년 10월 8일 00시,목요일,충청남도 청양군 청양읍,경상사고,0,0,1,0,차대차 - 추돌,안전운전불이행,건조,맑음,단일로 - 교량,승용,여,41세,경상,승용,남,55세,상해없음
2020100800100031,2020년 10월 8일 02시,목요일,충청남도 천안시 서북구 불당동,중상사고,0,1,1,0,차대차 - 정면충돌,중앙선침범,건조,맑음,교차로 - 교차로부근,개인형이동수단(PM),남,52세,중상,승용,여,31세,경상
2020100800100049,2020년 10월 8일 05시,목요일,충청남도 논산시 취암동,중상사고,0,1,0,0,차대차 - 측면충돌,직진우회전진행방해,건조,맑음,교차로 - 교차로안,승용,여,55세,상해없음,개인형이동수단(PM),남,20세,중상
2020100800100126,2020년 10월 8일 08시,목요일,충청남도 천안시 서북구 신당동,경상사고,0,0,1,0,차대차 - 측면충돌,차로위반,건조,맑음,교차로 - 교차로부근,기타불명,기타불명,미분류,기타불명,화물,남,54세,상해없음
2020100800100127,2020년 10월 8일 08시,목요일,충청남도 논산시 연무읍,중상사고,0,1,0,0,차대차 - 정면충돌,신호위반,건조,맑음,교차로 - 교차로안,승용,남,54세,기타불명,승용,남,28세,중상
2020100800100128,2020년 10월 8일 08시,목요일,충청남도 논산시 강경읍,경상사고,0,0,1,0,차대차 - 측면충돌,직진우회전진행방해,건조,맑음,교차로 - 교차로안,이륜,남,74세,경상,승용,남,74세,상해없음
2020100800100129,2020년 10월 8일 08시,목요일,충청남도 논산시 취암동,중상사고,0,1,0,0,차대차 - 측면충돌,안전운전불이행,건조,맑음,단일로 - 기타,개인형이동수단(PM),여,33세,중상,화물,남,60세,상해없음
2020100800100130,2020년 10월 8일 08시,목요일,충청남도 홍성군 갈산면,중상사고,0,1,1,0,차대차 - 측면충돌,신호위반,건조,맑음,교차로 - 교차로안,화물,남,46세,중상,화물,남,66세,경상
2020100800100131,2020년 10월 8일 08시,목요일,충청남도 홍성군 금마면,경상사고,0,0,1,0,차대차 - 추돌,안전운전불이행,건조,맑음,단일로 - 기타,승용,남,48세,상해없음,승용,여,42세,경상
2020100800100132,2020년 10월 8일 08시,목요일,충청남도 공주시 신풍면,중상사고,0,1,0,0,차대차 - 추돌,중앙선침범,건조,맑음,교차로 - 교차로부근,승용,남,50세,상해없음,화물,남,78세,중상
2020100800100133,2020년 10월 8일 08시,목요일,충청남도 청양군 청양읍,경상사고,0,0,1,0,차대차 - 정면충돌,직진우회전진행방해,건조,맑음,교차로 - 교차로안,승용,남,47세,상해없음,승용,남,25세,경상
2020100800100134,2020년 10월 8일 08시,목요일,충청남도 천안시 동남구 신부동,경상사고,0,0,2,0,차대차 - 기타,안전운전불이행,건조,맑음,단일로 - 기타,승용,남,71세,상해없음,승용,여,32세,경상
2020100800100178,2020년 10월 8일 09시,목요일,충청남도 홍성군 은하면,중상사고,0,1,0,0,차대차 - 기타,안전운전불이행,건조,맑음,단일로 - 기타,화물,남,72세,상해없음,이륜,남,81세,중상
2020100800100179,2020년 10월 8일 09시,목요일,충청남도 아산시 배방읍,중상사고,0,1,0,0,차대차 - 측면충돌,신호위반,건조,맑음,교차로 - 교차로안,화물,남,23세,상해없음,승용,여,45세,중상
2020100800100225,2020년 10월 8일 10시,목요일,충청남도 천안시 서북구 쌍용동,경상사고,0,0,1,0,차대차 - 측면충돌,중앙선침범,건조,맑음,교차로 - 교차로안,승용,여,59세,상해없음,개인형이동수단(PM),남,23세,경상
2020100800100260,2020년 10월 8일 11시,목요일,충청남도 천안시 서북구 성정동,경상사고,0,0,1,0,차대차 - 측면충돌,안전거리미확보,건조,맑음,교차로 - 교차로부근,승용,남,80세,상해없음,승용,여,61세,경상
2020100800100261,2020년 10월 8일 11시,목요일,충청남도 아산시 탕정면,경상사고,0,0,2,0,차대차 - 추돌,안전운전불이행,건조,맑음,단일로 - 기타,승용,여,49세,상해없음,승용,여,41세,경상
2020100800100262,2020년 10월 8일 11시,목요일,충청남도 태안군 남면,중상사고,0,1,0,0,차대사람 - 차도통행중,안전운전불이행,건조,맑음,단일로 - 기타,승용,여,58세,상해없음,보행자,여,83세,중상
2020100800100293,2020년 10월 8일 12시,목요일,충청남도 아산시 풍기동,경상사고,0,0,1,0,차대차 - 기타,신호위반,건조,맑음,교차로 - 교차로안,화물,남,61세,상해없음,화물,남,34세,경상
2020100800100355,2020년 10월 8일 14시,목요일,충청남도 홍성군 광천읍,경상사고,0,0,1,0,차대차 - 측면충돌,안전운전불이행,건조,맑음,교차로 - 교차로부근,승용,여,47세,상해없음,이륜,남,53세,경상
2020100800100356,2020년 10월 8일 14시,목요일,충청남도 서천군 서면,중상사고,0,1,1,0,차량단독 - 공작물충돌,안전운전불이행,건조,맑음,단일로 - 기타,승합,남,77세,경상,,,,
2020100800100357,2020년 10월 8일 14시,목요일,충청남도 당진시 합덕읍,경상사고,0,0,1,0,차대차 - 측면충돌,직진우회전진행방해,건조,맑음,교차로 - 교차로안,승용,여,68세,상해없음,화물,남,43세,경상
2020100800100401,2020년 10월 8일 15시,목요일,충청남도 당진시 신평면,경상사고,0,0,1,0,차대차 - 측면충돌,안전운전불이행,건조,맑음,교차로 - 교차로안,화물,남,80세,상해없음,승용,여,52세,경상
2020100800100402,2020년 10월 8일 15시,목요일,충청남도 당진시 읍내리,경상사고,0,0,3,0,차대차 - 추돌,안전운전불이행,건조,맑음,교차로 - 교차로부근,승용,여,59세,상해없음,승용,여,37세,경상
2020100800100446,2020년 10월 8일 16시,목요일,충청남도 아산시 탕정면,중상사고,0,1,2,3,차대차 - 추돌,안전운전불이행,건조,맑음,단일로 - 기타,화물,남,53세,상해없음,승용,여,30세,부상신고
2020100800100447,2020년 10월 8일 16시,목요일,충청남도 당진시 송악읍,경상사고,0,0,1,0,차대차 - 측면충돌,안전운전불이행,건조,맑음,단일로 - 기타,화물,남,53세,상해없음,자전거,남,8세,경상
2020100800100500,2020년 10월 8일 17시,목요일,충청남도 당진시 읍내리,중상사고,0,1,0,0,차대차 - 측면충돌,신호위반,건조,맑음,교차로 - 교차로안,승용,남,58세,상해없음,원동기,남,32세,중상
2020100800100501,2020년 10월 8일 17시,목요일,충청남도 천안시 동남구 신방동,중상사고,0,1,0,0,차대사람 - 기타,안전운전불이행,건조,맑음,단일로 - 기타,승용,남,72세,상해없음,보행자,남,59세,중상
2020100800100561,2020년 10월 8일 18시,목요일,충청남도 공주시 웅진동,경상사고,0,0,5,0,차대차 - 추돌,안전운전불이행,건조,맑음,단일로 - 기타,승용,여,24세,경상,승용,남,31세,경상
2020100800100629,2020년 10월 8일 19시,목요일,충청남도 천안시 서북구 두정동,중상사고,0,1,1,0,차대차 - 측면충돌,교차로운행방법위반,건조,맑음,교차로 - 교차로안,이륜,남,26세,경상,이륜,남,24세,중상
2020100800100668,2020년 10월 8일 20시,목요일,충청남도 당진시 읍내리,경상사고,0,0,1,0,차대사람 - 차도통행중,안전운전불이행,건조,맑음,교차로 - 교차로안,승용,남,48세,상해없음,보행자,남,55세,경상
2020100800100669,2020년 10월 8일 20시,목요일,충청남도 천안시 동남구 용곡동,경상사고,0,0,1,0,차량단독 - 전도전복 - 전도,안전운전불이행,건조,맑음,단일로 - 기타,이륜,남,53세,경상,,,,
2020100800100708,2020년 10월 8일 21시,목요일,충청남도 논산시 연무읍,경상사고,0,0,1,0,차대차 - 측면충돌,안전운전불이행,건조,맑음,기타 - 기타,화물,남,40세,상해없음,승용,여,45세,경상
2020100800100745,2020년 10월 8일 22시,목요일,충청남도 서산시 읍내동,중상사고,0,1,0,0,차대차 - 측면충돌,교차로운행방법위반,건조,맑음,교차로 - 교차로안,승용,남,23세,상해없음,이륜,남,41세,중상
2020100800100746,2020년 10월 8일 22시,목요일,충청남도 천안시 동남구 북면,중상사고,0,1,1,0,차대차 - 측면충돌,중앙선침범,건조,맑음,단일로 - 기타,승용,남,34세,상해없음,승용,여,24세,중상
2020100900100013,2020년 10월 9일 00시,금요일,충청남도 아산시 실옥동,경상사고,0,0,1,0,차대차 - 추돌,신호위반,건조,맑음,교차로 - 교차로안,승용,남,28세,상해없음,승용,남,37세,경상
2020100900100078,2020년 10월 9일 06시,금요일,충청남도 논산시 취암동,중상사고,0,3,0,0,차대차 - 측면충돌,신호위반,건조,맑음,교차로 - 교차로안,승용,남,64세,상해없음,승용,남,52세,중상
2020100900100079,2020년 10월 9일 06시,금요일,충청남도 아산시 탕정면,경상사고,0,0,2,0,차대차 - 측면충돌,신호위반,건조,맑음,교차로 - 교차로안,승용,여,53세,상해없음,승용,남,40세,경상
2020100900100080,2020년 10월 9일 06시,금요일,충청남도 보령시 대천동,중상사고,0,1,0,0,차대차 - 기타,안전운전불이행,건조,맑음,교차로 - 교차로안,화물,여,49세,상해없음,자전거,남,68세,중상
2020100900100116,2020년 10월 9일 08시,금요일,충청남도 천안시 서북구 불당동,중상사고,0,1,0,0,차대차 - 기타,안전운전불이행,건조,맑음,교차로 - 교차로안,승용,여,65세,상해없음,개인형이동수단(PM),남,24세,중상
2020100900100131,2020년 10월 9일 09시,금요일,충청남도 부여군 부여읍,경상사고,0,0,1,0,차대차 - 측면충돌,교차로운행방법위반,건조,맑음,교차로 - 교차로안,승용,남,64세,상해없음,이륜,남,65세,경상
2020100900100158,2020년 10월 9일 10시,금요일,충청남도 청양군 화성면,중상사고,0,1,0,0,차대사람 - 길가장자리구역통행중,안전운전불이행,건조,맑음,기타 - 기타,건설기계,남,53세,상해없음,보행자,여,52세,중상
2020100900100186,2020년 10월 9일 11시,금요일,충청남도 아산시 배방읍,사망사고,1,0,0,0,차대사람 - 기타,중앙선침범,건조,맑음,단일로 - 기타,승용,남,49세,상해없음,보행자,여,68세,사망
2020100900100187,2020년 10월 9일 11시,금요일,충청남도 천안시 동남구 사직동,중상사고,0,1,0,0,차대사람 - 횡단중,보행자보호의무위반,건조,맑음,교차로 - 교차로횡단보도내,승용,여,68세,상해없음,보행자,남,78세,중상
2020100900100188,2020년 10월 9일 11시,금요일,충청남도 태안군 원북면,중상사고,0,1,0,0,차대차 - 추돌,기타,건조,맑음,교차로 - 교차로안,승용,여,43세,상해없음,이륜,남,78세,중상
2020100900100225,2020년 10월 9일 12시,금요일,충청남도 부여군 규암면,중상사고,0,1,0,0,차대차 - 측면충돌,안전운전불이행,건조,맑음,단일로 - 교량,화물,남,68세,상해없음,이륜,남,88세,중상
2020100900100226,2020년 10월 9일 12시,금요일,충청남도 천안시 동남구 신부동,중상사고,0,1,0,0,차대차 - 측면충돌,교차로운행방법위반,건조,맑음,교차로 - 교차로안,화물,남,24세,상해없음,이륜,남,76세,중상
2020100900100293,2020년 10월 9일 14시,금요일,충청남도 서산시 부석면,중상사고,0,1,0,0,차대차 - 정면충돌,안전운전불이행,건조,맑음,단일로 - 기타,화물,남,40세,상해없음,자전거,남,43세,중상
2020100900100294,2020년 10월 9일 14시,금요일,충청남도 보령시 오천면,경상사고,0,0,1,0,차대사람 - 기타,안전운전불이행,건조,맑음,단일로 - 기타,승용,남,50세,상해없음,보행자,여,76세,경상
2020100900100355,2020년 10월 9일 16시,금요일,충청남도 서산시 석림동,중상사고,0,2,0,0,차대차 - 추돌,안전운전불이행,건조,맑음,단일로 - 기타,화물,남,46세,상해없음,승합,남,60세,상해없음