사고번호,사고일시,요일,시군구,사고내용,사망자수,중상자수,경상자수,부상신고자수,사고유형,법규위반,노면상태,기상상태,도로형태,가해운전자 차종,가해운전자 성별,가해운전자 연령,가해운전자 상해정도,피해운전자 차종,피해운전자 성별,피해운전자 연령,피해운전자 상해정도
2020100900100356,2020년 10월 9일 16시,금요일,충청남도 천안시 서북구 직산읍,경상사고,0,0,1,0,차대차 - 추돌,안전운전불이행,건조,맑음,교차로 - 교차로부근,승용,남,64세,상해없음,승용,여,50세,경상
2020100900100394,2020년 10월 9일 17시,금요일,충청남도 천안시 동남구 원성동,경상사고,0,0,4,0,차대차 - 추돌,안전운전불이행,건조,맑음,교차로 - 교차로부근,승용,여,59세,상해없음,승용,남,53세,경상
2020100900100427,2020년 10월 9일 18시,금요일,충청남도 천안시 서북구 성거읍,중상사고,0,1,0,0,차대차 - 정면충돌,안전운전불이행,건조,맑음,교차로 - 교차로안,화물,남,45세,상해없음,이륜,남,38세,중상
2020100900100428,2020년 10월 9일 18시,금요일,충청남도 당진시 송악읍,경상사고,0,0,2,0,차대차 - 측면충돌,안전거리미확보,건조,맑음,단일로 - 기타,승용,남,54세,상해없음,화물,남,61세,경상
2020100900100429,2020년 10월 9일 18시,금요일,충청남도 당진시 읍내리,경상사고,0,0,4,0,차대차 - 추돌,안전거리미확보,건조,맑음,단일로 - 기타,승용,남,77세,상해없음,승용,여,61세,경상
2020100900100514,2020년 10월 9일 20시,금요일,충청남도 서산시 석림동,중상사고,0,1,0,0,차대사람 - 횡단중,안전운전불이행,건조,맑음,교차로 - 교차로부근,화물,남,45세,상해없음,보행자,남,63세,중상
2020100900100515,2020년 10월 9일 20시,금요일,충청남도 부여군 옥산면,중상사고,0,1,0,0,차대사람 - 차도통행중,안전운전불이행,건조,맑음,단일로 - 교량,승용,남,50세,상해없음,보행자,남,37세,중상
2020100900100516,2020년 10월 9일 20시,금요일,충청남도 태안군 이원면,경상사고,0,0,2,0,차대차 - 추돌,교차로운행방법위반,건조,맑음,교차로 - 교차로안,농기계,남,63세,경상,승용,여,52세,경상
2020100900100520,2020년 10월 9일 20시,금요일,충청남도 당진시 송악읍,경상사고,0,0,2,0,차대차 - 측면충돌,안전운전불이행,건조,맑음,단일로 - 기타,승용,남,40세,상해없음,승용,여,64세,경상
2020100900100545,2020년 10월 9일 21시,금요일,충청남도 천안시 서북구 성정동,경상사고,0,0,2,0,차대차 - 후진중충돌,안전운전불이행,건조,맑음,단일로 - 기타,승용,남,25세,상해없음,승용,남,28세,경상
2020100900100589,2020년 10월 9일 23시,금요일,충청남도 서산시 예천동,부상신고사고,0,0,0,1,차대사람 - 횡단중,안전운전불이행,건조,맑음,교차로 - 교차로안,승용,여,36세,상해없음,보행자,남,22세,부상신고
2020101000100093,2020년 10월 10일 08시,토요일,충청남도 천안시 동남구 신부동,중상사고,0,1,0,0,차대사람 - 기타,안전운전불이행,건조,맑음,기타 - 기타,이륜,여,70세,상해없음,보행자,여,50세,중상
2020101000100094,2020년 10월 10일 08시,토요일,충청남도 천안시 동남구 구성동,경상사고,0,0,1,0,차대차 - 기타,안전운전불이행,건조,맑음,교차로 - 교차로부근,승용,남,70세,상해없음,승용,남,71세,상해없음
2020101000100114,2020년 10월 10일 09시,토요일,충청남도 아산시 음봉면,경상사고,0,0,1,0,차대차 - 기타,안전운전불이행,건조,맑음,교차로 - 교차로부근,승용,여,50세,상해없음,승용,여,75세,경상
2020101000100115,2020년 10월 10일 09시,토요일,충청남도 서천군 장항읍,중상사고,0,1,0,0,차량단독 - 기타,안전운전불이행,건조,맑음,교차로 - 교차로안,화물,남,71세,상해없음,,,,
2020101000100142,2020년 10월 10일 10시,토요일,충청남도 부여군 부여읍,중상사고,0,1,0,0,차대차 - 측면충돌,안전운전불이행,건조,맑음,교차로 - 교차로안,승용,남,59세,상해없음,승용,여,48세,중상
2020101000100181,2020년 10월 10일 11시,토요일,충청남도 천안시 서북구 차암동,중상사고,0,1,0,0,차대차 - 측면충돌,안전운전불이행,건조,맑음,교차로 - 교차로안,건설기계,남,49세,상해없음,승용,남,42세,중상
2020101000100182,2020년 10월 10일 11시,토요일,충청남도 당진시 채운동,경상사고,0,0,4,0,차대차 - 측면충돌,신호위반,건조,맑음,단일로 - 기타,승용,남,51세,상해없음,승용,남,73세,경상
2020101000100183,2020년 10월 10일 11시,토요일,충청남도 태안군 태안읍,중상사고,0,1,0,0,차대사람 - 횡단중,보행자보호의무위반,건조,맑음,교차로 - 교차로횡단보도내,승용,남,69세,상해없음,보행자,여,86세,중상
2020101000100262,2020년 10월 10일 13시,토요일,충청남도 당진시 읍내리,경상사고,0,0,1,0,차대사람 - 기타,안전운전불이행,건조,맑음,교차로 - 교차로안,승용,남,22세,상해없음,보행자,여,1세,경상
2020101000100300,2020년 10월 10일 14시,토요일,충청남도 천안시 동남구 신부동,경상사고,0,0,1,0,차대사람 - 기타,안전운전불이행,건조,맑음,단일로 - 기타,승용,여,29세,기타불명,보행자,남,27세,경상
2020101000100339,2020년 10월 10일 15시,토요일,충청남도 천안시 서북구 두정동,부상신고사고,0,0,0,1,차대차 - 측면충돌,안전운전불이행,건조,맑음,교차로 - 교차로안,이륜,남,20세,부상신고,화물,남,37세,상해없음
2020101000100340,2020년 10월 10일 15시,토요일,충청남도 보령시 남곡동,중상사고,0,1,0,0,차량단독 - 전도전복 - 전도,안전운전불이행,건조,맑음,단일로 - 기타,승용,남,18세,상해없음,,,,
2020101000100341,2020년 10월 10일 15시,토요일,충청남도 예산군 예산읍,중상사고,0,1,0,0,차대차 - 기타,기타,건조,맑음,교차로 - 교차로안,승합,남,30세,상해없음,승용,남,65세,중상
2020101000100381,2020년 10월 10일 16시,토요일,충청남도 서산시 지곡면,부상신고사고,0,0,0,1,차대차 - 추돌,안전거리미확보,건조,맑음,교차로 - 교차로부근,승용,남,50세,상해없음,승용,남,35세,부상신고
2020101000100382,2020년 10월 10일 16시,토요일,충청남도 천안시 서북구 두정동,경상사고,0,0,1,0,차대차 - 측면충돌,안전운전불이행,건조,맑음,단일로 - 기타,승용,남,50세,상해없음,이륜,남,41세,경상
2020101000100383,2020년 10월 10일 16시,토요일,충청남도 천안시 서북구 직산읍,사망사고,1,0,0,0,차대사람 - 기타,안전운전불이행,건조,맑음,단일로 - 기타,화물,남,66세,상해없음,보행자,남,56세,사망
2020101000100384,2020년 10월 10일 16시,토요일,충청남도 아산시 음봉면,경상사고,0,0,1,0,차대차 - 추돌,안전운전불이행,건조,맑음,단일로 - 기타,승용,남,56세,상해없음,승용,남,39세,경상
2020101000100423,2020년 10월 10일 17시,토요일,충청남도 서천군 종천면,경상사고,0,0,1,0,차대차 - 측면충돌,안전운전불이행,건조,맑음,교차로 - 교차로안,승용,여,47세,상해없음,이륜,남,57세,경상
2020101000100465,2020년 10월 10일 18시,토요일,충청남도 예산군 응봉면,경상사고,0,0,1,0,차대차 - 측면충돌,신호위반,건조,맑음,교차로 - 교차로안,승용,여,34세,상해없음,승용,여,50세,경상
2020101000100505,2020년 10월 10일 19시,토요일,충청남도 태안군 태안읍,경상사고,0,0,1,0,차량단독 - 기타,안전운전불이행,건조,맑음,단일로 - 기타,이륜,남,80세,경상,,,,
2020101000100585,2020년 10월 10일 23시,토요일,충청남도 아산시 모종동,경상사고,0,0,1,0,차대차 - 기타,안전운전불이행,건조,맑음,교차로 - 교차로안,승용,남,45세,상해없음,승용,여,36세,경상
2020101000100586,2020년 10월 10일 23시,토요일,충청남도 천안시 동남구 구성동,경상사고,0,0,1,0,차대차 - 기타,안전거리미확보,건조,맑음,단일로 - 기타,승용,남,65세,상해없음,이륜,남,29세,경상
2020101100100009,2020년 10월 11일 00시,일요일,충청남도 천안시 서북구 성환읍,경상사고,0,0,1,0,차대사람 - 횡단중,안전운전불이행,건조,맑음,단일로 - 기타,승용,여,26세,상해없음,보행자,남,52세,경상
2020101100100010,2020년 10월 11일 00시,일요일,충청남도 천안시 서북구 성거읍,경상사고,0,0,2,0,차대차 - 추돌,안전운전불이행,건조,맑음,단일로 - 기타,승용,남,32세,상해없음,승용,남,60세,경상
2020101100100021,2020년 10월 11일 01시,일요일,충청남도 보령시 신흑동,경상사고,0,0,1,0,차대차 - 추돌,안전운전불이행,건조,맑음,교차로 - 교차로부근,승용,남,28세,상해없음,승용,남,46세,상해없음
2020101100100054,2020년 10월 11일 05시,일요일,충청남도 당진시 신평면,사망사고,1,1,1,0,차대차 - 추돌,안전운전불이행,건조,기타,단일로 - 기타,승용,남,18세,경상,농기계,남,58세,중상
2020101100100055,2020년 10월 11일 05시,일요일,충청남도 당진시 신평면,경상사고,0,0,1,0,차대사람 - 기타,안전운전불이행,건조,기타,기타 - 기타,승용,남,46세,상해없음,보행자,남,47세,경상
2020101100100072,2020년 10월 11일 07시,일요일,충청남도 천안시 동남구 목천읍,경상사고,0,0,4,0,차대차 - 기타,안전운전불이행,건조,맑음,단일로 - 기타,승용,여,65세,경상,승합,남,72세,경상
2020101100100089,2020년 10월 11일 09시,일요일,충청남도 아산시 배방읍,중상사고,0,1,0,0,차대사람 - 횡단중,보행자보호의무위반,건조,맑음,교차로 - 교차로횡단보도내,승용,남,77세,상해없음,보행자,남,40세,중상
2020101100100114,2020년 10월 11일 10시,일요일,충청남도 보령시 동대동,경상사고,0,0,1,0,차대차 - 측면충돌,중앙선침범,건조,맑음,교차로 - 교차로부근,승용,남,25세,상해없음,승용,여,49세,경상
2020101100100115,2020년 10월 11일 10시,일요일,충청남도 예산군 신양면,중상사고,0,1,0,0,차대차 - 측면충돌,직진우회전진행방해,건조,맑음,교차로 - 교차로안,사륜오토바이(ATV),남,82세,중상,승용,남,71세,상해없음
2020101100100134,2020년 10월 11일 11시,일요일,충청남도 서천군 판교면,경상사고,0,0,1,0,차량단독 - 전도전복 - 전도,안전운전불이행,건조,맑음,단일로 - 기타,이륜,남,35세,경상,,,,
2020101100100135,2020년 10월 11일 11시,일요일,충청남도 천안시 동남구 광덕면,경상사고,0,0,1,0,차대차 - 기타,직진우회전진행방해,건조,맑음,교차로 - 교차로안,승용,남,60세,상해없음,승용,남,35세,경상
2020101100100162,2020년 10월 11일 12시,일요일,충청남도 서산시 음암면,중상사고,0,1,2,0,차대차 - 측면충돌,과속,건조,맑음,단일로 - 기타,승용,남,38세,상해없음,특수,남,49세,경상
2020101100100186,2020년 10월 11일 13시,일요일,충청남도 당진시 석문면,경상사고,0,0,1,0,차대차 - 측면충돌,교차로운행방법위반,건조,맑음,단일로 - 기타,승용,남,45세,상해없음,이륜,남,50세,경상
2020101100100187,2020년 10월 11일 13시,일요일,충청남도 당진시 신평면,경상사고,0,0,3,0,차대차 - 추돌,안전운전불이행,건조,맑음,단일로 - 기타,화물,남,54세,상해없음,승용,남,38세,경상
2020101100100217,2020년 10월 11일 14시,일요일,충청남도 보령시 신흑동,경상사고,0,0,1,0,차대차 - 측면충돌,안전운전불이행,건조,맑음,단일로 - 기타,승용,여,21세,상해없음,승용,남,30세,경상
2020101100100218,2020년 10월 11일 14시,일요일,충청남도 태안군 안면읍,경상사고,0,0,1,0,차대차 - 측면충돌,안전운전불이행,건조,맑음,교차로 - 교차로안,승용,여,59세,상해없음,승용,여,21세,경상
2020101100100293,2020년 10월 11일 16시,일요일,충청남도 태안군 태안읍,경상사고,0,0,3,0,차대차 - 추돌,안전운전불이행,건조,맑음,교차로 - 교차로부근,승용,여,61세,상해없음,승용,여,49세,경상
2020101100100349,2020년 10월 11일 18시,일요일,충청남도 천안시 서북구 성정동,경상사고,0,0,2,0,차대차 - 측면충돌,교차로운행방법위반,건조,맑음,교차로 - 교차로안,승용,남,60세,상해없음,승용,여,59세,경상
2020101100100350,2020년 10월 11일 18시,일요일,충청남도 아산시 둔포면,경상사고,0,0,1,0,차대차 - 기타,안전운전불이행,건조,맑음,단일로 - 기타,승용,남,42세,기타불명,승용,여,25세,경상
2020101100100351,2020년 10월 11일 18시,일요일,충청남도 보령시 대천동,중상사고,0,1,0,0,차대차 - 측면충돌,안전운전불이행,건조,맑음,교차로 - 교차로안,승용,남,48세,상해없음,이륜,남,22세,중상
2020101100100387,2020년 10월 11일 19시,일요일,충청남도 천안시 서북구 불당동,경상사고,0,0,1,0,차대차 - 기타,중앙선침범,건조,맑음,교차로 - 교차로부근,승용,여,37세,상해없음,이륜,남,54세,경상
2020101100100388,2020년 10월 11일 19시,일요일,충청남도 천안시 서북구 성정동,경상사고,0,0,1,0,차대사람 - 기타,안전운전불이행,건조,맑음,교차로 - 교차로안,승용,남,22세,상해없음,보행자,남,30세,경상
2020101100100389,2020년 10월 11일 19시,일요일,충청남도 보령시 신흑동,경상사고,0,0,1,0,차대차 - 측면충돌,안전운전불이행,건조,맑음,단일로 - 기타,승용,여,23세,상해없음,이륜,남,23세,경상
2020101100100390,2020년 10월 11일 19시,일요일,충청남도 당진시 송악읍,경상사고,0,0,1,0,차대차 - 추돌,안전운전불이행,건조,맑음,단일로 - 기타,승용,여,60세,상해없음,승용,여,34세,경상
2020101100100391,2020년 10월 11일 19시,일요일,충청남도 당진시 읍내리,중상사고,0,1,0,0,차대차 - 정면충돌,교차로운행방법위반,건조,맑음,교차로 - 교차로안,승용,여,54세,상해없음,이륜,남,37세,중상
2020101200100023,2020년 10월 12일 02시,월요일,충청남도 서산시 동문동,부상신고사고,0,0,0,1,차대사람 - 기타,안전운전불이행,건조,맑음,단일로 - 기타,승용,여,54세,상해없음,보행자,남,63세,부상신고
2020101200100030,2020년 10월 12일 04시,월요일,충청남도 예산군 덕산면,중상사고,0,1,1,0,차대차 - 측면충돌,직진우회전진행방해,건조,맑음,교차로 - 교차로안,승용,남,78세,상해없음,화물,남,78세,중상
2020101200100042,2020년 10월 12일 05시,월요일,충청남도 아산시 탕정면,사망사고,1,0,0,0,차대차 - 측면충돌,안전운전불이행,건조,흐림,교차로 - 교차로부근,자전거,남,52세,사망,승용,남,49세,상해없음
2020101200100051,2020년 10월 12일 06시,월요일,충청남도 천안시 동남구 봉명동,경상사고,0,0,1,0,차대사람 - 횡단중,보행자보호의무위반,젖음/습기,맑음,단일로 - 기타,승합,남,46세,상해없음,보행자,여,61세,경상
2020101200100052,2020년 10월 12일 06시,월요일,충청남도 천안시 동남구 신부동,경상사고,0,0,2,0,차대차 - 측면충돌,안전거리미확보,건조,맑음,단일로 - 기타,승용,여,36세,상해없음,승용,여,37세,경상
2020101200100112,2020년 10월 12일 08시,월요일,충청남도 천안시 동남구 목천읍,경상사고,0,0,2,1,차대차 - 추돌,안전운전불이행,건조,맑음,단일로 - 기타,승용,여,27세,부상신고,승용,여,36세,경상
2020101200100158,2020년 10월 12일 09시,월요일,충청남도 홍성군 광천읍,경상사고,0,0,1,0,차대차 - 측면충돌,불법유턴,건조,맑음,단일로 - 기타,이륜,남,92세,경상,승용,여,72세,상해없음
2020101200100159,2020년 10월 12일 09시,월요일,충청남도 아산시 모종동,경상사고,0,0,2,0,차대차 - 측면충돌,안전운전불이행,건조,맑음,교차로 - 교차로안,승용,남,63세,상해없음,승용,남,36세,경상
2020101200100198,2020년 10월 12일 10시,월요일,충청남도 아산시 둔포면,중상사고,0,1,0,0,차대차 - 기타,직진우회전진행방해,건조,맑음,단일로 - 기타,승용,남,36세,상해없음,이륜,남,27세,중상
2020101200100270,2020년 10월 12일 12시,월요일,충청남도 아산시 풍기동,중상사고,0,1,0,0,차대차 - 기타,안전운전불이행,건조,맑음,교차로 - 교차로부근,승용,남,57세,상해없음,이륜,남,37세,중상
2020101200100303,2020년 10월 12일 13시,월요일,충청남도 아산시 온천동,경상사고,0,0,1,0,차대사람 - 기타,기타,건조,맑음,교차로 - 교차로부근,승용,여,67세,상해없음,보행자,남,50세,경상
2020101200100340,2020년 10월 12일 14시,월요일,충청남도 천안시 서북구 쌍용동,중상사고,0,1,0,0,차대차 - 추돌,안전운전불이행,건조,맑음,단일로 - 기타,승합,남,59세,상해없음,화물,남,65세,중상
2020101200100437,2020년 10월 12일 16시,월요일,충청남도 아산시 초사동,경상사고,0,0,1,1,차대차 - 추돌,안전운전불이행,건조,맑음,단일로 - 기타,화물,남,55세,부상신고,화물,남,39세,경상
2020101200100438,2020년 10월 12일 16시,월요일,충청남도 부여군 홍산면,경상사고,0,0,1,0,차대사람 - 차도통행중,안전운전불이행,건조,맑음,단일로 - 기타,승용,여,61세,상해없음,보행자,남,14세,경상
2020101200100488,2020년 10월 12일 17시,월요일,충청남도 예산군 삽교읍,경상사고,0,0,2,0,차대차 - 추돌,안전거리미확보,건조,맑음,교차로 - 교차로부근,화물,남,44세,상해없음,화물,남,62세,경상
2020101200100489,2020년 10월 12일 17시,월요일,충청남도 천안시 동남구 원성동,중상사고,0,1,0,0,차대차 - 추돌,안전운전불이행,건조,맑음,교차로 - 교차로안,화물,남,37세,상해없음,승용,여,29세,중상
2020101200100605,2020년 10월 12일 19시,월요일,충청남도 계룡시 두마면,사망사고,1,0,0,0,차대사람 - 횡단중,과속,건조,맑음,교차로 - 교차로부근,화물,남,61세,상해없음,보행자,남,67세,사망
2020101200100638,2020년 10월 12일 20시,월요일,충청남도 예산군 덕산면,경상사고,0,0,1,0,차대차 - 추돌,안전거리미확보,건조,맑음,단일로 - 기타,화물,남,40세,상해없음,농기계,남,39세,경상
2020101200100639,2020년 10월 12일 20시,월요일,충청남도 당진시 채운동,경상사고,0,0,2,0,차대차 - 측면충돌,교차로운행방법위반,건조,맑음,교차로 - 교차로안,승용,남,58세,상해없음,승용,여,47세,경상
2020101200100640,2020년 10월 12일 20시,월요일,충청남도 천안시 동남구 신부동,부상신고사고,0,0,0,1,차대차 - 측면충돌,안전운전불이행,건조,맑음,단일로 - 기타,승용,남,23세,상해없음,승용,남,22세,부상신고
2020101200100665,2020년 10월 12일 21시,월요일,충청남도 보령시 동대동,경상사고,0,0,1,0,차대사람 - 횡단중,보행자보호의무위반,건조,맑음,단일로 - 기타,승용,남,40세,상해없음,보행자,남,50세,경상
2020101200100690,2020년 10월 12일 23시,월요일,충청남도 서천군 서면,중상사고,0,1,0,0,차량단독 - 공작물충돌,안전운전불이행,건조,맑음,교차로 - 교차로부근,승용,남,35세,중상,,,,
2020101300100002,2020년 10월 13일 00시,화요일,충청남도 천안시 서북구 두정동,경상사고,0,0,2,0,차대차 - 측면충돌,신호위반,건조,맑음,교차로 - 교차로안,이륜,남,23세,경상,승용,여,23세,경상
2020101300100003,2020년 10월 13일 00시,화요일,충청남도 논산시 내동,경상사고,0,0,1,0,차대차 - 추돌,안전운전불이행,건조,맑음,교차로 - 교차로부근,이륜,남,24세,경상,화물,남,54세,기타불명
2020101300100038,2020년 10월 13일 06시,화요일,충청남도 천안시 동남구 청당동,경상사고,0,0,1,0,차대사람 - 기타,안전운전불이행,건조,맑음,교차로 - 교차로부근,기타불명,기타불명,미분류,기타불명,보행자,여,21세,경상
2020101300100095,2020년 10월 13일 08시,화요일,충청남도 아산시 탕정면,중상사고,0,2,0,0,차대차 - 기타,안전운전불이행,건조,맑음,단일로 - 기타,화물,남,62세,상해없음,승용,여,46세,중상
2020101300100096,2020년 10월 13일 08시,화요일,충청남도 예산군 삽교읍,중상사고,0,1,1,0,차대차 - 측면충돌,안전운전불이행,건조,맑음,단일로 - 기타,특수,남,41세,상해없음,특수,기타불명,미분류,기타불명
2020101300100097,2020년 10월 13일 08시,화요일,충청남도 당진시 합덕읍,경상사고,0,0,1,0,차대차 - 정면충돌,기타,건조,맑음,교차로 - 교차로안,화물,남,21세,상해없음,승용,남,36세,경상
2020101300100211,2020년 10월 13일 11시,화요일,충청남도 천안시 동남구 목천읍,경상사고,0,0,3,0,차대차 - 기타,안전운전불이행,건조,맑음,단일로 - 기타,이륜,남,79세,경상,승용,남,40세,경상
2020101300100242,2020년 10월 13일 12시,화요일,충청남도 예산군 광시면,중상사고,0,1,0,0,차대차 - 측면충돌,중앙선침범,건조,맑음,단일로 - 기타,화물,남,55세,상해없음,이륜,남,67세,중상
2020101300100286,2020년 10월 13일 13시,화요일,충청남도 천안시 서북구 업성동,경상사고,0,0,1,0,차대차 - 추돌,안전운전불이행,건조,맑음,교차로 - 교차로부근,승용,여,47세,상해없음,승용,남,22세,경상
2020101300100287,2020년 10월 13일 13시,화요일,충청남도 아산시 둔포면,중상사고,0,1,0,0,차대사람 - 기타,안전운전불이행,건조,맑음,교차로 - 교차로안,승용,여,23세,상해없음,보행자,여,80세,중상
2020101300100356,2020년 10월 13일 15시,화요일,충청남도 홍성군 광천읍,경상사고,0,0,1,0,차대사람 - 기타,안전운전불이행,건조,맑음,단일로 - 기타,화물,남,55세,상해없음,보행자,여,57세,경상
2020101300100357,2020년 10월 13일 15시,화요일,충청남도 공주시 산성동,부상신고사고,0,0,0,1,차대차 - 추돌,안전운전불이행,건조,맑음,단일로 - 기타,자전거,남,35세,부상신고,승용,남,59세,상해없음
2020101300100396,2020년 10월 13일 16시,화요일,충청남도 보령시 천북면,중상사고,0,1,0,0,차대차 - 후진중충돌,안전운전불이행,건조,맑음,단일로 - 기타,화물,남,62세,상해없음,승용,여,39세,중상
2020101300100397,2020년 10월 13일 16시,화요일,충청남도 청양군 목면,경상사고,0,0,1,0,차대차 - 후진중충돌,안전운전불이행,건조,맑음,기타 - 기타,이륜,여,70세,경상,승용,남,54세,상해없음
2020101300100441,2020년 10월 13일 17시,화요일,충청남도 아산시 풍기동,경상사고,0,0,1,0,차대차 - 기타,안전거리미확보,건조,맑음,단일로 - 기타,승용,남,65세,상해없음,승용,남,62세,경상
2020101300100503,2020년 10월 13일 18시,화요일,충청남도 천안시 서북구 쌍용동,경상사고,0,0,1,0,차대차 - 측면충돌,신호위반,건조,맑음,교차로 - 교차로안,승합,남,57세,상해없음,이륜,남,37세,경상
2020101300100504,2020년 10월 13일 18시,화요일,충청남도 당진시 합덕읍,경상사고,0,0,1,0,차대차 - 기타,안전운전불이행,건조,맑음,기타 - 기타,화물,남,49세,상해없음,승용,남,58세,경상
2020101300100505,2020년 10월 13일 18시,화요일,충청남도 천안시 동남구 성황동,경상사고,0,0,1,0,차대차 - 추돌,안전운전불이행,건조,맑음,교차로 - 교차로안,화물,남,62세,상해없음,승용,여,27세,경상
2020101300100560,2020년 10월 13일 19시,화요일,충청남도 천안시 서북구 쌍용동,경상사고,0,0,1,0,차대차 - 측면충돌,중앙선침범,건조,맑음,단일로 - 기타,승용,여,47세,상해없음,이륜,남,21세,경상
2020101300100561,2020년 10월 13일 19시,화요일,충청남도 홍성군 홍성읍,중상사고,0,1,0,0,차대차 - 측면충돌,안전운전불이행,건조,맑음,단일로 - 기타,승용,여,39세,상해없음,자전거,남,57세,중상
2020101300100562,2020년 10월 13일 19시,화요일,충청남도 공주시 반포면,사망사고,1,0,0,0,차대차 - 기타,신호위반,건조,맑음,교차로 - 교차로부근,이륜,남,71세,사망,승용,남,57세,상해없음
2020101300100616,2020년 10월 13일 21시,화요일,충청남도 천안시 서북구 두정동,경상사고,0,0,2,0,차대차 - 측면충돌,안전운전불이행,건조,맑음,교차로 - 교차로부근,승용,남,52세,상해없음,승용,남,26세,경상
2020101400100046,2020년 10월 14일 05시,수요일,충청남도 서산시 지곡면,경상사고,0,0,1,0,차대차 - 추돌,안전거리미확보,건조,맑음,단일로 - 기타,승용,여,51세,상해없음,승용,여,53세,경상
2020101400100076,2020년 10월 14일 07시,수요일,충청남도 서산시 대산읍,중상사고,0,1,0,0,차대차 - 정면충돌,신호위반,젖음/습기,비,교차로 - 교차로안,승용,남,24세,상해없음,건설기계,남,60세,중상
2020101400100108,2020년 10월 14일 08시,수요일,충청남도 천안시 서북구 쌍용동,경상사고,0,0,1,0,차대차 - 측면충돌,안전운전불이행,건조,맑음,교차로 - 교차로부근,화물,남,53세,상해없음,승용,여,54세,경상
2020101400100109,2020년 10월 14일 08시,수요일,충청남도 서천군 서천읍,경상사고,0,0,2,0,차대차 - 기타,중앙선침범,건조,맑음,단일로 - 기타,화물,남,66세,상해없음,승용,남,70세,경상
2020101400100110,2020년 10월 14일 08시,수요일,충청남도 공주시 신풍면,중상사고,0,2,0,0,차대차 - 정면충돌,중앙선침범,건조,맑음,단일로 - 기타,승용,남,58세,중상,화물,남,59세,중상
2020101400100171,2020년 10월 14일 10시,수요일,충청남도 서천군 종천면,중상사고,0,2,0,0,차대차 - 기타,직진우회전진행방해,건조,맑음,교차로 - 교차로부근,화물,남,59세,상해없음,승용,남,74세,상해없음
2020101400100172,2020년 10월 14일 10시,수요일,충청남도 보령시 대천동,중상사고,0,1,0,0,차대차 - 추돌,안전운전불이행,건조,맑음,교차로 - 교차로부근,승용,남,54세,상해없음,이륜,남,75세,중상
2020101400100173,2020년 10월 14일 10시,수요일,충청남도 공주시 신관동,경상사고,0,0,1,0,차대차 - 측면충돌,안전운전불이행,건조,맑음,교차로 - 교차로안,승용,남,32세,상해없음,승용,남,55세,경상
2020101400100205,2020년 10월 14일 11시,수요일,충청남도 서산시 잠홍동,경상사고,0,0,1,0,차대차 - 측면충돌,안전운전불이행,건조,맑음,기타 - 기타,승용,남,70세,상해없음,승용,여,28세,경상
2020101400100206,2020년 10월 14일 11시,수요일,충청남도 천안시 서북구 쌍용동,경상사고,0,0,1,0,차대차 - 측면충돌,신호위반,건조,맑음,교차로 - 교차로안,승용,남,23세,상해없음,승용,남,30세,경상
2020101400100207,2020년 10월 14일 11시,수요일,충청남도 홍성군 광천읍,경상사고,0,0,1,0,차대차 - 추돌,안전운전불이행,건조,맑음,단일로 - 기타,화물,남,47세,상해없음,승용,남,68세,경상
2020101400100243,2020년 10월 14일 12시,수요일,충청남도 천안시 서북구 쌍용동,경상사고,0,0,1,0,차대차 - 측면충돌,교차로운행방법위반,건조,맑음,교차로 - 교차로안,승용,남,76세,상해없음,승용,여,38세,경상
2020101400100278,2020년 10월 14일 13시,수요일,충청남도 공주시 신관동,경상사고,0,0,1,0,차대차 - 측면충돌,안전운전불이행,건조,맑음,교차로 - 교차로안,승용,남,49세,상해없음,승합,남,38세,경상
2020101400100279,2020년 10월 14일 13시,수요일,충청남도 천안시 동남구 원성동,경상사고,0,0,2,0,차대차 - 측면충돌,교차로운행방법위반,건조,맑음,교차로 - 교차로안,건설기계,남,36세,상해없음,승용,남,58세,경상
2020101400100307,2020년 10월 14일 14시,수요일,충청남도 부여군 구룡면,중상사고,0,1,0,0,차량단독 - 공작물충돌,안전운전불이행,건조,맑음,단일로 - 기타,화물,남,59세,중상,,,,
2020101400100308,2020년 10월 14일 14시,수요일,충청남도 천안시 동남구 봉명동,경상사고,0,0,2,0,차대차 - 추돌,안전운전불이행,건조,맑음,교차로 - 교차로부근,승용,남,24세,상해없음,승용,남,40세,경상
2020101400100336,2020년 10월 14일 15시,수요일,충청남도 논산시 광석면,경상사고,0,0,1,0,차대차 - 측면충돌,직진우회전진행방해,건조,맑음,교차로 - 교차로안,이륜,남,84세,경상,화물,남,59세,상해없음
2020101400100337,2020년 10월 14일 15시,수요일,충청남도 홍성군 금마면,중상사고,0,1,0,0,차대차 - 추돌,안전운전불이행,건조,맑음,교차로 - 교차로부근,화물,남,32세,상해없음,승용,여,42세,중상
2020101400100379,2020년 10월 14일 16시,수요일,충청남도 아산시 용화동,경상사고,0,0,1,0,차대차 - 기타,신호위반,건조,맑음,교차로 - 교차로안,승용,남,66세,상해없음,화물,남,34세,경상
2020101400100380,2020년 10월 14일 16시,수요일,충청남도 당진시 송악읍,경상사고,0,0,1,0,차대차 - 측면충돌,차로위반,건조,맑음,단일로 - 기타,화물,남,47세,상해없음,승용,여,70세,경상