사고번호,사고일시,요일,시군구,사고내용,사망자수,중상자수,경상자수,부상신고자수,사고유형,법규위반,노면상태,기상상태,도로형태,가해운전자 차종,가해운전자 성별,가해운전자 연령,가해운전자 상해정도,피해운전자 차종,피해운전자 성별,피해운전자 연령,피해운전자 상해정도
2020102500100237,2020년 10월 25일 13시,일요일,충청남도 천안시 서북구 쌍용동,경상사고,0,0,1,0,차대차 - 측면충돌,직진우회전진행방해,건조,맑음,교차로 - 교차로안,승용,여,27세,상해없음,승용,여,33세,경상
2020102500100238,2020년 10월 25일 13시,일요일,충청남도 논산시 취암동,경상사고,0,0,1,0,차대사람 - 차도통행중,안전운전불이행,건조,맑음,단일로 - 기타,승용,남,59세,상해없음,보행자,남,37세,경상
2020102500100239,2020년 10월 25일 13시,일요일,충청남도 공주시 금성동,경상사고,0,0,1,0,차대사람 - 횡단중,보행자보호의무위반,건조,맑음,교차로 - 교차로횡단보도내,승용,여,22세,상해없음,보행자,남,24세,경상
2020102500100269,2020년 10월 25일 14시,일요일,충청남도 천안시 서북구 성환읍,중상사고,0,1,0,0,차대차 - 기타,기타,건조,맑음,단일로 - 기타,화물,남,54세,상해없음,이륜,남,81세,중상
2020102500100301,2020년 10월 25일 15시,일요일,충청남도 보령시 미산면,중상사고,0,1,1,0,차대차 - 측면충돌,신호위반,건조,맑음,단일로 - 기타,농기계,남,81세,중상,승용,여,49세,경상
2020102500100343,2020년 10월 25일 16시,일요일,충청남도 홍성군 갈산면,경상사고,0,0,2,0,차대차 - 추돌,안전운전불이행,건조,맑음,교차로 - 교차로안,화물,남,43세,상해없음,승용,여,50세,경상
2020102500100344,2020년 10월 25일 16시,일요일,충청남도 천안시 동남구 목천읍,경상사고,0,0,3,0,차대차 - 측면충돌,안전운전불이행,건조,맑음,기타 - 기타,승용,남,24세,상해없음,승용,여,42세,경상
2020102500100430,2020년 10월 25일 18시,일요일,충청남도 천안시 서북구 두정동,경상사고,0,0,1,0,차대차 - 측면충돌,신호위반,건조,맑음,교차로 - 교차로안,승용,남,57세,상해없음,이륜,남,34세,경상
2020102500100431,2020년 10월 25일 18시,일요일,충청남도 천안시 서북구 성정동,경상사고,0,0,1,0,차대차 - 기타,교차로운행방법위반,건조,맑음,교차로 - 교차로안,승용,남,61세,상해없음,이륜,남,26세,경상
2020102500100432,2020년 10월 25일 18시,일요일,충청남도 태안군 근흥면,중상사고,0,1,0,0,차대차 - 측면충돌,중앙선침범,건조,맑음,단일로 - 기타,화물,남,66세,상해없음,승합,여,59세,중상
2020102500100486,2020년 10월 25일 19시,일요일,충청남도 천안시 서북구 두정동,경상사고,0,0,1,0,차대차 - 측면충돌,안전운전불이행,건조,맑음,단일로 - 기타,이륜,남,51세,상해없음,이륜,남,49세,경상
2020102500100487,2020년 10월 25일 19시,일요일,충청남도 청양군 청양읍,경상사고,0,0,9,0,차대차 - 추돌,안전운전불이행,건조,맑음,교차로 - 교차로부근,승용,남,47세,경상,승용,남,28세,경상
2020102500100544,2020년 10월 25일 21시,일요일,충청남도 공주시 상왕동,사망사고,1,0,0,0,차량단독 - 공작물충돌,안전운전불이행,건조,맑음,단일로 - 기타,승용,남,57세,사망,,,,
2020102600100032,2020년 10월 26일 05시,월요일,충청남도 천안시 서북구 성정동,경상사고,0,0,1,0,차대사람 - 기타,안전운전불이행,건조,맑음,교차로 - 교차로부근,승용,남,62세,상해없음,보행자,남,29세,경상
2020102600100033,2020년 10월 26일 05시,월요일,충청남도 당진시 신평면,경상사고,0,0,1,0,차대차 - 기타,안전운전불이행,건조,맑음,단일로 - 기타,승용,여,32세,상해없음,화물,남,82세,경상
2020102600100072,2020년 10월 26일 07시,월요일,충청남도 천안시 서북구 백석동,경상사고,0,0,1,0,차대차 - 측면충돌,안전운전불이행,건조,맑음,교차로 - 교차로안,승용,남,38세,상해없음,승용,여,48세,경상
2020102600100073,2020년 10월 26일 07시,월요일,충청남도 천안시 동남구 대흥동,경상사고,0,0,1,0,차대차 - 추돌,안전거리미확보,건조,맑음,단일로 - 기타,승용,남,23세,상해없음,화물,남,57세,경상
2020102600100175,2020년 10월 26일 09시,월요일,충청남도 아산시 송악면,경상사고,0,0,1,0,차대차 - 기타,안전운전불이행,건조,맑음,단일로 - 기타,승용,남,50세,상해없음,자전거,남,77세,경상
2020102600100211,2020년 10월 26일 10시,월요일,충청남도 서천군 화양면,중상사고,0,3,1,0,차대차 - 측면충돌,안전운전불이행,건조,맑음,단일로 - 기타,승용,남,66세,중상,화물,남,55세,경상
2020102600100212,2020년 10월 26일 10시,월요일,충청남도 천안시 동남구 목천읍,경상사고,0,0,1,0,차대차 - 측면충돌,안전운전불이행,건조,맑음,교차로 - 교차로안,승용,여,38세,경상,특수,남,60세,상해없음
2020102600100255,2020년 10월 26일 11시,월요일,충청남도 서산시 예천동,경상사고,0,0,1,0,차대사람 - 횡단중,안전운전불이행,건조,맑음,단일로 - 기타,승용,여,68세,상해없음,보행자,여,39세,경상
2020102600100256,2020년 10월 26일 11시,월요일,충청남도 공주시 이인면,사망사고,1,0,2,0,차대차 - 추돌,안전운전불이행,건조,맑음,단일로 - 기타,화물,남,53세,사망,화물,남,39세,경상
2020102600100299,2020년 10월 26일 12시,월요일,충청남도 천안시 서북구 성정동,경상사고,0,0,1,0,차대차 - 측면충돌,교차로운행방법위반,건조,맑음,교차로 - 교차로안,화물,남,22세,상해없음,화물,남,24세,경상
2020102600100300,2020년 10월 26일 12시,월요일,충청남도 천안시 동남구 다가동,경상사고,0,0,1,0,차대차 - 측면충돌,안전운전불이행,건조,맑음,단일로 - 기타,승용,남,35세,상해없음,자전거,여,70세,경상
2020102600100367,2020년 10월 26일 14시,월요일,충청남도 천안시 서북구 입장면,경상사고,0,0,2,0,차대차 - 추돌,안전운전불이행,건조,맑음,단일로 - 기타,화물,남,54세,상해없음,화물,남,74세,경상
2020102600100368,2020년 10월 26일 14시,월요일,충청남도 보령시 명천동,경상사고,0,0,1,0,차대차 - 기타,안전운전불이행,건조,맑음,교차로 - 교차로안,승용,남,58세,상해없음,승합,남,59세,경상
2020102600100369,2020년 10월 26일 14시,월요일,충청남도 부여군 규암면,중상사고,0,1,0,0,차대차 - 측면충돌,교차로운행방법위반,건조,맑음,교차로 - 교차로안,화물,남,53세,상해없음,이륜,여,58세,중상
2020102600100403,2020년 10월 26일 15시,월요일,충청남도 천안시 동남구 봉명동,경상사고,0,0,2,0,차대차 - 추돌,안전운전불이행,건조,맑음,단일로 - 기타,승용,남,64세,상해없음,승용,남,43세,경상
2020102600100441,2020년 10월 26일 16시,월요일,충청남도 서산시 고북면,중상사고,0,2,0,0,차대차 - 측면충돌,교차로운행방법위반,건조,맑음,교차로 - 교차로안,승용,남,41세,상해없음,이륜,남,79세,중상
2020102600100442,2020년 10월 26일 16시,월요일,충청남도 아산시 신창면,경상사고,0,0,1,0,차대차 - 기타,안전운전불이행,건조,맑음,교차로 - 교차로안,승용,남,33세,상해없음,승용,여,51세,경상
2020102600100443,2020년 10월 26일 16시,월요일,충청남도 아산시 배방읍,경상사고,0,0,1,0,차대차 - 기타,안전운전불이행,건조,맑음,교차로 - 교차로안,승용,여,46세,상해없음,승용,남,32세,경상
2020102600100444,2020년 10월 26일 16시,월요일,충청남도 공주시 유구읍,중상사고,0,1,2,0,차대차 - 측면충돌,중앙선침범,건조,맑음,단일로 - 기타,이륜,남,76세,중상,승용,남,38세,경상
2020102600100445,2020년 10월 26일 16시,월요일,충청남도 천안시 동남구 원성동,경상사고,0,0,1,0,차대차 - 측면충돌,안전운전불이행,건조,맑음,교차로 - 교차로안,승용,남,22세,상해없음,승용,여,36세,경상
2020102600100446,2020년 10월 26일 16시,월요일,충청남도 천안시 동남구 청수동,경상사고,0,0,1,0,차대차 - 기타,안전운전불이행,건조,맑음,교차로 - 교차로안,화물,남,78세,상해없음,승용,여,61세,경상
2020102600100493,2020년 10월 26일 17시,월요일,충청남도 천안시 서북구 불당동,경상사고,0,0,1,0,차대차 - 측면충돌,안전운전불이행,건조,맑음,단일로 - 기타,승용,여,26세,상해없음,승용,남,48세,경상
2020102600100494,2020년 10월 26일 17시,월요일,충청남도 아산시 도고면,경상사고,0,0,2,0,차대차 - 정면충돌,중앙선침범,건조,맑음,교차로 - 교차로안,화물,남,55세,상해없음,승용,남,60세,경상
2020102600100495,2020년 10월 26일 17시,월요일,충청남도 아산시 온천동,경상사고,0,0,1,0,차대차 - 기타,교차로운행방법위반,건조,맑음,교차로 - 교차로안,승용,남,36세,상해없음,승용,여,23세,경상
2020102600100554,2020년 10월 26일 18시,월요일,충청남도 서산시 예천동,경상사고,0,0,1,0,차대사람 - 기타,안전운전불이행,건조,맑음,기타 - 기타,승용,남,61세,상해없음,보행자,남,59세,경상
2020102600100555,2020년 10월 26일 18시,월요일,충청남도 천안시 서북구 불당동,경상사고,0,0,2,0,차대차 - 측면충돌,교차로운행방법위반,건조,맑음,교차로 - 교차로안,승용,남,22세,경상,이륜,남,35세,경상
2020102600100556,2020년 10월 26일 18시,월요일,충청남도 천안시 서북구 성정동,경상사고,0,0,1,1,차대차 - 측면충돌,직진우회전진행방해,건조,맑음,교차로 - 교차로안,승용,남,41세,상해없음,승용,남,24세,경상
2020102600100557,2020년 10월 26일 18시,월요일,충청남도 예산군 예산읍,경상사고,0,0,1,0,차대차 - 측면충돌,안전거리미확보,건조,맑음,단일로 - 지하차도(도로)내,승합,남,34세,상해없음,승용,남,30세,경상
2020102600100607,2020년 10월 26일 19시,월요일,충청남도 논산시 부창동,경상사고,0,0,2,0,차대차 - 측면충돌,직진우회전진행방해,건조,맑음,교차로 - 교차로안,승용,남,28세,상해없음,이륜,여,34세,경상
2020102600100643,2020년 10월 26일 20시,월요일,충청남도 천안시 동남구 안서동,중상사고,0,1,0,0,차대차 - 측면충돌,직진우회전진행방해,건조,맑음,교차로 - 교차로안,화물,남,67세,상해없음,이륜,남,43세,중상
2020102600100664,2020년 10월 26일 21시,월요일,충청남도 서산시 동문동,경상사고,0,0,2,0,차대차 - 측면충돌,신호위반,건조,맑음,교차로 - 교차로안,승용,남,52세,상해없음,승용,남,61세,경상
2020102600100665,2020년 10월 26일 21시,월요일,충청남도 천안시 서북구 성정동,경상사고,0,0,1,0,차대차 - 측면충돌,안전운전불이행,건조,맑음,교차로 - 교차로안,승용,남,40세,상해없음,이륜,남,24세,경상
2020102700100020,2020년 10월 27일 01시,화요일,충청남도 천안시 서북구 성정동,부상신고사고,0,0,0,1,차대차 - 후진중충돌,안전운전불이행,건조,맑음,교차로 - 교차로안,승용,남,24세,상해없음,이륜,남,17세,부상신고
2020102700100061,2020년 10월 27일 06시,화요일,충청남도 천안시 동남구 신방동,경상사고,0,0,1,0,차대차 - 기타,안전운전불이행,건조,맑음,단일로 - 기타,승용,여,52세,상해없음,승용,여,43세,경상
2020102700100082,2020년 10월 27일 07시,화요일,충청남도 당진시 시곡리,경상사고,0,0,2,0,차대차 - 기타,안전거리미확보,건조,맑음,교차로 - 교차로안,승용,남,78세,상해없음,승용,남,80세,경상
2020102700100112,2020년 10월 27일 08시,화요일,충청남도 홍성군 홍성읍,중상사고,0,1,0,0,차대사람 - 기타,안전운전불이행,건조,맑음,단일로 - 기타,화물,여,55세,상해없음,보행자,여,70세,중상
2020102700100113,2020년 10월 27일 08시,화요일,충청남도 예산군 삽교읍,경상사고,0,0,1,0,차대차 - 측면충돌,직진우회전진행방해,건조,맑음,교차로 - 교차로안,승용,남,33세,기타불명,승용,남,61세,경상
2020102700100147,2020년 10월 27일 09시,화요일,충청남도 천안시 서북구 입장면,경상사고,0,0,1,0,차대차 - 측면충돌,과속,건조,맑음,단일로 - 기타,승용,남,25세,상해없음,승용,여,69세,경상
2020102700100148,2020년 10월 27일 09시,화요일,충청남도 공주시 산성동,경상사고,0,0,1,0,차량단독 - 기타,기타,건조,맑음,단일로 - 기타,승합,남,60세,상해없음,,,,
2020102700100189,2020년 10월 27일 10시,화요일,충청남도 천안시 서북구 직산읍,경상사고,0,0,3,0,차대차 - 추돌,안전운전불이행,건조,맑음,단일로 - 기타,승용,남,63세,상해없음,승용,남,56세,경상
2020102700100190,2020년 10월 27일 10시,화요일,충청남도 보령시 주교면,경상사고,0,0,1,0,차대차 - 기타,안전운전불이행,건조,맑음,단일로 - 기타,화물,남,76세,상해없음,승용,여,55세,경상
2020102700100225,2020년 10월 27일 11시,화요일,충청남도 청양군 청양읍,중상사고,0,2,0,0,차대차 - 측면충돌,직진우회전진행방해,건조,맑음,교차로 - 교차로안,승용,남,60세,기타불명,승용,남,71세,중상
2020102700100226,2020년 10월 27일 11시,화요일,충청남도 청양군 청남면,사망사고,1,0,1,0,차대차 - 측면충돌,신호위반,건조,맑음,교차로 - 교차로안,승용,여,33세,경상,원동기,남,72세,사망
2020102700100227,2020년 10월 27일 11시,화요일,충청남도 천안시 동남구 신부동,경상사고,0,0,1,0,차대차 - 추돌,안전거리미확보,건조,맑음,교차로 - 교차로부근,화물,남,54세,상해없음,승용,여,43세,경상
2020102700100253,2020년 10월 27일 12시,화요일,충청남도 태안군 남면,중상사고,0,1,0,0,차량단독 - 전도전복 - 전복,중앙선침범,건조,맑음,단일로 - 기타,건설기계,남,60세,중상,,,,
2020102700100295,2020년 10월 27일 13시,화요일,충청남도 서산시 고북면,중상사고,0,1,0,0,차대사람 - 기타,안전운전불이행,건조,맑음,주차장 - 주차장,건설기계,남,49세,상해없음,보행자,남,49세,중상
2020102700100296,2020년 10월 27일 13시,화요일,충청남도 천안시 동남구 신부동,경상사고,0,0,1,0,차대차 - 추돌,안전거리미확보,건조,맑음,단일로 - 기타,화물,남,53세,상해없음,승용,남,43세,경상
2020102700100330,2020년 10월 27일 14시,화요일,충청남도 천안시 동남구 북면,중상사고,0,1,1,0,차대차 - 기타,교차로운행방법위반,건조,맑음,교차로 - 교차로안,승용,여,56세,상해없음,화물,남,34세,경상
2020102700100368,2020년 10월 27일 15시,화요일,충청남도 천안시 동남구 병천면,중상사고,0,1,2,0,차대차 - 추돌,안전거리미확보,건조,맑음,교차로 - 교차로부근,화물,남,65세,중상,화물,남,42세,경상
2020102700100410,2020년 10월 27일 16시,화요일,충청남도 천안시 서북구 쌍용동,경상사고,0,0,1,0,차대차 - 측면충돌,안전거리미확보,건조,맑음,교차로 - 교차로횡단보도내,승용,남,33세,상해없음,이륜,남,42세,경상
2020102700100411,2020년 10월 27일 16시,화요일,충청남도 아산시 배방읍,경상사고,0,0,1,0,차대차 - 기타,안전운전불이행,건조,맑음,교차로 - 교차로부근,승용,여,40세,상해없음,이륜,남,64세,경상
2020102700100412,2020년 10월 27일 16시,화요일,충청남도 당진시 송악읍,경상사고,0,0,1,0,차대차 - 추돌,안전운전불이행,건조,맑음,단일로 - 기타,화물,남,48세,상해없음,승용,남,48세,경상
2020102700100413,2020년 10월 27일 16시,화요일,충청남도 청양군 운곡면,사망사고,1,0,0,0,차량단독 - 공작물충돌,안전운전불이행,건조,맑음,단일로 - 기타,화물,남,84세,사망,,,,
2020102700100458,2020년 10월 27일 17시,화요일,충청남도 청양군 청양읍,경상사고,0,0,2,0,차대차 - 측면충돌,직진우회전진행방해,건조,맑음,교차로 - 교차로안,승용,여,28세,경상,승용,여,50세,경상
2020102700100502,2020년 10월 27일 18시,화요일,충청남도 서산시 석림동,중상사고,0,1,0,0,차대사람 - 기타,안전운전불이행,건조,맑음,교차로 - 교차로안,승용,남,26세,상해없음,보행자,여,63세,중상
2020102700100504,2020년 10월 27일 18시,화요일,충청남도 공주시 우성면,중상사고,0,1,2,0,차대차 - 추돌,과속,건조,기타,단일로 - 기타,승용,남,60세,기타불명,농기계,남,44세,중상
2020102700100565,2020년 10월 27일 19시,화요일,충청남도 천안시 서북구 쌍용동,경상사고,0,0,1,0,차대차 - 측면충돌,안전운전불이행,건조,맑음,교차로 - 교차로부근,승용,남,64세,상해없음,이륜,남,24세,경상
2020102700100566,2020년 10월 27일 19시,화요일,충청남도 공주시 송선동,부상신고사고,0,0,0,1,차량단독 - 기타,안전운전불이행,건조,맑음,단일로 - 기타,원동기,남,55세,부상신고,,,,
2020102700100567,2020년 10월 27일 19시,화요일,충청남도 태안군 안면읍,부상신고사고,0,0,0,1,차대차 - 측면충돌,안전운전불이행,건조,맑음,교차로 - 교차로안,이륜,남,60세,부상신고,승용,여,37세,상해없음
2020102700100603,2020년 10월 27일 20시,화요일,충청남도 서산시 석남동,경상사고,0,0,1,0,차대차 - 측면충돌,신호위반,건조,맑음,교차로 - 교차로안,승용,여,63세,상해없음,승용,여,39세,경상
2020102700100604,2020년 10월 27일 20시,화요일,충청남도 홍성군 홍성읍,중상사고,0,1,0,0,차량단독 - 공작물충돌,안전운전불이행,건조,맑음,교차로 - 교차로부근,화물,남,42세,중상,,,,
2020102700100605,2020년 10월 27일 20시,화요일,충청남도 홍성군 홍동면,중상사고,0,1,0,0,차대사람 - 길가장자리구역통행중,안전운전불이행,기타,안개,단일로 - 기타,화물,남,51세,상해없음,보행자,여,56세,중상
2020102700100661,2020년 10월 27일 22시,화요일,충청남도 천안시 동남구 원성동,중상사고,0,1,0,0,차대사람 - 기타,안전운전불이행,건조,맑음,교차로 - 교차로안,승용,남,61세,상해없음,보행자,남,64세,중상
2020102800100087,2020년 10월 28일 07시,수요일,충청남도 천안시 서북구 직산읍,중상사고,0,1,1,0,차대차 - 측면충돌,안전운전불이행,건조,맑음,교차로 - 교차로안,승용,남,37세,상해없음,화물,남,53세,중상
2020102800100113,2020년 10월 28일 08시,수요일,충청남도 서천군 종천면,경상사고,0,0,2,0,차대차 - 추돌,안전운전불이행,건조,맑음,교차로 - 교차로안,승용,여,52세,상해없음,승용,여,38세,경상
2020102800100114,2020년 10월 28일 08시,수요일,충청남도 공주시 금성동,중상사고,0,2,0,0,차대차 - 측면충돌,신호위반,건조,맑음,교차로 - 교차로안,승용,남,55세,기타불명,승용,여,46세,중상
2020102800100195,2020년 10월 28일 10시,수요일,충청남도 서천군 장항읍,중상사고,0,1,0,0,차대차 - 측면충돌,기타,건조,맑음,교차로 - 교차로안,승용,여,65세,상해없음,자전거,남,82세,중상
2020102800100196,2020년 10월 28일 10시,수요일,충청남도 청양군 대치면,중상사고,0,3,0,0,차대차 - 측면충돌,신호위반,건조,맑음,교차로 - 교차로안,승용,남,75세,중상,승용,남,27세,중상
2020102800100233,2020년 10월 28일 11시,수요일,충청남도 서산시 고북면,중상사고,0,1,0,0,차대차 - 정면충돌,안전운전불이행,건조,맑음,교차로 - 교차로부근,승용,여,59세,상해없음,자전거,남,76세,중상
2020102800100234,2020년 10월 28일 11시,수요일,충청남도 홍성군 은하면,중상사고,0,1,0,0,차대차 - 후진중충돌,중앙선침범,건조,맑음,단일로 - 기타,화물,남,33세,상해없음,승용,남,44세,중상
2020102800100235,2020년 10월 28일 11시,수요일,충청남도 보령시 동대동,사망사고,1,0,0,0,차대차 - 측면충돌,기타,건조,맑음,단일로 - 기타,이륜,남,61세,사망,화물,남,49세,상해없음
2020102800100269,2020년 10월 28일 12시,수요일,충청남도 논산시 광석면,중상사고,0,1,0,0,차대차 - 추돌,안전운전불이행,건조,맑음,단일로 - 기타,화물,남,41세,상해없음,승용,여,62세,중상
2020102800100270,2020년 10월 28일 12시,수요일,충청남도 공주시 반포면,경상사고,0,0,1,0,차대차 - 기타,안전운전불이행,건조,맑음,단일로 - 기타,승용,여,32세,경상,승용,남,61세,기타불명
2020102800100303,2020년 10월 28일 13시,수요일,충청남도 서산시 성연면,경상사고,0,0,2,0,차대차 - 측면충돌,안전거리미확보,건조,맑음,교차로 - 교차로부근,승용,남,42세,상해없음,승용,남,27세,경상
2020102800100304,2020년 10월 28일 13시,수요일,충청남도 홍성군 홍북읍,경상사고,0,0,1,0,차대차 - 측면충돌,신호위반,건조,맑음,교차로 - 교차로횡단보도내,승용,남,60세,상해없음,자전거,남,9세,경상
2020102800100305,2020년 10월 28일 13시,수요일,충청남도 서천군 서천읍,경상사고,0,0,1,0,차대차 - 측면충돌,안전거리미확보,건조,맑음,단일로 - 기타,화물,남,62세,상해없음,승용,여,60세,경상
2020102800100378,2020년 10월 28일 15시,수요일,충청남도 천안시 서북구 불당동,경상사고,0,0,1,0,차대차 - 후진중충돌,안전운전불이행,건조,맑음,단일로 - 기타,화물,남,43세,상해없음,화물,남,60세,경상
2020102800100379,2020년 10월 28일 15시,수요일,충청남도 논산시 양촌면,중상사고,0,1,0,0,차대사람 - 기타,안전운전불이행,건조,맑음,교차로 - 교차로안,화물,남,41세,상해없음,보행자,남,69세,중상
2020102800100381,2020년 10월 28일 15시,수요일,충청남도 천안시 동남구 구성동,경상사고,0,0,3,0,차대차 - 기타,중앙선침범,건조,맑음,교차로 - 교차로부근,승용,남,59세,상해없음,승용,남,41세,경상
2020102800100422,2020년 10월 28일 16시,수요일,충청남도 서산시 동문동,경상사고,0,0,1,0,차대차 - 측면충돌,안전운전불이행,건조,맑음,교차로 - 교차로부근,승용,남,56세,상해없음,승용,여,39세,경상
2020102800100423,2020년 10월 28일 16시,수요일,충청남도 아산시 둔포면,사망사고,1,0,0,0,차대차 - 측면충돌,신호위반,건조,맑음,단일로 - 기타,승용,여,43세,상해없음,이륜,남,75세,사망
2020102800100424,2020년 10월 28일 16시,수요일,충청남도 청양군 정산면,중상사고,0,1,2,0,차대차 - 측면충돌,직진우회전진행방해,건조,맑음,교차로 - 교차로안,승용,여,64세,경상,화물,남,69세,중상
2020102800100460,2020년 10월 28일 17시,수요일,충청남도 서산시 고북면,부상신고사고,0,0,0,1,차대차 - 정면충돌,안전운전불이행,건조,맑음,단일로 - 기타,이륜,여,67세,부상신고,농기계,남,64세,기타불명
2020102800100521,2020년 10월 28일 18시,수요일,충청남도 서산시 석림동,경상사고,0,0,1,0,차대차 - 측면충돌,안전운전불이행,건조,맑음,단일로 - 기타,승용,남,65세,상해없음,승용,여,62세,경상
2020102800100522,2020년 10월 28일 18시,수요일,충청남도 천안시 동남구 목천읍,경상사고,0,0,2,0,차대차 - 기타,직진우회전진행방해,건조,맑음,교차로 - 교차로안,승용,여,48세,상해없음,승용,여,45세,경상
2020102800100579,2020년 10월 28일 19시,수요일,충청남도 아산시 온천동,경상사고,0,0,1,0,차대사람 - 횡단중,보행자보호의무위반,건조,맑음,교차로 - 교차로횡단보도내,이륜,남,35세,상해없음,보행자,여,60세,경상
2020102800100580,2020년 10월 28일 19시,수요일,충청남도 아산시 도고면,경상사고,0,0,1,0,차대차 - 기타,차로위반,건조,맑음,단일로 - 기타,승용,여,25세,상해없음,승용,여,46세,경상
2020102800100581,2020년 10월 28일 19시,수요일,충청남도 예산군 고덕면,사망사고,1,0,0,0,차대차 - 추돌,안전운전불이행,건조,맑음,단일로 - 기타,이륜,남,59세,사망,화물,남,65세,기타불명
2020102800100582,2020년 10월 28일 19시,수요일,충청남도 태안군 원북면,중상사고,0,1,0,0,차대사람 - 길가장자리구역통행중,안전운전불이행,건조,맑음,단일로 - 기타,화물,남,52세,상해없음,보행자,남,81세,중상
2020102800100641,2020년 10월 28일 21시,수요일,충청남도 보령시 대천동,경상사고,0,0,1,0,차대사람 - 기타,안전운전불이행,건조,맑음,단일로 - 기타,승용,남,26세,기타불명,보행자,남,57세,경상
2020102800100665,2020년 10월 28일 22시,수요일,충청남도 공주시 정안면,경상사고,0,0,2,0,차대차 - 측면충돌,교차로운행방법위반,건조,흐림,교차로 - 교차로안,농기계,남,24세,경상,화물,남,51세,경상
2020102900100017,2020년 10월 29일 01시,목요일,충청남도 공주시 신관동,중상사고,0,1,1,0,차량단독 - 기타,안전운전불이행,건조,맑음,교차로 - 교차로안,승용,남,28세,경상,,,,
2020102900100055,2020년 10월 29일 05시,목요일,충청남도 아산시 탕정면,중상사고,0,1,0,1,차대차 - 기타,안전운전불이행,건조,기타,교차로 - 교차로안,승용,여,56세,부상신고,이륜,남,46세,중상
2020102900100064,2020년 10월 29일 06시,목요일,충청남도 천안시 서북구 업성동,중상사고,0,1,4,0,차대차 - 측면충돌,안전거리미확보,건조,맑음,단일로 - 기타,승용,남,69세,상해없음,승용,남,35세,경상
2020102900100065,2020년 10월 29일 06시,목요일,충청남도 천안시 동남구 목천읍,중상사고,0,2,0,0,차대차 - 추돌,안전운전불이행,건조,맑음,단일로 - 기타,화물,남,62세,상해없음,승용,남,58세,중상
2020102900100091,2020년 10월 29일 07시,목요일,충청남도 천안시 동남구 광덕면,중상사고,0,1,1,0,차대차 - 추돌,안전운전불이행,건조,맑음,단일로 - 기타,화물,남,43세,상해없음,승용,남,41세,경상
2020102900100124,2020년 10월 29일 08시,목요일,충청남도 홍성군 홍성읍,중상사고,0,1,0,0,차대차 - 측면충돌,안전운전불이행,건조,맑음,단일로 - 기타,승합,남,45세,상해없음,승용,여,30세,중상
2020102900100159,2020년 10월 29일 09시,목요일,충청남도 천안시 서북구 성정동,경상사고,0,0,1,0,차대차 - 측면충돌,안전운전불이행,건조,맑음,단일로 - 기타,승용,남,26세,상해없음,이륜,남,53세,경상
2020102900100160,2020년 10월 29일 09시,목요일,충청남도 서천군 한산면,중상사고,0,1,0,0,차대차 - 측면충돌,안전운전불이행,건조,맑음,단일로 - 기타,화물,남,60세,상해없음,승용,남,66세,상해없음
2020102900100246,2020년 10월 29일 11시,목요일,충청남도 천안시 서북구 입장면,부상신고사고,0,0,0,1,차량단독 - 전도전복 - 전도,안전운전불이행,건조,맑음,단일로 - 기타,승용,여,46세,부상신고,,,,
2020102900100247,2020년 10월 29일 11시,목요일,충청남도 예산군 덕산면,중상사고,0,2,0,0,차대사람 - 기타,안전운전불이행,건조,맑음,기타 - 기타,기타불명,남,81세,상해없음,보행자,여,75세,중상
2020102900100248,2020년 10월 29일 11시,목요일,충청남도 부여군 외산면,경상사고,0,0,1,0,차대차 - 측면충돌,교차로운행방법위반,건조,맑음,교차로 - 교차로안,화물,남,47세,상해없음,건설기계,남,57세,상해없음
2020102900100314,2020년 10월 29일 13시,목요일,충청남도 천안시 서북구 성정동,경상사고,0,0,1,0,차대차 - 후진중충돌,안전운전불이행,건조,맑음,단일로 - 기타,승용,남,26세,상해없음,승용,여,54세,경상
2020102900100315,2020년 10월 29일 13시,목요일,충청남도 예산군 오가면,경상사고,0,0,4,0,차대차 - 측면충돌,신호위반,건조,맑음,교차로 - 교차로안,화물,남,76세,상해없음,승용,남,71세,경상
2020102900100352,2020년 10월 29일 14시,목요일,충청남도 아산시 온천동,경상사고,0,0,1,0,차대차 - 기타,안전운전불이행,건조,맑음,단일로 - 기타,승용,여,41세,상해없음,승용,남,57세,경상
2020102900100390,2020년 10월 29일 15시,목요일,충청남도 아산시 배방읍,경상사고,0,0,1,0,차대사람 - 기타,안전운전불이행,건조,맑음,교차로 - 교차로부근,승용,남,27세,상해없음,보행자,여,55세,경상
2020102900100436,2020년 10월 29일 16시,목요일,충청남도 아산시 온천동,중상사고,0,1,0,0,차대사람 - 기타,안전운전불이행,건조,맑음,단일로 - 기타,화물,남,50세,상해없음,보행자,남,8세,중상
2020102900100483,2020년 10월 29일 17시,목요일,충청남도 천안시 서북구 성정동,경상사고,0,0,1,0,차대차 - 측면충돌,교차로운행방법위반,건조,맑음,교차로 - 교차로안,승용,남,66세,상해없음,승용,남,59세,경상
2020102900100484,2020년 10월 29일 17시,목요일,충청남도 홍성군 홍동면,경상사고,0,0,2,0,차대차 - 추돌,안전운전불이행,건조,맑음,교차로 - 교차로부근,승용,남,52세,상해없음,화물,남,69세,경상