사고번호,사고일시,요일,시군구,사고내용,사망자수,중상자수,경상자수,부상신고자수,사고유형,법규위반,노면상태,기상상태,도로형태,가해운전자 차종,가해운전자 성별,가해운전자 연령,가해운전자 상해정도,피해운전자 차종,피해운전자 성별,피해운전자 연령,피해운전자 상해정도
2020102900100485,2020년 10월 29일 17시,목요일,충청남도 아산시 배방읍,경상사고,0,0,1,0,차대차 - 추돌,안전거리미확보,건조,맑음,단일로 - 기타,화물,남,61세,상해없음,승용,여,39세,경상
2020102900100486,2020년 10월 29일 17시,목요일,충청남도 아산시 신창면,경상사고,0,0,1,0,차대사람 - 기타,안전운전불이행,건조,맑음,단일로 - 기타,화물,남,46세,상해없음,보행자,여,71세,경상
2020102900100487,2020년 10월 29일 17시,목요일,충청남도 서천군 서천읍,경상사고,0,0,2,0,차대차 - 측면충돌,안전운전불이행,건조,맑음,교차로 - 교차로안,승용,남,49세,상해없음,승용,여,40세,경상
2020102900100488,2020년 10월 29일 17시,목요일,충청남도 공주시 신관동,경상사고,0,0,1,0,차대사람 - 횡단중,기타,건조,맑음,단일로 - 기타,승용,여,65세,상해없음,보행자,남,6세,경상
2020102900100489,2020년 10월 29일 17시,목요일,충청남도 금산군 금산읍,경상사고,0,0,1,0,차대차 - 측면충돌,교차로운행방법위반,건조,맑음,교차로 - 교차로안,이륜,남,63세,경상,이륜,남,29세,상해없음
2020102900100553,2020년 10월 29일 18시,목요일,충청남도 논산시 취암동,경상사고,0,0,1,0,차대차 - 추돌,안전운전불이행,건조,맑음,교차로 - 교차로안,승용,여,41세,상해없음,승용,여,36세,경상
2020102900100554,2020년 10월 29일 18시,목요일,충청남도 공주시 신관동,중상사고,0,1,0,0,차대사람 - 횡단중,안전운전불이행,건조,맑음,교차로 - 교차로안,이륜,남,18세,상해없음,보행자,여,21세,중상
2020102900100555,2020년 10월 29일 18시,목요일,충청남도 금산군 금산읍,경상사고,0,0,2,0,차대사람 - 횡단중,보행자보호의무위반,건조,맑음,교차로 - 교차로횡단보도내,승용,남,64세,상해없음,보행자,남,55세,경상
2020102900100556,2020년 10월 29일 18시,목요일,충청남도 금산군 군북면,사망사고,1,0,0,0,차량단독 - 기타,안전운전불이행,건조,맑음,단일로 - 기타,농기계,남,69세,사망,,,,
2020102900100557,2020년 10월 29일 18시,목요일,충청남도 천안시 동남구 병천면,경상사고,0,0,5,0,차대차 - 측면충돌,안전거리미확보,건조,맑음,단일로 - 기타,승합,남,37세,상해없음,승용,남,37세,경상
2020102900100637,2020년 10월 29일 20시,목요일,충청남도 아산시 모종동,경상사고,0,0,1,0,차대차 - 기타,안전운전불이행,건조,맑음,교차로 - 교차로안,이륜,남,33세,상해없음,이륜,남,18세,경상
2020102900100638,2020년 10월 29일 20시,목요일,충청남도 천안시 동남구 신부동,경상사고,0,0,1,0,차대사람 - 기타,안전운전불이행,건조,맑음,단일로 - 기타,승용,남,24세,상해없음,보행자,남,58세,경상
2020102900100677,2020년 10월 29일 21시,목요일,충청남도 천안시 서북구 성성동,경상사고,0,0,1,0,차대차 - 추돌,안전운전불이행,건조,맑음,교차로 - 교차로부근,이륜,남,31세,기타불명,승용,남,62세,경상
2020102900100678,2020년 10월 29일 21시,목요일,충청남도 천안시 서북구 두정동,경상사고,0,0,3,0,차대사람 - 횡단중,신호위반,건조,맑음,교차로 - 교차로횡단보도내,승용,남,25세,상해없음,보행자,남,27세,경상
2020102900100679,2020년 10월 29일 21시,목요일,충청남도 천안시 서북구 성정동,경상사고,0,0,1,0,차대차 - 측면충돌,신호위반,건조,맑음,교차로 - 교차로안,승용,남,28세,상해없음,승용,남,25세,경상
2020102900100680,2020년 10월 29일 21시,목요일,충청남도 천안시 서북구 불당동,경상사고,0,0,2,0,차대사람 - 기타,신호위반,건조,맑음,교차로 - 교차로횡단보도내,승용,남,54세,상해없음,보행자,여,30세,경상
2020102900100727,2020년 10월 29일 23시,목요일,충청남도 천안시 서북구 두정동,경상사고,0,0,2,0,차대차 - 측면충돌,안전거리미확보,건조,맑음,단일로 - 기타,화물,남,41세,상해없음,승용,남,26세,경상
2020102900100728,2020년 10월 29일 23시,목요일,충청남도 논산시 부창동,중상사고,0,1,0,0,차대사람 - 횡단중,안전운전불이행,건조,맑음,단일로 - 기타,승용,여,21세,기타불명,보행자,여,41세,중상
2020103000100054,2020년 10월 30일 05시,금요일,충청남도 천안시 서북구 백석동,경상사고,0,0,2,0,차대차 - 측면충돌,안전운전불이행,건조,맑음,교차로 - 교차로안,승용,남,35세,상해없음,승용,여,32세,경상
2020103000100091,2020년 10월 30일 07시,금요일,충청남도 천안시 서북구 두정동,경상사고,0,0,1,0,차대차 - 측면충돌,직진우회전진행방해,건조,맑음,교차로 - 교차로안,승용,여,58세,상해없음,자전거,남,55세,경상
2020103000100092,2020년 10월 30일 07시,금요일,충청남도 논산시 채운면,중상사고,0,1,0,0,차량단독 - 기타,안전운전불이행,건조,맑음,교차로 - 교차로부근,승합,남,58세,상해없음,,,,
2020103000100093,2020년 10월 30일 07시,금요일,충청남도 공주시 신관동,사망사고,1,0,1,0,차대차 - 추돌,안전운전불이행,건조,맑음,단일로 - 기타,화물,남,50세,사망,화물,남,55세,경상
2020103000100094,2020년 10월 30일 07시,금요일,충청남도 공주시 오곡동,중상사고,0,2,0,0,차대차 - 추돌,중앙선침범,건조,맑음,교차로 - 교차로부근,승용,여,48세,상해없음,이륜,남,60세,중상
2020103000100126,2020년 10월 30일 08시,금요일,충청남도 아산시 배방읍,중상사고,0,1,0,0,차대차 - 추돌,신호위반,건조,맑음,교차로 - 교차로안,승용,여,37세,상해없음,화물,여,50세,중상
2020103000100174,2020년 10월 30일 09시,금요일,충청남도 아산시 풍기동,경상사고,0,0,1,0,차대차 - 기타,안전운전불이행,건조,맑음,단일로 - 기타,승용,여,47세,경상,승용,남,30세,상해없음
2020103000100175,2020년 10월 30일 09시,금요일,충청남도 아산시 음봉면,중상사고,0,1,0,0,차대차 - 측면충돌,안전운전불이행,건조,맑음,교차로 - 교차로안,승용,남,28세,상해없음,이륜,남,82세,중상
2020103000100176,2020년 10월 30일 09시,금요일,충청남도 천안시 동남구 다가동,중상사고,0,2,0,0,차대차 - 기타,안전운전불이행,기타,맑음,교차로 - 교차로안,이륜,여,66세,중상,자전거,남,74세,중상
2020103000100208,2020년 10월 30일 10시,금요일,충청남도 아산시 온천동,부상신고사고,0,0,0,1,차대사람 - 기타,안전운전불이행,건조,맑음,교차로 - 교차로안,이륜,남,78세,상해없음,보행자,여,24세,부상신고
2020103000100209,2020년 10월 30일 10시,금요일,충청남도 아산시 배방읍,경상사고,0,0,1,0,차대사람 - 보도통행중,안전운전불이행,건조,맑음,기타 - 기타,자전거,기타불명,미분류,기타불명,보행자,여,47세,경상
2020103000100243,2020년 10월 30일 11시,금요일,충청남도 천안시 동남구 광덕면,경상사고,0,0,1,0,차대차 - 기타,안전운전불이행,건조,맑음,단일로 - 터널,승용,남,51세,상해없음,승용,남,25세,경상
2020103000100280,2020년 10월 30일 12시,금요일,충청남도 청양군 청양읍,사망사고,1,2,0,0,차대차 - 측면충돌,직진우회전진행방해,건조,맑음,교차로 - 교차로안,승용,남,54세,중상,승용,남,41세,상해없음
2020103000100326,2020년 10월 30일 13시,금요일,충청남도 천안시 동남구 안서동,경상사고,0,0,1,0,차대차 - 기타,안전운전불이행,건조,맑음,단일로 - 기타,승용,여,54세,상해없음,승용,남,31세,경상
2020103000100370,2020년 10월 30일 14시,금요일,충청남도 아산시 온천동,중상사고,0,1,0,0,차대사람 - 보도통행중,기타,건조,맑음,단일로 - 기타,자전거,여,65세,기타불명,보행자,여,81세,중상
2020103000100371,2020년 10월 30일 14시,금요일,충청남도 공주시 탄천면,중상사고,0,1,2,0,차대차 - 추돌,안전거리미확보,건조,맑음,교차로 - 교차로부근,화물,남,52세,상해없음,화물,남,58세,중상
2020103000100410,2020년 10월 30일 15시,금요일,충청남도 천안시 서북구 성정동,경상사고,0,0,2,0,차대차 - 측면충돌,안전운전불이행,건조,맑음,교차로 - 교차로부근,승용,남,55세,상해없음,이륜,남,38세,경상
2020103000100411,2020년 10월 30일 15시,금요일,충청남도 당진시 읍내리,중상사고,0,1,0,0,차대사람 - 기타,안전운전불이행,건조,맑음,단일로 - 기타,화물,남,64세,상해없음,보행자,남,90세,중상
2020103000100459,2020년 10월 30일 16시,금요일,충청남도 논산시 연무읍,경상사고,0,0,1,0,차대차 - 정면충돌,중앙선침범,건조,맑음,단일로 - 기타,이륜,남,76세,경상,화물,남,46세,상해없음
2020103000100510,2020년 10월 30일 17시,금요일,충청남도 서산시 지곡면,경상사고,0,0,1,0,차대차 - 측면충돌,신호위반,건조,맑음,교차로 - 교차로안,승용,여,50세,경상,화물,남,54세,상해없음
2020103000100511,2020년 10월 30일 17시,금요일,충청남도 서산시 운산면,중상사고,0,1,0,0,차대차 - 측면충돌,안전거리미확보,건조,맑음,단일로 - 기타,화물,남,58세,상해없음,승용,여,26세,중상
2020103000100512,2020년 10월 30일 17시,금요일,충청남도 천안시 서북구 두정동,경상사고,0,0,1,0,차대차 - 추돌,안전운전불이행,건조,맑음,단일로 - 고가도로위,승용,남,24세,상해없음,승용,남,43세,경상
2020103000100577,2020년 10월 30일 18시,금요일,충청남도 아산시 영인면,경상사고,0,0,2,0,차대차 - 측면충돌,차로위반,건조,맑음,단일로 - 기타,승용,남,70세,상해없음,승용,남,37세,경상
2020103000100578,2020년 10월 30일 18시,금요일,충청남도 아산시 배방읍,중상사고,0,1,2,1,차대차 - 추돌,안전운전불이행,건조,맑음,단일로 - 기타,화물,남,64세,상해없음,승용,남,60세,상해없음
2020103000100579,2020년 10월 30일 18시,금요일,충청남도 아산시 배방읍,경상사고,0,0,1,0,차대차 - 기타,안전운전불이행,건조,맑음,단일로 - 기타,승용,여,45세,상해없음,이륜,남,26세,경상
2020103000100580,2020년 10월 30일 18시,금요일,충청남도 아산시 실옥동,경상사고,0,0,1,0,차대사람 - 기타,기타,건조,맑음,교차로 - 교차로안,승용,남,62세,상해없음,보행자,남,7세,경상
2020103000100581,2020년 10월 30일 18시,금요일,충청남도 천안시 동남구 원성동,경상사고,0,0,1,0,차대차 - 측면충돌,안전운전불이행,건조,맑음,교차로 - 교차로안,승합,남,53세,상해없음,이륜,여,35세,경상
2020103000100582,2020년 10월 30일 18시,금요일,충청남도 천안시 동남구 삼룡동,경상사고,0,0,2,0,차대차 - 측면충돌,안전운전불이행,건조,맑음,교차로 - 교차로안,승용,여,29세,상해없음,화물,남,44세,상해없음
2020103000100644,2020년 10월 30일 19시,금요일,충청남도 공주시 반포면,경상사고,0,0,2,0,차대차 - 추돌,안전운전불이행,건조,맑음,단일로 - 기타,승용,여,55세,경상,승용,여,48세,경상
2020103000100645,2020년 10월 30일 19시,금요일,충청남도 천안시 동남구 신부동,중상사고,0,1,0,0,차대차 - 측면충돌,안전운전불이행,건조,맑음,기타 - 기타,승용,남,65세,상해없음,승용,남,49세,중상
2020103000100725,2020년 10월 30일 21시,금요일,충청남도 논산시 취암동,중상사고,0,1,0,0,차대사람 - 횡단중,안전운전불이행,건조,맑음,단일로 - 기타,승용,여,46세,상해없음,보행자,여,58세,중상
2020103000100726,2020년 10월 30일 21시,금요일,충청남도 아산시 온천동,경상사고,0,0,1,0,차대차 - 기타,신호위반,건조,맑음,교차로 - 교차로안,승합,남,30세,상해없음,이륜,남,54세,경상
2020103000100768,2020년 10월 30일 22시,금요일,충청남도 서천군 비인면,경상사고,0,0,1,0,차대차 - 추돌,안전운전불이행,건조,맑음,단일로 - 기타,화물,남,59세,상해없음,승용,남,54세,경상
2020103000100797,2020년 10월 30일 23시,금요일,충청남도 서산시 동문동,중상사고,0,1,0,0,차대차 - 측면충돌,기타,건조,맑음,교차로 - 교차로안,이륜,남,48세,중상,화물,남,55세,상해없음
2020103000100798,2020년 10월 30일 23시,금요일,충청남도 천안시 서북구 성정동,중상사고,0,1,4,0,차대차 - 기타,중앙선침범,건조,맑음,단일로 - 기타,승용,남,38세,상해없음,승용,남,54세,경상
2020103000100799,2020년 10월 30일 23시,금요일,충청남도 아산시 둔포면,경상사고,0,0,1,0,차대차 - 기타,중앙선침범,건조,맑음,단일로 - 기타,승용,남,23세,상해없음,개인형이동수단(PM),남,39세,경상
2020103100100028,2020년 10월 31일 01시,토요일,충청남도 서산시 석림동,부상신고사고,0,0,0,1,차량단독 - 공작물충돌,안전운전불이행,건조,맑음,단일로 - 기타,승용,남,25세,부상신고,,,,
2020103100100078,2020년 10월 31일 06시,토요일,충청남도 예산군 예산읍,중상사고,0,1,0,0,차대차 - 추돌,신호위반,건조,맑음,교차로 - 교차로부근,승용,남,67세,상해없음,이륜,남,29세,중상
2020103100100136,2020년 10월 31일 09시,토요일,충청남도 공주시 신관동,중상사고,0,1,0,0,차대차 - 측면충돌,안전운전불이행,건조,맑음,단일로 - 기타,승용,여,63세,상해없음,자전거,남,58세,중상
2020103100100137,2020년 10월 31일 09시,토요일,충청남도 공주시 중동,경상사고,0,0,1,0,차대차 - 측면충돌,차로위반,건조,맑음,단일로 - 기타,승용,여,59세,상해없음,이륜,남,24세,경상
2020103100100138,2020년 10월 31일 09시,토요일,충청남도 당진시 송산면,경상사고,0,0,1,0,차대차 - 측면충돌,교차로운행방법위반,건조,맑음,교차로 - 교차로안,화물,남,43세,상해없음,건설기계,남,42세,경상
2020103100100177,2020년 10월 31일 10시,토요일,충청남도 금산군 복수면,경상사고,0,0,1,0,차대차 - 측면충돌,안전운전불이행,건조,맑음,단일로 - 기타,화물,여,61세,경상,승합,남,66세,상해없음
2020103100100218,2020년 10월 31일 11시,토요일,충청남도 서산시 예천동,중상사고,0,1,0,0,차대차 - 추돌,안전운전불이행,건조,맑음,교차로 - 교차로부근,승용,여,69세,상해없음,이륜,남,34세,중상
2020103100100219,2020년 10월 31일 11시,토요일,충청남도 천안시 서북구 백석동,중상사고,0,1,0,0,차대차 - 측면충돌,차로위반,건조,맑음,단일로 - 기타,건설기계,남,56세,상해없음,승용,남,39세,중상
2020103100100269,2020년 10월 31일 12시,토요일,충청남도 서천군 마서면,경상사고,0,0,1,0,차량단독 - 기타,안전운전불이행,건조,맑음,단일로 - 기타,농기계,남,65세,경상,,,,
2020103100100270,2020년 10월 31일 12시,토요일,충청남도 천안시 동남구 신부동,중상사고,0,1,0,0,차대사람 - 기타,안전운전불이행,건조,맑음,단일로 - 기타,이륜,남,24세,상해없음,보행자,여,61세,중상
2020103100100304,2020년 10월 31일 13시,토요일,충청남도 서천군 종천면,경상사고,0,0,2,0,차대차 - 추돌,안전운전불이행,건조,맑음,교차로 - 교차로안,화물,남,68세,상해없음,승용,여,62세,경상
2020103100100358,2020년 10월 31일 14시,토요일,충청남도 천안시 동남구 신방동,경상사고,0,0,1,0,차대차 - 기타,교차로운행방법위반,건조,맑음,교차로 - 교차로안,이륜,남,16세,경상,승용,남,56세,기타불명
2020103100100387,2020년 10월 31일 15시,토요일,충청남도 천안시 서북구 쌍용동,경상사고,0,0,1,0,차대차 - 측면충돌,안전운전불이행,건조,맑음,교차로 - 교차로안,승용,여,49세,상해없음,승용,남,30세,경상
2020103100100388,2020년 10월 31일 15시,토요일,충청남도 홍성군 갈산면,중상사고,0,4,0,0,차대차 - 추돌,안전운전불이행,건조,맑음,교차로 - 교차로안,화물,남,56세,상해없음,승용,남,22세,중상
2020103100100389,2020년 10월 31일 15시,토요일,충청남도 공주시 계룡면,중상사고,0,1,0,1,차대차 - 측면충돌,안전운전불이행,건조,맑음,단일로 - 기타,승용,남,60세,상해없음,이륜,남,61세,부상신고
2020103100100390,2020년 10월 31일 15시,토요일,충청남도 당진시 읍내리,경상사고,0,0,4,0,차대차 - 추돌,안전거리미확보,건조,맑음,단일로 - 기타,이륜,남,38세,상해없음,승용,남,36세,경상
2020103100100391,2020년 10월 31일 15시,토요일,충청남도 천안시 동남구 신부동,경상사고,0,0,1,0,차대차 - 기타,신호위반,건조,맑음,교차로 - 교차로안,승용,여,24세,상해없음,이륜,남,36세,경상
2020103100100421,2020년 10월 31일 16시,토요일,충청남도 천안시 서북구 불당동,중상사고,0,1,3,0,차대차 - 측면충돌,차로위반,건조,맑음,단일로 - 기타,승용,남,36세,상해없음,승용,여,38세,중상
2020103100100422,2020년 10월 31일 16시,토요일,충청남도 아산시 송악면,경상사고,0,0,1,0,차대차 - 기타,안전운전불이행,건조,맑음,교차로 - 교차로안,승용,여,32세,상해없음,화물,남,62세,경상
2020103100100423,2020년 10월 31일 16시,토요일,충청남도 당진시 송악읍,중상사고,0,1,7,0,차대차 - 추돌,안전운전불이행,건조,맑음,단일로 - 교량,승용,남,50세,상해없음,승용,남,53세,경상
2020103100100463,2020년 10월 31일 17시,토요일,충청남도 천안시 서북구 쌍용동,중상사고,0,1,0,0,차대사람 - 횡단중,보행자보호의무위반,건조,맑음,단일로 - 기타,승용,여,52세,상해없음,보행자,남,65세,중상
2020103100100517,2020년 10월 31일 18시,토요일,충청남도 천안시 서북구 입장면,경상사고,0,0,2,0,차대차 - 측면충돌,중앙선침범,건조,맑음,단일로 - 기타,승용,남,36세,상해없음,승용,여,62세,경상
2020103100100518,2020년 10월 31일 18시,토요일,충청남도 당진시 송악읍,경상사고,0,0,1,0,차대차 - 측면충돌,중앙선침범,건조,맑음,단일로 - 기타,승용,남,70세,상해없음,승용,남,60세,경상
2020103100100519,2020년 10월 31일 18시,토요일,충청남도 태안군 고남면,경상사고,0,0,3,0,차대차 - 측면충돌,교차로운행방법위반,건조,맑음,교차로 - 교차로안,승용,여,50세,상해없음,승용,남,44세,경상
2020103100100608,2020년 10월 31일 20시,토요일,충청남도 서산시 석림동,경상사고,0,0,2,0,차대차 - 추돌,안전운전불이행,건조,맑음,단일로 - 기타,승용,남,52세,상해없음,승용,남,27세,경상
2020103100100640,2020년 10월 31일 21시,토요일,충청남도 홍성군 홍성읍,중상사고,0,1,0,0,차대차 - 측면충돌,안전운전불이행,건조,맑음,교차로 - 교차로안,승용,남,53세,상해없음,이륜,남,24세,중상
2020103100100669,2020년 10월 31일 22시,토요일,충청남도 서산시 부석면,사망사고,1,0,0,0,차대사람 - 차도통행중,과속,건조,맑음,단일로 - 기타,승용,남,38세,상해없음,보행자,남,65세,사망
2020103100100670,2020년 10월 31일 22시,토요일,충청남도 서산시 예천동,경상사고,0,0,1,0,차대사람 - 길가장자리구역통행중,안전운전불이행,건조,맑음,교차로 - 교차로안,승용,여,58세,상해없음,보행자,남,30세,경상
2020103100100671,2020년 10월 31일 22시,토요일,충청남도 서산시 읍내동,경상사고,0,0,2,0,차대차 - 추돌,안전운전불이행,건조,맑음,교차로 - 교차로부근,승용,남,47세,상해없음,승용,여,54세,경상
2020103100100672,2020년 10월 31일 22시,토요일,충청남도 서천군 장항읍,경상사고,0,0,1,0,차대차 - 측면충돌,안전운전불이행,건조,맑음,교차로 - 교차로안,이륜,남,19세,상해없음,승용,남,38세,경상
2020103100100696,2020년 10월 31일 23시,토요일,충청남도 천안시 서북구 성정동,경상사고,0,0,6,0,차대차 - 추돌,안전운전불이행,건조,맑음,교차로 - 교차로안,승용,남,28세,경상,승용,남,36세,경상
2020110100100007,2020년 11월 1일 00시,일요일,충청남도 천안시 서북구 두정동,경상사고,0,0,3,0,차대차 - 추돌,안전운전불이행,건조,맑음,단일로 - 기타,승용,남,34세,상해없음,승용,남,60세,경상
2020110100100020,2020년 11월 1일 01시,일요일,충청남도 서천군 서천읍,중상사고,0,1,0,0,차대사람 - 횡단중,안전운전불이행,건조,맑음,교차로 - 교차로부근,승용,남,24세,상해없음,보행자,남,35세,중상
2020110100100051,2020년 11월 1일 04시,일요일,충청남도 아산시 초사동,경상사고,0,0,1,0,차대차 - 추돌,안전운전불이행,건조,맑음,단일로 - 기타,승용,남,19세,상해없음,승용,여,53세,경상
2020110100100069,2020년 11월 1일 05시,일요일,충청남도 천안시 서북구 불당동,중상사고,0,1,0,0,차대차 - 추돌,안전운전불이행,건조,맑음,단일로 - 기타,승용,남,23세,상해없음,승용,여,58세,중상
2020110100100090,2020년 11월 1일 08시,일요일,충청남도 천안시 서북구 성환읍,중상사고,0,1,3,0,차대차 - 기타,중앙선침범,건조,맑음,교차로 - 교차로부근,승용,기타불명,미분류,기타불명,승용,남,20세,중상
2020110100100183,2020년 11월 1일 12시,일요일,충청남도 천안시 서북구 쌍용동,경상사고,0,0,1,0,차대차 - 기타,차로위반,젖음/습기,비,단일로 - 기타,승용,여,60세,상해없음,원동기,남,37세,경상
2020110100100184,2020년 11월 1일 12시,일요일,충청남도 태안군 태안읍,경상사고,0,0,2,1,차대차 - 추돌,과속,젖음/습기,비,단일로 - 기타,승용,남,58세,상해없음,승용,여,48세,부상신고
2020110100100210,2020년 11월 1일 13시,일요일,충청남도 당진시 합덕읍,중상사고,0,1,0,0,차대사람 - 차도통행중,안전운전불이행,건조,맑음,단일로 - 기타,승용,여,63세,상해없음,보행자,여,74세,중상
2020110100100211,2020년 11월 1일 13시,일요일,충청남도 천안시 동남구 신부동,중상사고,0,2,0,0,차대차 - 기타,직진우회전진행방해,건조,맑음,교차로 - 교차로안,승용,여,72세,상해없음,승용,남,54세,중상
2020110100100249,2020년 11월 1일 14시,일요일,충청남도 서산시 석림동,경상사고,0,0,2,0,차대차 - 추돌,안전운전불이행,젖음/습기,비,교차로 - 교차로부근,화물,남,51세,상해없음,승용,여,32세,경상
2020110100100250,2020년 11월 1일 14시,일요일,충청남도 태안군 소원면,경상사고,0,0,1,0,차대차 - 정면충돌,안전운전불이행,젖음/습기,비,단일로 - 기타,화물,남,60세,상해없음,승용,여,69세,상해없음
2020110100100282,2020년 11월 1일 15시,일요일,충청남도 예산군 예산읍,부상신고사고,0,0,0,1,차량단독 - 전도전복 - 전도,안전운전불이행,건조,맑음,단일로 - 기타,이륜,남,77세,부상신고,,,,
2020110100100283,2020년 11월 1일 15시,일요일,충청남도 천안시 동남구 사직동,경상사고,0,0,1,0,차대차 - 측면충돌,직진우회전진행방해,건조,맑음,교차로 - 교차로안,승용,남,30세,상해없음,승용,남,64세,경상
2020110100100351,2020년 11월 1일 17시,일요일,충청남도 계룡시 엄사면,경상사고,0,0,2,0,차대차 - 측면충돌,중앙선침범,젖음/습기,비,교차로 - 교차로부근,승용,남,52세,상해없음,승용,여,51세,경상
2020110100100352,2020년 11월 1일 17시,일요일,충청남도 아산시 방축동,중상사고,0,1,0,0,차대차 - 기타,안전운전불이행,젖음/습기,비,교차로 - 교차로안,승용,여,21세,상해없음,이륜,남,28세,중상
2020110100100395,2020년 11월 1일 18시,일요일,충청남도 천안시 서북구 성정동,중상사고,0,1,3,0,차대차 - 추돌,안전운전불이행,건조,맑음,단일로 - 기타,승용,남,32세,상해없음,승용,남,43세,경상
2020110100100437,2020년 11월 1일 19시,일요일,충청남도 천안시 서북구 두정동,중상사고,0,1,0,0,차대차 - 기타,직진우회전진행방해,건조,맑음,교차로 - 교차로안,기타불명,기타불명,미분류,기타불명,이륜,남,50세,중상
2020110100100487,2020년 11월 1일 21시,일요일,충청남도 아산시 배방읍,경상사고,0,0,1,0,차대사람 - 차도통행중,안전운전불이행,젖음/습기,비,교차로 - 교차로안,승용,남,45세,기타불명,보행자,남,13세,경상
2020110100100510,2020년 11월 1일 22시,일요일,충청남도 천안시 서북구 불당동,경상사고,0,0,1,0,차대차 - 측면충돌,안전운전불이행,젖음/습기,비,교차로 - 교차로안,승용,남,46세,상해없음,이륜,남,34세,경상
2020110200100008,2020년 11월 2일 00시,월요일,충청남도 서산시 석림동,중상사고,0,2,0,0,차대차 - 측면충돌,교차로운행방법위반,젖음/습기,안개,교차로 - 교차로안,승용,남,19세,상해없음,승용,남,46세,중상
2020110200100015,2020년 11월 2일 01시,월요일,충청남도 청양군 비봉면,경상사고,0,0,1,0,차량단독 - 공작물충돌,안전운전불이행,젖음/습기,비,교차로 - 교차로안,승용,남,35세,경상,,,,
2020110200100023,2020년 11월 2일 03시,월요일,충청남도 아산시 용화동,중상사고,0,1,0,0,차대차 - 측면충돌,신호위반,건조,맑음,교차로 - 교차로안,이륜,남,17세,중상,승용,남,43세,상해없음
2020110200100045,2020년 11월 2일 05시,월요일,충청남도 서산시 동문동,중상사고,0,1,0,0,차대차 - 측면충돌,신호위반,젖음/습기,안개,교차로 - 교차로안,화물,남,56세,상해없음,승용,여,49세,중상
2020110200100085,2020년 11월 2일 07시,월요일,충청남도 보령시 청소면,중상사고,0,1,0,0,차량단독 - 기타,안전운전불이행,건조,맑음,단일로 - 기타,화물,남,53세,중상,,,,
2020110200100118,2020년 11월 2일 08시,월요일,충청남도 아산시 음봉면,경상사고,0,0,1,0,차대차 - 기타,안전운전불이행,건조,맑음,단일로 - 기타,승용,여,30세,기타불명,승용,남,33세,경상
2020110200100119,2020년 11월 2일 08시,월요일,충청남도 보령시 웅천읍,경상사고,0,0,1,0,차대차 - 추돌,안전운전불이행,건조,맑음,교차로 - 교차로안,승합,남,64세,상해없음,승용,여,41세,경상
2020110200100120,2020년 11월 2일 08시,월요일,충청남도 천안시 동남구 원성동,경상사고,0,0,2,0,차대차 - 기타,신호위반,건조,맑음,교차로 - 교차로부근,승용,남,30세,상해없음,승용,남,72세,경상
2020110200100151,2020년 11월 2일 09시,월요일,충청남도 서산시 운산면,경상사고,0,0,1,0,차대차 - 기타,안전운전불이행,건조,맑음,교차로 - 교차로부근,화물,남,53세,상해없음,화물,여,66세,경상
2020110200100152,2020년 11월 2일 09시,월요일,충청남도 공주시 신풍면,중상사고,0,1,0,0,차대차 - 측면충돌,안전운전불이행,건조,맑음,교차로 - 교차로안,건설기계,남,58세,상해없음,이륜,여,58세,중상
2020110200100153,2020년 11월 2일 09시,월요일,충청남도 공주시 검상동,중상사고,0,1,0,0,차대차 - 측면충돌,안전운전불이행,건조,맑음,단일로 - 기타,화물,남,65세,상해없음,이륜,여,47세,중상
2020110200100186,2020년 11월 2일 10시,월요일,충청남도 논산시 부창동,중상사고,0,1,0,0,차대차 - 후진중충돌,안전운전불이행,건조,맑음,교차로 - 교차로부근,승용,여,54세,상해없음,승용,여,50세,중상
2020110200100187,2020년 11월 2일 10시,월요일,충청남도 아산시 모종동,중상사고,0,1,0,0,차대사람 - 횡단중,보행자보호의무위반,건조,맑음,기타 - 기타,승합,남,53세,상해없음,보행자,남,59세,중상
2020110200100188,2020년 11월 2일 10시,월요일,충청남도 보령시 웅천읍,중상사고,0,1,0,0,차대차 - 기타,안전운전불이행,건조,맑음,기타 - 기타,화물,남,48세,상해없음,이륜,남,67세,중상
2020110200100189,2020년 11월 2일 10시,월요일,충청남도 예산군 예산읍,경상사고,0,0,1,0,차대차 - 측면충돌,차로위반,건조,맑음,단일로 - 기타,화물,남,58세,상해없음,승용,여,54세,경상
2020110200100190,2020년 11월 2일 10시,월요일,충청남도 청양군 청양읍,중상사고,0,1,0,0,차대차 - 측면충돌,안전운전불이행,건조,맑음,단일로 - 기타,원동기,남,72세,중상,승용,남,40세,상해없음
2020110200100230,2020년 11월 2일 11시,월요일,충청남도 서산시 읍내동,부상신고사고,0,0,0,1,차대차 - 측면충돌,안전운전불이행,건조,맑음,교차로 - 교차로안,이륜,남,59세,상해없음,자전거,남,21세,부상신고
2020110200100257,2020년 11월 2일 12시,월요일,충청남도 천안시 서북구 불당동,경상사고,0,0,1,1,차대차 - 측면충돌,안전운전불이행,건조,맑음,교차로 - 교차로안,자전거,남,19세,부상신고,승용,여,34세,경상