사고번호,사고일시,요일,시군구,사고내용,사망자수,중상자수,경상자수,부상신고자수,사고유형,법규위반,노면상태,기상상태,도로형태,가해운전자 차종,가해운전자 성별,가해운전자 연령,가해운전자 상해정도,피해운전자 차종,피해운전자 성별,피해운전자 연령,피해운전자 상해정도
2020110200100258,2020년 11월 2일 12시,월요일,충청남도 아산시 온천동,경상사고,0,0,1,0,차대사람 - 기타,안전운전불이행,건조,맑음,단일로 - 기타,승용,남,25세,상해없음,보행자,남,48세,경상
2020110200100259,2020년 11월 2일 12시,월요일,충청남도 보령시 주교면,경상사고,0,0,2,0,차대차 - 측면충돌,안전운전불이행,건조,맑음,단일로 - 기타,화물,남,45세,상해없음,승용,여,20세,경상
2020110200100260,2020년 11월 2일 12시,월요일,충청남도 천안시 동남구 청수동,경상사고,0,0,1,0,차대차 - 측면충돌,신호위반,건조,맑음,교차로 - 교차로안,승용,남,81세,상해없음,이륜,남,60세,경상
2020110200100293,2020년 11월 2일 13시,월요일,충청남도 서산시 읍내동,경상사고,0,0,1,0,차대차 - 측면충돌,신호위반,건조,맑음,교차로 - 교차로안,승용,남,66세,상해없음,승용,남,38세,경상
2020110200100294,2020년 11월 2일 13시,월요일,충청남도 천안시 서북구 쌍용동,경상사고,0,0,1,0,차대차 - 측면충돌,안전운전불이행,건조,맑음,단일로 - 기타,승용,여,45세,상해없음,승용,여,70세,경상
2020110200100328,2020년 11월 2일 14시,월요일,충청남도 서천군 마서면,중상사고,0,1,0,0,차대사람 - 기타,중앙선침범,건조,맑음,단일로 - 기타,승용,여,59세,상해없음,보행자,여,73세,중상
2020110200100329,2020년 11월 2일 14시,월요일,충청남도 보령시 주포면,경상사고,0,0,2,0,차대차 - 기타,안전운전불이행,건조,맑음,단일로 - 기타,농기계,남,74세,상해없음,승용,남,75세,경상
2020110200100402,2020년 11월 2일 16시,월요일,충청남도 아산시 온천동,경상사고,0,0,1,0,차대차 - 기타,안전운전불이행,건조,맑음,단일로 - 기타,승용,여,57세,상해없음,이륜,남,49세,경상
2020110200100403,2020년 11월 2일 16시,월요일,충청남도 천안시 동남구 성황동,경상사고,0,0,1,0,차대차 - 추돌,안전운전불이행,건조,맑음,단일로 - 기타,승용,남,60세,상해없음,승용,여,45세,경상
2020110200100446,2020년 11월 2일 17시,월요일,충청남도 천안시 동남구 대흥동,중상사고,0,1,0,0,차대사람 - 횡단중,보행자보호의무위반,건조,맑음,단일로 - 기타,화물,남,71세,상해없음,보행자,남,62세,중상
2020110200100447,2020년 11월 2일 17시,월요일,충청남도 천안시 동남구 청당동,경상사고,0,0,1,0,차대차 - 정면충돌,안전거리미확보,건조,맑음,단일로 - 기타,승용,여,32세,상해없음,승용,남,41세,경상
2020110200100503,2020년 11월 2일 18시,월요일,충청남도 천안시 서북구 성환읍,경상사고,0,0,4,0,차대차 - 추돌,안전운전불이행,건조,맑음,교차로 - 교차로부근,승용,여,46세,상해없음,승용,남,50세,경상
2020110200100504,2020년 11월 2일 18시,월요일,충청남도 천안시 서북구 쌍용동,부상신고사고,0,0,0,1,차대차 - 측면충돌,신호위반,건조,맑음,교차로 - 교차로횡단보도내,이륜,남,24세,부상신고,이륜,남,21세,상해없음
2020110200100506,2020년 11월 2일 18시,월요일,충청남도 아산시 용화동,경상사고,0,0,2,0,차대차 - 기타,안전운전불이행,건조,맑음,교차로 - 교차로부근,승용,여,47세,상해없음,승용,남,50세,경상
2020110200100507,2020년 11월 2일 18시,월요일,충청남도 공주시 신풍면,사망사고,1,0,0,0,차량단독 - 기타,기타,건조,맑음,단일로 - 기타,화물,남,71세,사망,,,,
2020110200100508,2020년 11월 2일 18시,월요일,충청남도 공주시 신관동,경상사고,0,0,1,0,차대차 - 기타,안전운전불이행,건조,맑음,단일로 - 기타,승용,남,23세,상해없음,이륜,남,28세,경상
2020110200100509,2020년 11월 2일 18시,월요일,충청남도 예산군 오가면,경상사고,0,0,2,0,차대차 - 추돌,안전거리미확보,건조,맑음,단일로 - 기타,화물,남,64세,경상,승용,남,54세,경상
2020110200100510,2020년 11월 2일 18시,월요일,충청남도 태안군 원북면,경상사고,0,0,1,0,차대사람 - 길가장자리구역통행중,안전운전불이행,건조,맑음,단일로 - 기타,승용,남,47세,상해없음,보행자,남,53세,경상
2020110200100566,2020년 11월 2일 19시,월요일,충청남도 서산시 읍내동,중상사고,0,1,0,0,차대차 - 정면충돌,기타,건조,맑음,단일로 - 기타,승용,남,60세,상해없음,승용,여,73세,기타불명
2020110200100627,2020년 11월 2일 21시,월요일,충청남도 당진시 합덕읍,경상사고,0,0,3,0,차대차 - 기타,중앙선침범,건조,맑음,교차로 - 교차로안,승용,남,39세,상해없음,화물,남,47세,경상
2020110300100039,2020년 11월 3일 04시,화요일,충청남도 아산시 방축동,중상사고,0,1,0,0,차대사람 - 기타,안전운전불이행,건조,맑음,교차로 - 교차로부근,승용,남,29세,상해없음,보행자,여,81세,중상
2020110300100082,2020년 11월 3일 07시,화요일,충청남도 천안시 서북구 성성동,경상사고,0,0,1,0,차대차 - 추돌,안전운전불이행,건조,맑음,단일로 - 지하차도(도로)내,승용,남,22세,상해없음,승용,남,62세,경상
2020110300100116,2020년 11월 3일 08시,화요일,충청남도 천안시 동남구 다가동,중상사고,0,1,0,0,차대차 - 기타,직진우회전진행방해,건조,맑음,교차로 - 교차로안,화물,남,46세,상해없음,자전거,남,15세,중상
2020110300100117,2020년 11월 3일 08시,화요일,충청남도 천안시 동남구 신부동,경상사고,0,0,2,0,차대차 - 측면충돌,안전거리미확보,건조,맑음,교차로 - 교차로안,승용,남,29세,상해없음,승합,남,50세,상해없음
2020110300100169,2020년 11월 3일 09시,화요일,충청남도 천안시 서북구 입장면,경상사고,0,0,1,0,차대차 - 측면충돌,안전운전불이행,건조,맑음,교차로 - 교차로안,승용,남,66세,상해없음,화물,남,45세,경상
2020110300100170,2020년 11월 3일 09시,화요일,충청남도 아산시 염치읍,중상사고,0,3,0,0,차대차 - 추돌,안전운전불이행,건조,맑음,단일로 - 기타,승용,남,50세,상해없음,승용,여,45세,중상
2020110300100171,2020년 11월 3일 09시,화요일,충청남도 아산시 신창면,경상사고,0,0,1,0,차대차 - 기타,안전운전불이행,건조,맑음,단일로 - 기타,승합,남,71세,상해없음,승용,여,34세,경상
2020110300100172,2020년 11월 3일 09시,화요일,충청남도 공주시 이인면,사망사고,1,0,1,0,차대차 - 추돌,안전운전불이행,건조,맑음,기타 - 기타,승용,남,27세,사망,화물,남,41세,경상
2020110300100209,2020년 11월 3일 10시,화요일,충청남도 부여군 은산면,경상사고,0,0,2,0,차대차 - 측면충돌,안전운전불이행,건조,맑음,교차로 - 교차로안,화물,남,76세,경상,화물,남,48세,경상
2020110300100241,2020년 11월 3일 11시,화요일,충청남도 서천군 서천읍,중상사고,0,1,0,0,차대차 - 측면충돌,직진우회전진행방해,건조,맑음,교차로 - 교차로안,화물,남,66세,상해없음,이륜,남,70세,중상
2020110300100242,2020년 11월 3일 11시,화요일,충청남도 공주시 계룡면,경상사고,0,0,1,0,차대차 - 측면충돌,안전운전불이행,건조,맑음,교차로 - 교차로부근,승용,여,53세,상해없음,승용,여,57세,경상
2020110300100243,2020년 11월 3일 11시,화요일,충청남도 천안시 동남구 원성동,경상사고,0,0,2,0,차대차 - 기타,안전운전불이행,건조,맑음,단일로 - 기타,승용,남,47세,상해없음,승용,여,54세,경상
2020110300100273,2020년 11월 3일 12시,화요일,충청남도 보령시 동대동,중상사고,0,2,0,0,차대차 - 기타,직진우회전진행방해,건조,맑음,교차로 - 교차로안,승용,남,52세,상해없음,승용,남,27세,중상
2020110300100310,2020년 11월 3일 13시,화요일,충청남도 아산시 실옥동,경상사고,0,0,1,0,차대사람 - 횡단중,안전운전불이행,건조,맑음,교차로 - 교차로횡단보도내,승용,남,51세,상해없음,보행자,남,8세,경상
2020110300100311,2020년 11월 3일 13시,화요일,충청남도 공주시 산성동,경상사고,0,0,1,0,차대차 - 기타,안전운전불이행,건조,맑음,교차로 - 교차로안,이륜,남,25세,경상,승용,여,45세,상해없음
2020110300100341,2020년 11월 3일 14시,화요일,충청남도 서산시 성연면,경상사고,0,0,1,0,차대차 - 기타,중앙선침범,건조,맑음,교차로 - 교차로안,건설기계,남,58세,상해없음,승용,남,50세,경상
2020110300100342,2020년 11월 3일 14시,화요일,충청남도 천안시 서북구 성정동,경상사고,0,0,1,0,차대사람 - 횡단중,안전운전불이행,건조,맑음,단일로 - 기타,승용,여,32세,상해없음,보행자,여,40세,경상
2020110300100424,2020년 11월 3일 16시,화요일,충청남도 천안시 서북구 두정동,중상사고,0,1,0,0,차대차 - 측면충돌,안전운전불이행,건조,맑음,단일로 - 기타,승용,여,37세,상해없음,이륜,남,26세,중상
2020110300100425,2020년 11월 3일 16시,화요일,충청남도 아산시 모종동,경상사고,0,0,2,0,차대차 - 기타,신호위반,건조,맑음,교차로 - 교차로안,승용,남,65세,상해없음,승용,남,66세,경상
2020110300100471,2020년 11월 3일 17시,화요일,충청남도 천안시 서북구 직산읍,경상사고,0,0,1,0,차대차 - 측면충돌,안전운전불이행,건조,맑음,교차로 - 교차로안,승용,여,35세,상해없음,원동기,남,24세,경상
2020110300100472,2020년 11월 3일 17시,화요일,충청남도 논산시 연산면,경상사고,0,0,1,0,차대차 - 추돌,안전운전불이행,건조,맑음,단일로 - 기타,화물,남,66세,상해없음,승용,여,49세,경상
2020110300100473,2020년 11월 3일 17시,화요일,충청남도 천안시 동남구 목천읍,경상사고,0,0,8,0,차대차 - 추돌,안전운전불이행,건조,맑음,기타 - 기타,승용,남,22세,상해없음,승용,여,34세,경상
2020110300100528,2020년 11월 3일 18시,화요일,충청남도 논산시 부적면,경상사고,0,0,2,0,차대차 - 추돌,안전운전불이행,건조,맑음,교차로 - 교차로부근,화물,남,63세,상해없음,승용,남,35세,경상
2020110300100529,2020년 11월 3일 18시,화요일,충청남도 당진시 사기소리,중상사고,0,1,0,0,차대차 - 추돌,안전운전불이행,건조,기타,단일로 - 기타,화물,남,39세,상해없음,농기계,남,78세,중상
2020110300100530,2020년 11월 3일 18시,화요일,충청남도 당진시 송악읍,경상사고,0,0,3,0,차대차 - 추돌,안전운전불이행,건조,기타,교차로 - 교차로안,승용,남,48세,상해없음,승용,남,62세,경상
2020110300100583,2020년 11월 3일 19시,화요일,충청남도 천안시 서북구 쌍용동,경상사고,0,0,2,0,차대차 - 측면충돌,중앙선침범,건조,맑음,단일로 - 기타,화물,남,30세,경상,승용,남,57세,경상
2020110300100584,2020년 11월 3일 19시,화요일,충청남도 아산시 온천동,중상사고,0,1,0,0,차대차 - 측면충돌,안전운전불이행,건조,맑음,교차로 - 교차로안,이륜,남,45세,중상,승용,남,34세,상해없음
2020110300100585,2020년 11월 3일 19시,화요일,충청남도 금산군 부리면,사망사고,1,0,0,0,차대사람 - 횡단중,안전운전불이행,건조,맑음,단일로 - 기타,화물,남,52세,상해없음,보행자,여,76세,사망
2020110300100623,2020년 11월 3일 20시,화요일,충청남도 아산시 용화동,경상사고,0,0,1,0,차대차 - 측면충돌,신호위반,건조,맑음,교차로 - 교차로안,이륜,남,22세,상해없음,승용,여,34세,상해없음
2020110300100624,2020년 11월 3일 20시,화요일,충청남도 아산시 음봉면,부상신고사고,0,0,0,1,차대사람 - 차도통행중,안전운전불이행,건조,맑음,기타 - 기타,기타불명,기타불명,미분류,기타불명,보행자,남,21세,부상신고
2020110300100669,2020년 11월 3일 22시,화요일,충청남도 천안시 서북구 성정동,부상신고사고,0,0,0,1,차량단독 - 기타,안전운전불이행,건조,맑음,단일로 - 기타,이륜,남,22세,부상신고,,,,
2020110300100670,2020년 11월 3일 22시,화요일,충청남도 천안시 동남구 신부동,경상사고,0,0,2,0,차대차 - 기타,안전운전불이행,건조,맑음,단일로 - 기타,승용,남,40세,기타불명,승용,남,27세,경상
2020110400100020,2020년 11월 4일 01시,수요일,충청남도 천안시 동남구 광덕면,중상사고,0,1,0,0,차량단독 - 도로외이탈 - 기타,안전운전불이행,건조,맑음,단일로 - 기타,승용,남,59세,중상,,,,
2020110400100027,2020년 11월 4일 02시,수요일,충청남도 천안시 동남구 목천읍,경상사고,0,0,2,0,차대차 - 추돌,안전거리미확보,건조,맑음,단일로 - 기타,승용,남,48세,상해없음,승용,남,25세,경상
2020110400100040,2020년 11월 4일 05시,수요일,충청남도 천안시 서북구 쌍용동,중상사고,0,1,0,0,차대차 - 측면충돌,신호위반,건조,맑음,교차로 - 교차로안,승용,남,32세,상해없음,이륜,남,37세,중상
2020110400100049,2020년 11월 4일 06시,수요일,충청남도 서산시 잠홍동,사망사고,1,0,0,0,차대사람 - 보도통행중,안전운전불이행,건조,맑음,단일로 - 기타,승용,남,28세,상해없음,보행자,여,71세,사망
2020110400100050,2020년 11월 4일 06시,수요일,충청남도 부여군 외산면,중상사고,0,1,0,0,차대사람 - 차도통행중,안전운전불이행,건조,맑음,교차로 - 교차로안,승용,남,37세,상해없음,보행자,남,68세,중상
2020110400100116,2020년 11월 4일 08시,수요일,충청남도 천안시 서북구 백석동,경상사고,0,0,2,0,차대사람 - 횡단중,신호위반,건조,맑음,교차로 - 교차로안,화물,남,53세,상해없음,보행자,남,7세,경상
2020110400100117,2020년 11월 4일 08시,수요일,충청남도 서천군 화양면,중상사고,0,1,0,0,차대차 - 기타,안전운전불이행,건조,맑음,단일로 - 기타,승용,여,49세,상해없음,자전거,남,70세,중상
2020110400100118,2020년 11월 4일 08시,수요일,충청남도 예산군 삽교읍,경상사고,0,0,1,0,차대차 - 측면충돌,직진우회전진행방해,건조,맑음,교차로 - 교차로안,화물,남,61세,상해없음,화물,남,48세,경상
2020110400100119,2020년 11월 4일 08시,수요일,충청남도 금산군 제원면,경상사고,0,0,1,0,차대차 - 측면충돌,중앙선침범,건조,맑음,단일로 - 기타,화물,남,65세,상해없음,이륜,남,69세,경상
2020110400100120,2020년 11월 4일 08시,수요일,충청남도 청양군 남양면,중상사고,0,1,4,0,차대차 - 추돌,안전운전불이행,건조,맑음,교차로 - 교차로안,화물,남,70세,경상,승합,남,54세,경상
2020110400100171,2020년 11월 4일 09시,수요일,충청남도 아산시 둔포면,경상사고,0,0,1,0,차대차 - 기타,안전운전불이행,건조,맑음,기타 - 기타,화물,남,55세,상해없음,승용,남,28세,경상
2020110400100172,2020년 11월 4일 09시,수요일,충청남도 당진시 송악읍,경상사고,0,0,1,0,차대사람 - 차도통행중,안전운전불이행,건조,맑음,교차로 - 교차로안,화물,남,43세,상해없음,보행자,남,54세,경상
2020110400100209,2020년 11월 4일 10시,수요일,충청남도 천안시 서북구 성환읍,중상사고,0,1,0,0,차대사람 - 기타,안전운전불이행,건조,맑음,단일로 - 기타,화물,남,73세,상해없음,보행자,여,76세,중상
2020110400100256,2020년 11월 4일 11시,수요일,충청남도 공주시 옥룡동,사망사고,1,0,0,0,차대사람 - 차도통행중,안전운전불이행,건조,맑음,단일로 - 기타,승용,여,49세,상해없음,보행자,여,79세,사망
2020110400100301,2020년 11월 4일 12시,수요일,충청남도 천안시 동남구 목천읍,중상사고,0,1,1,0,차대차 - 측면충돌,직진우회전진행방해,건조,맑음,교차로 - 교차로안,승합,남,32세,경상,승용,남,61세,중상
2020110400100344,2020년 11월 4일 13시,수요일,충청남도 천안시 서북구 불당동,경상사고,0,0,1,0,차대사람 - 횡단중,보행자보호의무위반,건조,맑음,교차로 - 교차로횡단보도내,승용,남,60세,상해없음,보행자,여,56세,경상
2020110400100405,2020년 11월 4일 15시,수요일,충청남도 천안시 동남구 신방동,경상사고,0,0,3,0,차대차 - 측면충돌,안전거리미확보,건조,맑음,단일로 - 기타,화물,남,77세,상해없음,승합,남,35세,경상
2020110400100505,2020년 11월 4일 17시,수요일,충청남도 서산시 운산면,경상사고,0,0,1,0,차대차 - 정면충돌,안전운전불이행,건조,맑음,단일로 - 기타,농기계,남,66세,상해없음,승용,남,56세,경상
2020110400100506,2020년 11월 4일 17시,수요일,충청남도 논산시 반월동,중상사고,0,1,0,0,차대차 - 측면충돌,기타,건조,맑음,교차로 - 교차로안,이륜,남,17세,중상,승용,남,56세,상해없음
2020110400100507,2020년 11월 4일 17시,수요일,충청남도 홍성군 홍성읍,중상사고,0,1,0,0,차대사람 - 기타,안전운전불이행,건조,맑음,주차장 - 주차장,승용,남,50세,상해없음,보행자,남,76세,중상
2020110400100508,2020년 11월 4일 17시,수요일,충청남도 공주시 신관동,경상사고,0,0,2,0,차대차 - 기타,안전운전불이행,건조,맑음,단일로 - 기타,화물,남,64세,상해없음,승용,여,46세,경상
2020110400100549,2020년 11월 4일 18시,수요일,충청남도 천안시 서북구 불당동,경상사고,0,0,1,0,차대차 - 추돌,안전운전불이행,건조,맑음,단일로 - 기타,승용,남,37세,상해없음,이륜,남,41세,경상
2020110400100550,2020년 11월 4일 18시,수요일,충청남도 서천군 서천읍,경상사고,0,0,2,0,차대차 - 정면충돌,기타,건조,맑음,교차로 - 교차로안,승용,여,63세,경상,승용,여,53세,경상
2020110400100551,2020년 11월 4일 18시,수요일,충청남도 예산군 오가면,경상사고,0,0,1,0,차대차 - 측면충돌,차로위반,건조,맑음,단일로 - 기타,승용,남,38세,상해없음,승용,여,19세,경상
2020110400100552,2020년 11월 4일 18시,수요일,충청남도 부여군 부여읍,중상사고,0,3,0,0,차대차 - 추돌,안전운전불이행,건조,맑음,교차로 - 교차로안,화물,남,76세,상해없음,승용,남,34세,중상
2020110400100677,2020년 11월 4일 21시,수요일,충청남도 당진시 수청리,경상사고,0,0,1,0,차대사람 - 차도통행중,안전운전불이행,건조,맑음,단일로 - 기타,승합,남,40세,상해없음,보행자,남,65세,경상
2020110400100718,2020년 11월 4일 23시,수요일,충청남도 천안시 서북구 성정동,중상사고,0,1,0,0,차대사람 - 횡단중,안전운전불이행,건조,맑음,교차로 - 교차로안,승용,남,27세,상해없음,보행자,남,55세,중상
2020110500100152,2020년 11월 5일 09시,목요일,충청남도 태안군 태안읍,경상사고,0,0,1,0,차대차 - 측면충돌,안전운전불이행,건조,맑음,교차로 - 교차로안,승용,여,60세,상해없음,화물,남,55세,경상
2020110500100190,2020년 11월 5일 10시,목요일,충청남도 당진시 읍내리,경상사고,0,0,1,0,차대사람 - 차도통행중,안전운전불이행,건조,맑음,교차로 - 교차로안,승용,여,57세,상해없음,보행자,남,67세,경상
2020110500100212,2020년 11월 5일 11시,목요일,충청남도 서산시 팔봉면,경상사고,0,0,2,0,차대차 - 측면충돌,교차로운행방법위반,건조,맑음,교차로 - 교차로안,승용,남,65세,경상,화물,남,48세,상해없음
2020110500100248,2020년 11월 5일 12시,목요일,충청남도 천안시 동남구 대흥동,경상사고,0,0,1,0,차대차 - 정면충돌,중앙선침범,건조,맑음,단일로 - 지하차도(도로)내,화물,남,29세,상해없음,승용,남,66세,경상
2020110500100273,2020년 11월 5일 13시,목요일,충청남도 천안시 서북구 쌍용동,경상사고,0,0,2,0,차대차 - 측면충돌,교차로운행방법위반,건조,맑음,교차로 - 교차로안,승용,여,43세,경상,승용,여,49세,경상
2020110500100306,2020년 11월 5일 14시,목요일,충청남도 당진시 신평면,경상사고,0,0,1,0,차대사람 - 보도통행중,보행자보호의무위반,건조,맑음,교차로 - 교차로안,승용,여,40세,상해없음,보행자,남,45세,경상
2020110500100337,2020년 11월 5일 15시,목요일,충청남도 서산시 석남동,경상사고,0,0,1,0,차대차 - 추돌,안전운전불이행,건조,맑음,단일로 - 기타,이륜,남,47세,경상,승용,여,37세,기타불명
2020110500100338,2020년 11월 5일 15시,목요일,충청남도 서천군 서천읍,경상사고,0,0,6,0,차대차 - 추돌,안전운전불이행,건조,맑음,교차로 - 교차로안,화물,남,65세,상해없음,승합,남,63세,경상
2020110500100339,2020년 11월 5일 15시,목요일,충청남도 천안시 동남구 청당동,경상사고,0,0,1,0,차대차 - 추돌,안전운전불이행,건조,맑음,교차로 - 교차로부근,화물,남,49세,상해없음,승용,남,28세,경상
2020110500100406,2020년 11월 5일 17시,목요일,충청남도 홍성군 홍북읍,중상사고,0,1,0,0,차대차 - 측면충돌,교차로운행방법위반,건조,맑음,교차로 - 교차로안,건설기계,남,43세,상해없음,이륜,남,60세,중상
2020110500100407,2020년 11월 5일 17시,목요일,충청남도 보령시 남포면,중상사고,0,1,0,0,차대차 - 기타,신호위반,건조,맑음,단일로 - 기타,승합,남,61세,상해없음,이륜,남,77세,중상
2020110500100408,2020년 11월 5일 17시,목요일,충청남도 당진시 읍내리,중상사고,0,1,0,0,차대차 - 정면충돌,안전운전불이행,건조,맑음,교차로 - 교차로부근,승용,남,67세,상해없음,이륜,남,48세,중상
2020110500100583,2020년 11월 5일 20시,목요일,충청남도 천안시 서북구 불당동,경상사고,0,0,2,0,차대차 - 측면충돌,안전거리미확보,건조,맑음,단일로 - 기타,승용,남,19세,상해없음,승용,남,44세,경상
2020110500100584,2020년 11월 5일 20시,목요일,충청남도 천안시 동남구 목천읍,경상사고,0,0,1,0,차대차 - 기타,안전운전불이행,건조,맑음,단일로 - 기타,승용,남,65세,상해없음,화물,남,35세,경상
2020110500100609,2020년 11월 5일 21시,목요일,충청남도 아산시 권곡동,경상사고,0,0,1,0,차대차 - 정면충돌,신호위반,건조,맑음,교차로 - 교차로안,승용,남,36세,상해없음,승합,남,54세,경상
2020110500100640,2020년 11월 5일 22시,목요일,충청남도 천안시 서북구 백석동,경상사고,0,0,1,0,차대차 - 측면충돌,신호위반,건조,맑음,교차로 - 교차로안,승용,남,26세,상해없음,승용,남,36세,경상
2020110500100641,2020년 11월 5일 22시,목요일,충청남도 홍성군 홍성읍,경상사고,0,0,6,0,차대차 - 추돌,안전운전불이행,건조,맑음,단일로 - 기타,승용,남,27세,상해없음,승용,남,28세,경상
2020110500100656,2020년 11월 5일 23시,목요일,충청남도 서산시 석림동,경상사고,0,0,1,0,차대차 - 측면충돌,교차로운행방법위반,건조,맑음,교차로 - 교차로안,화물,남,51세,상해없음,승용,여,58세,경상
2020110600100023,2020년 11월 6일 01시,금요일,충청남도 서산시 성연면,경상사고,0,0,1,0,차대차 - 추돌,안전운전불이행,건조,맑음,교차로 - 교차로안,승용,남,31세,상해없음,승용,남,36세,경상
2020110600100033,2020년 11월 6일 02시,금요일,충청남도 천안시 동남구 풍세면,경상사고,0,0,1,0,차대차 - 기타,안전운전불이행,건조,맑음,단일로 - 기타,승용,여,22세,상해없음,승용,여,35세,경상
2020110600100055,2020년 11월 6일 05시,금요일,충청남도 보령시 대천동,경상사고,0,0,1,0,차대차 - 기타,안전운전불이행,건조,맑음,기타 - 기타,승용,남,40세,상해없음,자전거,남,75세,경상
2020110600100087,2020년 11월 6일 07시,금요일,충청남도 서산시 대산읍,경상사고,0,0,2,0,차대차 - 측면충돌,안전거리미확보,건조,맑음,교차로 - 교차로안,화물,남,76세,상해없음,승용,여,54세,경상
2020110600100088,2020년 11월 6일 07시,금요일,충청남도 서천군 한산면,중상사고,0,1,0,0,차대차 - 측면충돌,직진우회전진행방해,건조,맑음,교차로 - 교차로안,승합,남,79세,상해없음,화물,남,43세,상해없음
2020110600100109,2020년 11월 6일 08시,금요일,충청남도 천안시 서북구 백석동,경상사고,0,0,1,0,차대차 - 측면충돌,신호위반,건조,맑음,단일로 - 기타,승용,여,39세,상해없음,승용,남,73세,경상
2020110600100138,2020년 11월 6일 09시,금요일,충청남도 논산시 상월면,경상사고,0,0,1,0,차대차 - 기타,안전운전불이행,건조,맑음,단일로 - 기타,화물,남,30세,상해없음,화물,여,54세,상해없음
2020110600100163,2020년 11월 6일 10시,금요일,충청남도 아산시 음봉면,경상사고,0,0,1,0,차대차 - 정면충돌,안전운전불이행,건조,맑음,기타 - 기타,승용,여,24세,기타불명,자전거,여,11세,경상
2020110600100164,2020년 11월 6일 10시,금요일,충청남도 천안시 동남구 삼룡동,경상사고,0,0,3,0,차대차 - 기타,안전거리미확보,건조,맑음,단일로 - 교량,승용,여,67세,상해없음,승용,남,56세,경상
2020110600100165,2020년 11월 6일 10시,금요일,충청남도 태안군 태안읍,중상사고,0,1,0,0,차대차 - 측면충돌,직진우회전진행방해,건조,흐림,교차로 - 교차로안,승용,남,66세,상해없음,이륜,남,34세,중상
2020110600100192,2020년 11월 6일 11시,금요일,충청남도 서산시 운산면,경상사고,0,0,1,0,차대차 - 측면충돌,신호위반,건조,흐림,교차로 - 교차로안,승용,남,73세,상해없음,승용,여,65세,경상
2020110600100193,2020년 11월 6일 11시,금요일,충청남도 천안시 서북구 성정동,경상사고,0,0,2,0,차대차 - 추돌,안전운전불이행,건조,흐림,교차로 - 교차로부근,승용,남,40세,상해없음,승용,남,40세,경상
2020110600100307,2020년 11월 6일 15시,금요일,충청남도 아산시 둔포면,중상사고,0,2,2,0,차대차 - 추돌,안전운전불이행,건조,맑음,교차로 - 교차로부근,화물,남,29세,상해없음,승용,남,59세,중상
2020110600100347,2020년 11월 6일 16시,금요일,충청남도 논산시 취암동,중상사고,0,1,0,0,차대사람 - 보도통행중,기타,건조,맑음,교차로 - 교차로부근,승용,여,43세,상해없음,보행자,여,12세,중상
2020110600100348,2020년 11월 6일 16시,금요일,충청남도 아산시 둔포면,중상사고,0,1,0,0,차대차 - 기타,안전운전불이행,건조,맑음,단일로 - 기타,승용,남,80세,상해없음,이륜,남,42세,중상
2020110600100390,2020년 11월 6일 17시,금요일,충청남도 계룡시 엄사면,경상사고,0,0,2,0,차대차 - 추돌,안전운전불이행,건조,맑음,단일로 - 기타,화물,남,62세,상해없음,승용,남,43세,경상
2020110600100391,2020년 11월 6일 17시,금요일,충청남도 부여군 부여읍,중상사고,0,1,0,0,차대차 - 정면충돌,안전운전불이행,건조,맑음,교차로 - 교차로부근,화물,여,57세,상해없음,자전거,여,68세,중상
2020110600100442,2020년 11월 6일 18시,금요일,충청남도 서산시 예천동,경상사고,0,0,1,1,차대차 - 추돌,안전거리미확보,건조,맑음,교차로 - 교차로부근,승용,남,30세,부상신고,승용,남,39세,상해없음
2020110600100443,2020년 11월 6일 18시,금요일,충청남도 천안시 서북구 쌍용동,경상사고,0,0,1,0,차대차 - 추돌,안전운전불이행,건조,맑음,교차로 - 교차로부근,승용,여,55세,상해없음,승용,남,35세,경상
2020110600100444,2020년 11월 6일 18시,금요일,충청남도 아산시 음봉면,중상사고,0,1,0,0,차대차 - 기타,중앙선침범,건조,맑음,단일로 - 기타,승용,남,32세,상해없음,이륜,남,65세,중상
2020110600100445,2020년 11월 6일 18시,금요일,충청남도 예산군 광시면,중상사고,0,1,0,0,차량단독 - 도로외이탈 - 기타,안전운전불이행,건조,맑음,교차로 - 교차로부근,화물,남,64세,중상,,,,
2020110600100446,2020년 11월 6일 18시,금요일,충청남도 당진시 구룡리,경상사고,0,0,1,0,차대차 - 기타,중앙선침범,건조,맑음,기타 - 기타,승용,남,81세,상해없음,건설기계,남,62세,경상
2020110600100513,2020년 11월 6일 19시,금요일,충청남도 천안시 서북구 쌍용동,부상신고사고,0,0,0,1,차대차 - 측면충돌,신호위반,건조,맑음,교차로 - 교차로안,이륜,남,33세,부상신고,승용,남,49세,상해없음
2020110600100514,2020년 11월 6일 19시,금요일,충청남도 서천군 서천읍,경상사고,0,0,1,0,차대사람 - 기타,교차로운행방법위반,건조,맑음,교차로 - 교차로부근,승용,남,67세,상해없음,보행자,여,69세,경상
2020110600100515,2020년 11월 6일 19시,금요일,충청남도 천안시 동남구 광덕면,경상사고,0,0,1,0,차대차 - 추돌,안전거리미확보,건조,맑음,교차로 - 교차로부근,승용,남,29세,상해없음,승용,남,48세,경상
2020110600100585,2020년 11월 6일 21시,금요일,충청남도 천안시 서북구 성정동,중상사고,0,1,0,0,차대차 - 기타,안전거리미확보,건조,맑음,단일로 - 기타,기타불명,기타불명,미분류,기타불명,이륜,남,25세,중상