사고번호,사고일시,요일,시군구,사고내용,사망자수,중상자수,경상자수,부상신고자수,사고유형,법규위반,노면상태,기상상태,도로형태,가해운전자 차종,가해운전자 성별,가해운전자 연령,가해운전자 상해정도,피해운전자 차종,피해운전자 성별,피해운전자 연령,피해운전자 상해정도
2020111500100175,2020년 11월 15일 13시,일요일,충청남도 서산시 성연면,경상사고,0,0,1,0,차대차 - 추돌,안전거리미확보,건조,맑음,교차로 - 교차로부근,승용,남,45세,상해없음,승용,여,34세,경상
2020111500100176,2020년 11월 15일 13시,일요일,충청남도 천안시 서북구 쌍용동,경상사고,0,0,1,0,차대차 - 측면충돌,안전운전불이행,건조,맑음,기타 - 기타,승용,남,45세,상해없음,자전거,남,12세,경상
2020111500100177,2020년 11월 15일 13시,일요일,충청남도 천안시 서북구 두정동,경상사고,0,0,1,0,차대차 - 기타,직진우회전진행방해,건조,맑음,교차로 - 교차로안,승용,남,31세,상해없음,이륜,남,41세,경상
2020111500100207,2020년 11월 15일 14시,일요일,충청남도 천안시 서북구 성정동,경상사고,0,0,1,0,차량단독 - 기타,안전운전불이행,건조,맑음,단일로 - 기타,승합,남,36세,상해없음,,,,
2020111500100208,2020년 11월 15일 14시,일요일,충청남도 천안시 동남구 목천읍,경상사고,0,0,1,0,차대차 - 추돌,안전운전불이행,건조,맑음,교차로 - 교차로부근,승용,남,50세,상해없음,승용,남,40세,경상
2020111500100209,2020년 11월 15일 14시,일요일,충청남도 천안시 동남구 용곡동,중상사고,0,1,0,0,차량단독 - 기타,안전운전불이행,건조,맑음,단일로 - 기타,이륜,남,57세,중상,,,,
2020111500100241,2020년 11월 15일 15시,일요일,충청남도 아산시 득산동,경상사고,0,0,4,0,차대차 - 측면충돌,교차로운행방법위반,건조,맑음,교차로 - 교차로안,승용,남,31세,상해없음,승용,남,24세,경상
2020111500100279,2020년 11월 15일 16시,일요일,충청남도 보령시 천북면,경상사고,0,0,3,0,차대차 - 기타,중앙선침범,건조,맑음,단일로 - 기타,승용,남,71세,상해없음,승용,여,37세,경상
2020111500100339,2020년 11월 15일 18시,일요일,충청남도 서산시 동문동,경상사고,0,0,1,0,차대사람 - 횡단중,안전운전불이행,건조,맑음,교차로 - 교차로부근,승용,남,60세,상해없음,보행자,여,53세,경상
2020111500100340,2020년 11월 15일 18시,일요일,충청남도 논산시 채운면,경상사고,0,0,1,0,차대차 - 추돌,안전운전불이행,건조,맑음,교차로 - 교차로부근,승용,남,49세,상해없음,승용,남,45세,상해없음
2020111500100341,2020년 11월 15일 18시,일요일,충청남도 부여군 은산면,중상사고,0,1,0,0,차대차 - 추돌,안전운전불이행,건조,맑음,단일로 - 기타,이륜,남,70세,중상,화물,남,52세,기타불명
2020111500100342,2020년 11월 15일 18시,일요일,충청남도 천안시 서북구 입장면,경상사고,0,0,3,0,차대차 - 추돌,안전거리미확보,건조,맑음,단일로 - 기타,승합,남,31세,상해없음,승용,남,42세,경상
2020111500100439,2020년 11월 15일 21시,일요일,충청남도 아산시 방축동,중상사고,0,1,0,0,차대차 - 기타,신호위반,건조,맑음,교차로 - 교차로안,승용,남,18세,상해없음,이륜,남,28세,중상
2020111500100465,2020년 11월 15일 23시,일요일,충청남도 천안시 서북구 불당동,경상사고,0,0,1,0,차대차 - 측면충돌,안전운전불이행,건조,맑음,단일로 - 기타,승용,남,28세,상해없음,이륜,남,19세,경상
2020111500100466,2020년 11월 15일 23시,일요일,충청남도 청양군 정산면,사망사고,1,0,0,0,차대사람 - 차도통행중,과속,건조,맑음,단일로 - 기타,승용,여,27세,상해없음,보행자,남,51세,사망
2020111600100076,2020년 11월 16일 07시,월요일,충청남도 아산시 남동,경상사고,0,0,1,0,차대차 - 추돌,안전운전불이행,건조,맑음,단일로 - 기타,승용,남,45세,상해없음,승용,남,43세,경상
2020111600100108,2020년 11월 16일 08시,월요일,충청남도 보령시 명천동,중상사고,0,3,0,0,차대차 - 측면충돌,신호위반,건조,맑음,교차로 - 교차로안,승용,남,59세,상해없음,승용,남,51세,중상
2020111600100153,2020년 11월 16일 09시,월요일,충청남도 천안시 서북구 성거읍,경상사고,0,0,2,0,차대차 - 측면충돌,안전운전불이행,건조,맑음,단일로 - 기타,화물,남,86세,상해없음,화물,남,37세,경상
2020111600100154,2020년 11월 16일 09시,월요일,충청남도 홍성군 홍성읍,경상사고,0,0,1,0,차대차 - 추돌,안전운전불이행,젖음/습기,안개,교차로 - 교차로부근,승용,남,37세,상해없음,승용,남,36세,경상
2020111600100178,2020년 11월 16일 10시,월요일,충청남도 보령시 신흑동,경상사고,0,0,1,0,차대차 - 기타,안전운전불이행,건조,맑음,교차로 - 교차로안,승용,남,58세,상해없음,승용,남,63세,경상
2020111600100179,2020년 11월 16일 10시,월요일,충청남도 천안시 동남구 원성동,경상사고,0,0,1,0,차대차 - 측면충돌,직진우회전진행방해,건조,맑음,교차로 - 교차로안,승용,남,78세,상해없음,승용,남,51세,경상
2020111600100228,2020년 11월 16일 11시,월요일,충청남도 천안시 동남구 다가동,중상사고,0,1,0,0,차대사람 - 횡단중,안전운전불이행,건조,맑음,교차로 - 교차로안,화물,남,42세,상해없음,보행자,남,49세,중상
2020111600100298,2020년 11월 16일 13시,월요일,충청남도 보령시 대천동,중상사고,0,1,0,0,차대사람 - 기타,보행자보호의무위반,건조,맑음,교차로 - 교차로안,승용,여,30세,상해없음,보행자,여,80세,중상
2020111600100299,2020년 11월 16일 13시,월요일,충청남도 태안군 소원면,부상신고사고,0,0,0,1,차량단독 - 전도전복 - 전도,안전운전불이행,건조,맑음,단일로 - 기타,농기계,여,69세,부상신고,,,,
2020111600100410,2020년 11월 16일 16시,월요일,충청남도 천안시 동남구 봉명동,경상사고,0,0,1,0,차대차 - 측면충돌,안전운전불이행,건조,맑음,교차로 - 교차로안,승용,남,74세,상해없음,자전거,남,5세,경상
2020111600100411,2020년 11월 16일 16시,월요일,충청남도 태안군 태안읍,경상사고,0,0,3,0,차대차 - 측면충돌,신호위반,건조,맑음,교차로 - 교차로안,승용,남,68세,상해없음,승합,남,72세,경상
2020111600100457,2020년 11월 16일 17시,월요일,충청남도 논산시 강경읍,사망사고,1,0,0,0,차대차 - 정면충돌,중앙선침범,건조,맑음,단일로 - 기타,승용,여,56세,상해없음,화물,남,71세,사망
2020111600100517,2020년 11월 16일 18시,월요일,충청남도 공주시 신관동,경상사고,0,0,2,0,차대차 - 추돌,안전운전불이행,건조,맑음,교차로 - 교차로부근,승용,여,51세,상해없음,승용,남,51세,경상
2020111600100518,2020년 11월 16일 18시,월요일,충청남도 천안시 동남구 신부동,경상사고,0,0,1,0,차대차 - 측면충돌,안전운전불이행,건조,맑음,교차로 - 교차로안,승용,남,37세,상해없음,승합,남,47세,상해없음
2020111600100574,2020년 11월 16일 19시,월요일,충청남도 아산시 신창면,중상사고,0,1,0,0,차대차 - 기타,안전운전불이행,건조,맑음,교차로 - 교차로안,승용,여,44세,상해없음,이륜,남,35세,중상
2020111600100607,2020년 11월 16일 20시,월요일,충청남도 당진시 읍내리,경상사고,0,0,1,0,차대사람 - 횡단중,보행자보호의무위반,건조,맑음,교차로 - 교차로횡단보도내,승용,남,31세,상해없음,보행자,여,35세,경상
2020111600100629,2020년 11월 16일 21시,월요일,충청남도 홍성군 홍성읍,경상사고,0,0,1,0,차대차 - 추돌,안전운전불이행,건조,맑음,교차로 - 교차로부근,화물,남,57세,상해없음,승용,남,69세,경상
2020111600100630,2020년 11월 16일 21시,월요일,충청남도 천안시 동남구 구성동,사망사고,1,0,0,0,차대사람 - 기타,안전운전불이행,건조,맑음,교차로 - 교차로안,승용,남,49세,상해없음,보행자,남,69세,사망
2020111700100006,2020년 11월 17일 00시,화요일,충청남도 아산시 모종동,경상사고,0,0,1,0,차대차 - 기타,안전운전불이행,건조,맑음,단일로 - 기타,기타불명,기타불명,미분류,기타불명,자전거,남,53세,경상
2020111700100055,2020년 11월 17일 06시,화요일,충청남도 계룡시 금암동,사망사고,1,0,0,0,차량단독 - 도로외이탈 - 기타,안전운전불이행,건조,맑음,단일로 - 기타,승용,남,72세,사망,,,,
2020111700100069,2020년 11월 17일 07시,화요일,충청남도 아산시 온천동,중상사고,0,1,0,0,차대차 - 추돌,안전운전불이행,건조,맑음,교차로 - 교차로안,기타불명,남,89세,중상,승용,남,70세,상해없음
2020111700100070,2020년 11월 17일 07시,화요일,충청남도 태안군 남면,경상사고,0,0,1,0,차대차 - 측면충돌,중앙선침범,건조,흐림,교차로 - 교차로부근,승용,남,57세,상해없음,승합,남,54세,경상
2020111700100099,2020년 11월 17일 08시,화요일,충청남도 천안시 서북구 두정동,경상사고,0,0,1,0,차대차 - 추돌,안전운전불이행,건조,맑음,단일로 - 기타,승용,남,30세,상해없음,이륜,남,60세,경상
2020111700100100,2020년 11월 17일 08시,화요일,충청남도 천안시 서북구 성거읍,경상사고,0,0,1,0,차대차 - 측면충돌,중앙선침범,건조,맑음,단일로 - 기타,승용,여,25세,상해없음,승용,여,22세,경상
2020111700100101,2020년 11월 17일 08시,화요일,충청남도 아산시 신창면,경상사고,0,0,1,0,차대차 - 측면충돌,신호위반,건조,맑음,교차로 - 교차로안,농기계,남,58세,상해없음,자전거,남,12세,경상
2020111700100173,2020년 11월 17일 10시,화요일,충청남도 보령시 천북면,경상사고,0,0,1,0,차대차 - 측면충돌,안전운전불이행,건조,맑음,교차로 - 교차로안,승용,남,72세,상해없음,승용,여,58세,경상
2020111700100174,2020년 11월 17일 10시,화요일,충청남도 당진시 송악읍,중상사고,0,1,0,0,차대사람 - 차도통행중,안전운전불이행,건조,맑음,단일로 - 기타,화물,남,62세,상해없음,보행자,여,74세,중상
2020111700100175,2020년 11월 17일 10시,화요일,충청남도 천안시 동남구 신방동,경상사고,0,0,1,0,차대차 - 추돌,안전운전불이행,건조,맑음,교차로 - 교차로부근,승용,남,35세,상해없음,승용,남,58세,경상
2020111700100176,2020년 11월 17일 10시,화요일,충청남도 천안시 동남구 신방동,경상사고,0,0,2,0,차대차 - 기타,안전운전불이행,젖음/습기,맑음,교차로 - 교차로부근,승합,남,59세,기타불명,승용,남,27세,경상
2020111700100214,2020년 11월 17일 11시,화요일,충청남도 홍성군 홍성읍,중상사고,0,1,0,0,차대차 - 측면충돌,직진우회전진행방해,건조,맑음,교차로 - 교차로안,승합,남,23세,상해없음,이륜,남,69세,중상
2020111700100232,2020년 11월 17일 12시,화요일,충청남도 서산시 석림동,경상사고,0,0,1,0,차대차 - 추돌,안전거리미확보,건조,맑음,교차로 - 교차로부근,승용,남,28세,상해없음,승용,여,68세,경상
2020111700100233,2020년 11월 17일 12시,화요일,충청남도 아산시 배방읍,경상사고,0,0,2,0,차대차 - 기타,기타,건조,맑음,단일로 - 기타,건설기계,남,42세,상해없음,승용,남,61세,경상
2020111700100234,2020년 11월 17일 12시,화요일,충청남도 당진시 송악읍,경상사고,0,0,1,0,차대차 - 기타,안전운전불이행,건조,맑음,단일로 - 기타,기타불명,기타불명,미분류,기타불명,자전거,남,85세,경상
2020111700100235,2020년 11월 17일 12시,화요일,충청남도 청양군 청양읍,중상사고,0,1,0,0,차대차 - 측면충돌,직진우회전진행방해,건조,맑음,교차로 - 교차로안,화물,남,51세,상해없음,이륜,남,83세,중상
2020111700100293,2020년 11월 17일 14시,화요일,충청남도 보령시 주교면,경상사고,0,0,1,0,차대차 - 기타,중앙선침범,건조,맑음,단일로 - 기타,화물,남,77세,상해없음,승용,여,50세,경상
2020111700100294,2020년 11월 17일 14시,화요일,충청남도 금산군 추부면,경상사고,0,0,3,0,차대차 - 정면충돌,신호위반,젖음/습기,비,교차로 - 교차로안,승용,여,62세,경상,승용,남,80세,경상
2020111700100414,2020년 11월 17일 17시,화요일,충청남도 천안시 서북구 직산읍,경상사고,0,0,1,0,차대차 - 측면충돌,안전운전불이행,건조,맑음,교차로 - 교차로안,승용,남,28세,상해없음,승합,남,47세,경상
2020111700100415,2020년 11월 17일 17시,화요일,충청남도 천안시 동남구 풍세면,사망사고,1,0,0,0,차대사람 - 차도통행중,안전운전불이행,건조,맑음,단일로 - 기타,건설기계,남,54세,상해없음,보행자,남,23세,사망
2020111700100483,2020년 11월 17일 18시,화요일,충청남도 서산시 읍내동,경상사고,0,0,1,0,차대차 - 기타,안전운전불이행,건조,맑음,교차로 - 교차로안,승합,남,26세,상해없음,승용,여,45세,경상
2020111700100484,2020년 11월 17일 18시,화요일,충청남도 논산시 지산동,중상사고,0,1,1,0,차대차 - 측면충돌,중앙선침범,건조,맑음,단일로 - 기타,승용,남,65세,상해없음,승용,여,55세,중상
2020111700100485,2020년 11월 17일 18시,화요일,충청남도 아산시 음봉면,경상사고,0,0,1,0,차대차 - 측면충돌,안전운전불이행,건조,맑음,단일로 - 기타,승용,남,69세,상해없음,승용,여,50세,경상
2020111700100486,2020년 11월 17일 18시,화요일,충청남도 서천군 장항읍,중상사고,0,1,0,0,차대차 - 측면충돌,안전운전불이행,건조,맑음,교차로 - 교차로안,승용,남,57세,상해없음,원동기,남,42세,중상
2020111700100543,2020년 11월 17일 19시,화요일,충청남도 천안시 서북구 불당동,경상사고,0,0,3,0,차대차 - 측면충돌,안전운전불이행,건조,맑음,단일로 - 기타,이륜,남,30세,경상,승용,여,38세,경상
2020111700100544,2020년 11월 17일 19시,화요일,충청남도 천안시 서북구 쌍용동,경상사고,0,0,1,0,차대차 - 기타,안전운전불이행,젖음/습기,비,교차로 - 교차로안,승용,여,25세,상해없음,이륜,남,55세,경상
2020111700100545,2020년 11월 17일 19시,화요일,충청남도 예산군 삽교읍,중상사고,0,1,1,0,차대차 - 추돌,안전운전불이행,젖음/습기,비,교차로 - 교차로부근,화물,남,59세,경상,승용,여,53세,중상
2020111700100589,2020년 11월 17일 20시,화요일,충청남도 천안시 동남구 신부동,중상사고,0,1,0,0,차대사람 - 횡단중,신호위반,건조,맑음,교차로 - 교차로횡단보도내,이륜,남,19세,상해없음,보행자,남,43세,중상
2020111700100635,2020년 11월 17일 22시,화요일,충청남도 천안시 동남구 봉명동,경상사고,0,0,1,0,차대차 - 측면충돌,안전운전불이행,젖음/습기,비,단일로 - 기타,승용,남,56세,상해없음,화물,남,60세,경상
2020111700100636,2020년 11월 17일 22시,화요일,충청남도 공주시 송선동,중상사고,0,1,0,0,차량단독 - 공작물충돌,안전운전불이행,젖음/습기,비,단일로 - 기타,승용,남,28세,상해없음,,,,
2020111800100125,2020년 11월 18일 08시,수요일,충청남도 아산시 권곡동,경상사고,0,0,2,0,차대차 - 측면충돌,직진우회전진행방해,건조,맑음,교차로 - 교차로안,승용,여,56세,기타불명,승용,남,48세,경상
2020111800100126,2020년 11월 18일 08시,수요일,충청남도 당진시 우두리,경상사고,0,0,2,0,차대차 - 측면충돌,안전운전불이행,건조,맑음,단일로 - 기타,승용,여,34세,상해없음,승용,여,32세,경상
2020111800100165,2020년 11월 18일 09시,수요일,충청남도 홍성군 홍성읍,경상사고,0,0,1,0,차대차 - 측면충돌,중앙선침범,건조,맑음,단일로 - 기타,승용,남,51세,상해없음,이륜,남,48세,경상
2020111800100166,2020년 11월 18일 09시,수요일,충청남도 보령시 남포면,경상사고,0,0,1,0,차대차 - 측면충돌,안전운전불이행,건조,맑음,단일로 - 기타,승합,여,53세,상해없음,화물,여,63세,경상
2020111800100167,2020년 11월 18일 09시,수요일,충청남도 공주시 신관동,경상사고,0,0,1,0,차대차 - 추돌,안전운전불이행,건조,맑음,단일로 - 기타,화물,남,63세,상해없음,승용,남,67세,경상
2020111800100235,2020년 11월 18일 11시,수요일,충청남도 서천군 서천읍,중상사고,0,1,0,0,차대차 - 측면충돌,직진우회전진행방해,건조,맑음,교차로 - 교차로안,화물,남,70세,상해없음,이륜,남,81세,중상
2020111800100299,2020년 11월 18일 13시,수요일,충청남도 서산시 예천동,경상사고,0,0,1,0,차대차 - 추돌,불법유턴,젖음/습기,비,교차로 - 교차로안,화물,남,47세,상해없음,화물,남,41세,경상
2020111800100300,2020년 11월 18일 13시,수요일,충청남도 청양군 청양읍,경상사고,0,0,1,0,차대사람 - 차도통행중,직진우회전진행방해,건조,맑음,교차로 - 교차로안,승용,남,63세,상해없음,보행자,여,89세,경상
2020111800100301,2020년 11월 18일 13시,수요일,충청남도 태안군 태안읍,중상사고,0,1,0,0,차대차 - 추돌,교차로운행방법위반,건조,맑음,교차로 - 교차로부근,승용,남,75세,상해없음,이륜,남,81세,중상
2020111800100328,2020년 11월 18일 14시,수요일,충청남도 서산시 읍내동,경상사고,0,0,1,0,차대차 - 정면충돌,신호위반,젖음/습기,비,교차로 - 교차로안,승용,여,44세,상해없음,승용,남,45세,경상
2020111800100329,2020년 11월 18일 14시,수요일,충청남도 홍성군 서부면,중상사고,0,2,2,0,차대차 - 측면충돌,신호위반,건조,맑음,교차로 - 교차로안,승용,남,59세,경상,승용,남,70세,중상
2020111800100330,2020년 11월 18일 14시,수요일,충청남도 서천군 한산면,경상사고,0,0,1,0,차대차 - 측면충돌,안전운전불이행,젖음/습기,흐림,교차로 - 교차로안,승용,남,32세,상해없음,승용,남,52세,경상
2020111800100331,2020년 11월 18일 14시,수요일,충청남도 보령시 대천동,경상사고,0,0,4,0,차대차 - 추돌,안전운전불이행,젖음/습기,비,단일로 - 기타,화물,여,58세,상해없음,화물,남,59세,경상
2020111800100332,2020년 11월 18일 14시,수요일,충청남도 천안시 동남구 봉명동,경상사고,0,0,1,0,차대차 - 기타,안전거리미확보,젖음/습기,흐림,교차로 - 교차로부근,승용,남,63세,상해없음,승용,남,37세,경상
2020111800100402,2020년 11월 18일 16시,수요일,충청남도 보령시 명천동,경상사고,0,0,1,0,차대차 - 측면충돌,신호위반,건조,맑음,교차로 - 교차로안,승용,여,48세,상해없음,승용,여,54세,경상
2020111800100403,2020년 11월 18일 16시,수요일,충청남도 청양군 청양읍,경상사고,0,0,1,0,차대사람 - 횡단중,보행자보호의무위반,건조,흐림,교차로 - 교차로안,승용,남,24세,상해없음,보행자,여,44세,경상
2020111800100404,2020년 11월 18일 16시,수요일,충청남도 천안시 동남구 풍세면,경상사고,0,0,2,0,차대차 - 기타,중앙선침범,젖음/습기,비,단일로 - 기타,화물,남,61세,상해없음,승용,남,65세,경상
2020111800100452,2020년 11월 18일 17시,수요일,충청남도 천안시 서북구 백석동,경상사고,0,0,1,0,차대차 - 측면충돌,안전운전불이행,젖음/습기,비,교차로 - 교차로안,승용,남,45세,상해없음,승용,여,49세,경상
2020111800100503,2020년 11월 18일 18시,수요일,충청남도 아산시 탕정면,경상사고,0,0,1,0,차대차 - 기타,안전운전불이행,젖음/습기,비,교차로 - 교차로횡단보도내,승용,여,48세,상해없음,자전거,남,15세,경상
2020111800100504,2020년 11월 18일 18시,수요일,충청남도 천안시 동남구 구성동,경상사고,0,0,1,0,차대차 - 측면충돌,차로위반,젖음/습기,비,단일로 - 기타,승용,남,52세,상해없음,승용,남,19세,상해없음
2020111800100578,2020년 11월 18일 19시,수요일,충청남도 서산시 읍내동,경상사고,0,0,3,0,차대차 - 추돌,안전운전불이행,젖음/습기,흐림,교차로 - 교차로안,승합,남,44세,상해없음,승용,남,40세,경상
2020111800100579,2020년 11월 18일 19시,수요일,충청남도 천안시 서북구 직산읍,경상사고,0,0,1,0,차대차 - 측면충돌,안전거리미확보,젖음/습기,맑음,단일로 - 기타,승용,남,71세,상해없음,승용,남,35세,경상
2020111800100646,2020년 11월 18일 21시,수요일,충청남도 아산시 둔포면,사망사고,1,0,0,0,차대사람 - 기타,안전운전불이행,젖음/습기,비,단일로 - 기타,화물,남,46세,상해없음,보행자,남,75세,사망
2020111800100672,2020년 11월 18일 22시,수요일,충청남도 천안시 서북구 두정동,경상사고,0,0,8,0,차대차 - 추돌,과속,젖음/습기,비,단일로 - 기타,승용,남,28세,경상,승용,남,38세,경상
2020111800100673,2020년 11월 18일 22시,수요일,충청남도 천안시 동남구 신방동,경상사고,0,0,1,0,차대차 - 기타,안전거리미확보,젖음/습기,비,단일로 - 기타,이륜,남,49세,경상,승용,여,22세,상해없음
2020111800100694,2020년 11월 18일 23시,수요일,충청남도 서산시 성연면,중상사고,0,1,0,0,차대사람 - 횡단중,보행자보호의무위반,젖음/습기,비,단일로 - 기타,승용,남,35세,상해없음,보행자,남,36세,중상
2020111900100008,2020년 11월 19일 00시,목요일,충청남도 천안시 서북구 백석동,경상사고,0,0,1,0,차대차 - 추돌,안전운전불이행,젖음/습기,비,교차로 - 교차로부근,승용,여,47세,상해없음,화물,남,51세,경상
2020111900100050,2020년 11월 19일 04시,목요일,충청남도 천안시 서북구 직산읍,경상사고,0,0,1,0,차대차 - 정면충돌,중앙선침범,젖음/습기,흐림,단일로 - 기타,승용,남,44세,상해없음,승용,남,48세,경상
2020111900100079,2020년 11월 19일 06시,목요일,충청남도 천안시 서북구 백석동,경상사고,0,0,1,0,차대차 - 측면충돌,안전운전불이행,건조,맑음,단일로 - 기타,화물,남,64세,상해없음,승용,남,40세,경상
2020111900100080,2020년 11월 19일 06시,목요일,충청남도 천안시 동남구 봉명동,중상사고,0,1,0,0,차대사람 - 횡단중,보행자보호의무위반,젖음/습기,비,교차로 - 교차로안,승합,남,52세,상해없음,보행자,여,76세,중상
2020111900100081,2020년 11월 19일 06시,목요일,충청남도 당진시 읍내리,중상사고,0,1,0,0,차대사람 - 보도통행중,신호위반,젖음/습기,비,교차로 - 교차로안,승용,남,26세,상해없음,보행자,남,35세,중상
2020111900100082,2020년 11월 19일 06시,목요일,충청남도 당진시 송악읍,사망사고,1,0,0,0,차대사람 - 차도통행중,안전운전불이행,젖음/습기,비,단일로 - 기타,화물,남,56세,상해없음,보행자,남,76세,사망
2020111900100122,2020년 11월 19일 07시,목요일,충청남도 천안시 서북구 백석동,경상사고,0,0,1,1,차대차 - 측면충돌,안전운전불이행,젖음/습기,비,교차로 - 교차로안,승용,남,30세,부상신고,승용,남,28세,경상
2020111900100166,2020년 11월 19일 08시,목요일,충청남도 천안시 서북구 두정동,경상사고,0,0,1,0,차대차 - 기타,교차로운행방법위반,젖음/습기,비,교차로 - 교차로안,승합,남,39세,상해없음,승용,여,43세,경상
2020111900100167,2020년 11월 19일 08시,목요일,충청남도 보령시 동대동,경상사고,0,0,1,0,차대차 - 측면충돌,신호위반,젖음/습기,비,교차로 - 교차로안,승용,남,57세,상해없음,승용,여,30세,경상
2020111900100212,2020년 11월 19일 09시,목요일,충청남도 천안시 서북구 성거읍,중상사고,0,1,0,0,차대차 - 기타,안전운전불이행,젖음/습기,비,단일로 - 기타,기타불명,기타불명,미분류,기타불명,승용,남,68세,중상
2020111900100251,2020년 11월 19일 10시,목요일,충청남도 천안시 서북구 쌍용동,경상사고,0,0,2,0,차대차 - 기타,안전운전불이행,젖음/습기,비,단일로 - 기타,승용,여,48세,상해없음,승용,남,64세,경상
2020111900100252,2020년 11월 19일 10시,목요일,충청남도 천안시 동남구 원성동,경상사고,0,0,1,0,차대차 - 측면충돌,안전운전불이행,건조,맑음,교차로 - 교차로안,승용,남,70세,상해없음,승용,여,41세,경상
2020111900100318,2020년 11월 19일 12시,목요일,충청남도 천안시 서북구 불당동,경상사고,0,0,1,0,차대차 - 추돌,안전거리미확보,젖음/습기,비,단일로 - 기타,승용,여,24세,상해없음,승용,남,27세,경상
2020111900100319,2020년 11월 19일 12시,목요일,충청남도 아산시 용화동,경상사고,0,0,1,0,차대차 - 측면충돌,교차로운행방법위반,건조,맑음,교차로 - 교차로안,이륜,남,21세,경상,승용,여,53세,상해없음
2020111900100352,2020년 11월 19일 13시,목요일,충청남도 천안시 서북구 불당동,경상사고,0,0,1,0,차대사람 - 횡단중,신호위반,젖음/습기,비,교차로 - 교차로횡단보도내,화물,남,57세,상해없음,보행자,남,23세,경상
2020111900100353,2020년 11월 19일 13시,목요일,충청남도 아산시 신창면,경상사고,0,0,1,0,차대차 - 기타,안전운전불이행,젖음/습기,비,단일로 - 기타,화물,남,33세,상해없음,승용,남,66세,경상
2020111900100382,2020년 11월 19일 14시,목요일,충청남도 천안시 서북구 두정동,경상사고,0,0,1,0,차대차 - 기타,신호위반,젖음/습기,비,교차로 - 교차로안,승용,여,19세,상해없음,원동기,남,21세,경상
2020111900100383,2020년 11월 19일 14시,목요일,충청남도 당진시 읍내리,경상사고,0,0,3,0,차대차 - 측면충돌,교차로운행방법위반,건조,맑음,교차로 - 교차로안,승용,남,39세,경상,승용,여,59세,경상
2020111900100416,2020년 11월 19일 15시,목요일,충청남도 천안시 서북구 쌍용동,중상사고,0,1,0,0,차대차 - 기타,안전운전불이행,젖음/습기,비,단일로 - 기타,승용,남,51세,상해없음,자전거,남,74세,중상
2020111900100417,2020년 11월 19일 15시,목요일,충청남도 천안시 서북구 성정동,경상사고,0,0,1,0,차대차 - 기타,교차로운행방법위반,젖음/습기,흐림,교차로 - 교차로안,승용,여,44세,상해없음,이륜,남,48세,경상
2020111900100418,2020년 11월 19일 15시,목요일,충청남도 아산시 온천동,경상사고,0,0,1,0,차대차 - 측면충돌,교차로운행방법위반,젖음/습기,흐림,교차로 - 교차로안,승용,남,41세,상해없음,이륜,남,77세,경상
2020111900100451,2020년 11월 19일 16시,목요일,충청남도 천안시 동남구 봉명동,경상사고,0,0,1,0,차대사람 - 기타,안전운전불이행,건조,맑음,단일로 - 기타,승용,남,35세,상해없음,보행자,남,72세,경상
2020111900100489,2020년 11월 19일 17시,목요일,충청남도 서산시 예천동,중상사고,0,1,0,0,차대차 - 측면충돌,안전운전불이행,건조,맑음,단일로 - 기타,승용,여,31세,상해없음,승용,남,48세,중상
2020111900100490,2020년 11월 19일 17시,목요일,충청남도 천안시 서북구 두정동,경상사고,0,0,3,0,차대차 - 측면충돌,안전거리미확보,건조,맑음,단일로 - 고가도로위,승용,남,28세,상해없음,승합,남,50세,경상
2020111900100491,2020년 11월 19일 17시,목요일,충청남도 논산시 내동,중상사고,0,1,4,0,차대차 - 측면충돌,직진우회전진행방해,건조,맑음,교차로 - 교차로안,승용,남,46세,경상,승용,여,59세,중상
2020111900100540,2020년 11월 19일 18시,목요일,충청남도 서산시 예천동,경상사고,0,0,1,0,차대차 - 측면충돌,교차로운행방법위반,건조,맑음,교차로 - 교차로안,승용,여,54세,상해없음,승용,여,46세,경상
2020111900100541,2020년 11월 19일 18시,목요일,충청남도 아산시 인주면,경상사고,0,0,1,0,차대차 - 측면충돌,안전거리미확보,건조,맑음,단일로 - 기타,화물,남,50세,상해없음,승용,남,24세,경상
2020111900100593,2020년 11월 19일 19시,목요일,충청남도 서산시 대산읍,중상사고,0,1,0,0,차대사람 - 횡단중,안전운전불이행,건조,맑음,교차로 - 교차로안,승용,남,41세,상해없음,보행자,남,64세,중상
2020111900100594,2020년 11월 19일 19시,목요일,충청남도 예산군 오가면,중상사고,0,1,0,0,차대차 - 측면충돌,신호위반,젖음/습기,비,교차로 - 교차로안,승용,남,60세,상해없음,승용,남,40세,중상
2020111900100595,2020년 11월 19일 19시,목요일,충청남도 당진시 읍내리,중상사고,0,1,1,0,차대사람 - 기타,보행자보호의무위반,건조,기타,교차로 - 교차로횡단보도내,승용,남,47세,상해없음,보행자,남,71세,경상
2020111900100617,2020년 11월 19일 20시,목요일,충청남도 천안시 서북구 쌍용동,부상신고사고,0,0,0,1,차대차 - 측면충돌,안전거리미확보,건조,맑음,단일로 - 기타,승용,남,36세,상해없음,승용,남,28세,부상신고
2020111900100649,2020년 11월 19일 21시,목요일,충청남도 당진시 수청리,경상사고,0,0,2,0,차대차 - 측면충돌,신호위반,건조,기타,교차로 - 교차로안,승용,남,45세,상해없음,승용,여,54세,경상