사고번호,사고일시,요일,시군구,사고내용,사망자수,중상자수,경상자수,부상신고자수,사고유형,법규위반,노면상태,기상상태,도로형태,가해운전자 차종,가해운전자 성별,가해운전자 연령,가해운전자 상해정도,피해운전자 차종,피해운전자 성별,피해운전자 연령,피해운전자 상해정도
2020112500100475,2020년 11월 25일 18시,수요일,충청남도 아산시 권곡동,경상사고,0,0,1,0,차대차 - 기타,안전운전불이행,건조,맑음,교차로 - 교차로부근,승용,남,48세,상해없음,이륜,남,37세,경상
2020112500100476,2020년 11월 25일 18시,수요일,충청남도 당진시 송산면,경상사고,0,0,1,0,차대차 - 측면충돌,차로위반,건조,맑음,교차로 - 교차로부근,특수,남,55세,상해없음,승용,남,28세,경상
2020112500100477,2020년 11월 25일 18시,수요일,충청남도 태안군 태안읍,경상사고,0,0,1,0,차대차 - 측면충돌,교차로운행방법위반,건조,맑음,교차로 - 교차로안,승용,남,23세,경상,건설기계,남,40세,상해없음
2020112500100532,2020년 11월 25일 19시,수요일,충청남도 당진시 석문면,경상사고,0,0,2,0,차대차 - 측면충돌,신호위반,건조,맑음,교차로 - 교차로안,승용,남,62세,상해없음,승용,남,36세,경상
2020112500100533,2020년 11월 25일 19시,수요일,충청남도 당진시 송악읍,경상사고,0,0,1,0,차대차 - 측면충돌,교차로운행방법위반,건조,맑음,교차로 - 교차로안,승용,남,31세,상해없음,승용,여,55세,경상
2020112500100557,2020년 11월 25일 20시,수요일,충청남도 아산시 득산동,경상사고,0,0,1,0,차대차 - 추돌,안전운전불이행,건조,맑음,교차로 - 교차로부근,승용,남,40세,상해없음,승용,남,64세,상해없음
2020112500100558,2020년 11월 25일 20시,수요일,충청남도 공주시 반포면,경상사고,0,0,2,0,차대차 - 추돌,안전운전불이행,건조,맑음,단일로 - 기타,승용,여,61세,경상,승용,여,44세,경상
2020112600100007,2020년 11월 26일 00시,목요일,충청남도 천안시 서북구 성거읍,경상사고,0,0,1,0,차대차 - 추돌,안전운전불이행,건조,맑음,교차로 - 교차로부근,기타불명,기타불명,미분류,기타불명,승용,남,36세,경상
2020112600100030,2020년 11월 26일 03시,목요일,충청남도 아산시 배방읍,중상사고,0,1,0,0,차대차 - 측면충돌,신호위반,건조,맑음,교차로 - 교차로안,승합,남,58세,상해없음,승용,여,28세,중상
2020112600100056,2020년 11월 26일 06시,목요일,충청남도 천안시 서북구 불당동,경상사고,0,0,2,0,차대차 - 측면충돌,신호위반,건조,맑음,교차로 - 교차로안,승용,남,54세,상해없음,승용,남,69세,경상
2020112600100057,2020년 11월 26일 06시,목요일,충청남도 천안시 서북구 직산읍,경상사고,0,0,1,0,차대차 - 측면충돌,안전거리미확보,건조,맑음,단일로 - 기타,승용,남,42세,상해없음,화물,남,64세,경상
2020112600100101,2020년 11월 26일 08시,목요일,충청남도 아산시 권곡동,경상사고,0,0,1,0,차대차 - 추돌,안전운전불이행,건조,맑음,단일로 - 기타,승용,여,23세,기타불명,승용,남,58세,경상
2020112600100137,2020년 11월 26일 09시,목요일,충청남도 부여군 세도면,중상사고,0,1,0,0,차대차 - 측면충돌,교차로운행방법위반,건조,맑음,교차로 - 교차로안,화물,남,62세,상해없음,이륜,남,71세,중상
2020112600100162,2020년 11월 26일 10시,목요일,충청남도 천안시 서북구 두정동,경상사고,0,0,1,0,차대차 - 정면충돌,교차로운행방법위반,건조,맑음,교차로 - 교차로안,승용,남,43세,상해없음,승용,남,31세,경상
2020112600100194,2020년 11월 26일 11시,목요일,충청남도 천안시 서북구 성정동,경상사고,0,0,1,0,차대차 - 측면충돌,차로위반,건조,맑음,단일로 - 기타,건설기계,남,43세,상해없음,승용,여,59세,경상
2020112600100218,2020년 11월 26일 12시,목요일,충청남도 서산시 석림동,중상사고,0,1,0,0,차대사람 - 횡단중,신호위반,건조,맑음,교차로 - 교차로횡단보도내,화물,남,56세,상해없음,보행자,여,18세,중상
2020112600100219,2020년 11월 26일 12시,목요일,충청남도 당진시 송악읍,경상사고,0,0,1,0,차대사람 - 보도통행중,보행자보호의무위반,건조,맑음,교차로 - 교차로횡단보도내,승용,여,50세,상해없음,보행자,남,7세,경상
2020112600100220,2020년 11월 26일 12시,목요일,충청남도 태안군 태안읍,중상사고,0,1,0,0,차대사람 - 횡단중,안전운전불이행,건조,맑음,단일로 - 기타,승용,여,63세,상해없음,보행자,남,54세,중상
2020112600100251,2020년 11월 26일 13시,목요일,충청남도 서산시 부석면,부상신고사고,0,0,0,1,차대차 - 측면충돌,신호위반,건조,맑음,교차로 - 교차로안,화물,여,54세,상해없음,승용,남,74세,부상신고
2020112600100278,2020년 11월 26일 14시,목요일,충청남도 서산시 해미면,중상사고,0,1,0,0,차대차 - 측면충돌,안전운전불이행,건조,맑음,단일로 - 기타,승용,남,49세,상해없음,이륜,남,78세,중상
2020112600100316,2020년 11월 26일 15시,목요일,충청남도 홍성군 결성면,중상사고,0,1,1,0,차대차 - 정면충돌,중앙선침범,건조,맑음,단일로 - 기타,화물,남,60세,상해없음,승용,여,62세,경상
2020112600100317,2020년 11월 26일 15시,목요일,충청남도 공주시 유구읍,중상사고,0,1,0,0,차량단독 - 도로외이탈 - 추락,안전운전불이행,건조,맑음,단일로 - 기타,이륜,남,53세,중상,,,,
2020112600100355,2020년 11월 26일 16시,목요일,충청남도 천안시 서북구 쌍용동,중상사고,0,1,0,0,차대사람 - 횡단중,보행자보호의무위반,건조,맑음,교차로 - 교차로횡단보도내,승용,여,51세,상해없음,보행자,여,8세,중상
2020112600100356,2020년 11월 26일 16시,목요일,충청남도 천안시 서북구 불당동,경상사고,0,0,1,0,차대차 - 추돌,안전거리미확보,건조,맑음,교차로 - 교차로부근,승용,여,47세,상해없음,승용,남,37세,경상
2020112600100357,2020년 11월 26일 16시,목요일,충청남도 보령시 대천동,경상사고,0,0,1,0,차대차 - 측면충돌,안전운전불이행,건조,맑음,단일로 - 기타,승용,남,37세,상해없음,이륜,남,45세,경상
2020112600100391,2020년 11월 26일 17시,목요일,충청남도 천안시 서북구 두정동,경상사고,0,0,2,0,차대차 - 측면충돌,신호위반,건조,맑음,교차로 - 교차로안,승용,남,50세,상해없음,승용,남,34세,경상
2020112600100392,2020년 11월 26일 17시,목요일,충청남도 천안시 서북구 성환읍,경상사고,0,0,1,0,차대차 - 측면충돌,안전운전불이행,건조,맑음,단일로 - 기타,승용,남,50세,상해없음,승용,남,22세,경상
2020112600100393,2020년 11월 26일 17시,목요일,충청남도 논산시 은진면,중상사고,0,2,0,0,차량단독 - 공작물충돌,안전운전불이행,건조,맑음,교차로 - 교차로부근,화물,남,61세,중상,,,,
2020112600100394,2020년 11월 26일 17시,목요일,충청남도 공주시 신관동,경상사고,0,0,1,0,차대사람 - 횡단중,보행자보호의무위반,건조,맑음,교차로 - 교차로횡단보도내,승용,남,56세,상해없음,보행자,여,26세,경상
2020112600100448,2020년 11월 26일 18시,목요일,충청남도 서산시 읍내동,경상사고,0,0,1,0,차대차 - 기타,중앙선침범,건조,맑음,교차로 - 교차로안,승용,여,64세,상해없음,이륜,남,51세,경상
2020112600100449,2020년 11월 26일 18시,목요일,충청남도 논산시 취암동,중상사고,0,1,0,0,차대차 - 측면충돌,신호위반,건조,맑음,교차로 - 교차로부근,승용,여,75세,상해없음,이륜,남,77세,중상
2020112600100450,2020년 11월 26일 18시,목요일,충청남도 홍성군 홍북읍,경상사고,0,0,1,0,차대차 - 측면충돌,안전운전불이행,건조,맑음,교차로 - 교차로안,승용,남,40세,상해없음,이륜,남,45세,경상
2020112600100451,2020년 11월 26일 18시,목요일,충청남도 아산시 배방읍,경상사고,0,0,1,0,차대차 - 기타,안전운전불이행,건조,맑음,교차로 - 교차로안,승용,여,33세,기타불명,승용,여,32세,경상
2020112600100452,2020년 11월 26일 18시,목요일,충청남도 당진시 신평면,중상사고,0,1,0,0,차대사람 - 차도통행중,안전운전불이행,건조,맑음,단일로 - 기타,승용,남,32세,상해없음,보행자,여,75세,중상
2020112600100506,2020년 11월 26일 19시,목요일,충청남도 천안시 서북구 두정동,경상사고,0,0,2,0,차대차 - 측면충돌,과속,건조,맑음,단일로 - 기타,승용,남,27세,상해없음,승용,여,54세,경상
2020112600100507,2020년 11월 26일 19시,목요일,충청남도 아산시 온천동,중상사고,0,1,0,0,차대차 - 정면충돌,안전운전불이행,건조,맑음,교차로 - 교차로안,승용,남,51세,상해없음,이륜,남,53세,중상
2020112600100508,2020년 11월 26일 19시,목요일,충청남도 천안시 동남구 구성동,경상사고,0,0,1,0,차대차 - 추돌,안전운전불이행,건조,맑음,교차로 - 교차로부근,승용,남,55세,상해없음,승용,남,46세,경상
2020112600100578,2020년 11월 26일 21시,목요일,충청남도 천안시 동남구 봉명동,경상사고,0,0,1,0,차대사람 - 기타,안전운전불이행,건조,맑음,단일로 - 기타,승용,여,65세,상해없음,보행자,남,27세,경상
2020112600100609,2020년 11월 26일 23시,목요일,충청남도 보령시 죽정동,중상사고,0,1,0,0,차대차 - 측면충돌,안전운전불이행,건조,맑음,단일로 - 기타,승용,남,62세,상해없음,승용,남,18세,중상
2020112700100004,2020년 11월 27일 00시,금요일,충청남도 태안군 근흥면,부상신고사고,0,0,0,2,차량단독 - 공작물충돌,안전운전불이행,건조,맑음,단일로 - 기타,승용,여,59세,부상신고,,,,
2020112700100084,2020년 11월 27일 08시,금요일,충청남도 천안시 서북구 두정동,경상사고,0,0,1,4,차대차 - 측면충돌,교차로운행방법위반,건조,맑음,교차로 - 교차로안,승용,남,42세,부상신고,승용,남,58세,경상
2020112700100103,2020년 11월 27일 09시,금요일,충청남도 천안시 동남구 봉명동,경상사고,0,0,4,0,차대차 - 측면충돌,교차로운행방법위반,건조,맑음,교차로 - 교차로안,이륜,남,30세,경상,승용,여,39세,경상
2020112700100134,2020년 11월 27일 10시,금요일,충청남도 천안시 동남구 구성동,경상사고,0,0,1,0,차대차 - 측면충돌,안전운전불이행,건조,맑음,단일로 - 기타,승용,남,53세,상해없음,승용,남,22세,경상
2020112700100157,2020년 11월 27일 11시,금요일,충청남도 아산시 음봉면,중상사고,0,1,1,0,차대차 - 측면충돌,안전운전불이행,건조,흐림,교차로 - 교차로부근,승용,남,63세,중상,승용,남,47세,경상
2020112700100158,2020년 11월 27일 11시,금요일,충청남도 천안시 동남구 사직동,경상사고,0,0,1,0,차대차 - 기타,교차로운행방법위반,건조,맑음,교차로 - 교차로안,승용,남,55세,상해없음,화물,남,49세,경상
2020112700100185,2020년 11월 27일 12시,금요일,충청남도 홍성군 홍성읍,경상사고,0,0,1,0,차대차 - 정면충돌,중앙선침범,건조,맑음,교차로 - 교차로부근,승용,남,37세,상해없음,승용,여,63세,경상
2020112700100251,2020년 11월 27일 14시,금요일,충청남도 공주시 산성동,중상사고,0,1,0,0,차대사람 - 기타,안전운전불이행,건조,맑음,기타 - 기타,화물,남,49세,상해없음,보행자,여,86세,중상
2020112700100293,2020년 11월 27일 15시,금요일,충청남도 천안시 서북구 불당동,경상사고,0,0,1,0,차대차 - 추돌,안전운전불이행,건조,맑음,교차로 - 교차로안,승용,남,40세,상해없음,승용,여,30세,경상
2020112700100339,2020년 11월 27일 16시,금요일,충청남도 서산시 읍내동,중상사고,0,1,0,0,차대차 - 측면충돌,안전운전불이행,건조,맑음,교차로 - 교차로안,자전거,남,74세,중상,승용,남,48세,상해없음
2020112700100340,2020년 11월 27일 16시,금요일,충청남도 보령시 신흑동,경상사고,0,0,2,0,차대차 - 기타,신호위반,건조,맑음,교차로 - 교차로안,승합,남,29세,상해없음,승용,남,49세,경상
2020112700100341,2020년 11월 27일 16시,금요일,충청남도 보령시 죽정동,중상사고,0,1,0,0,차대사람 - 기타,안전운전불이행,건조,맑음,기타 - 기타,승용,여,41세,상해없음,보행자,남,12세,중상
2020112700100394,2020년 11월 27일 17시,금요일,충청남도 아산시 신창면,경상사고,0,0,1,0,차대차 - 추돌,안전운전불이행,건조,맑음,교차로 - 교차로안,승용,남,58세,상해없음,승용,여,47세,경상
2020112700100395,2020년 11월 27일 17시,금요일,충청남도 천안시 동남구 구룡동,경상사고,0,0,1,0,차대차 - 기타,신호위반,건조,맑음,교차로 - 교차로안,승용,남,53세,상해없음,이륜,남,40세,경상
2020112700100396,2020년 11월 27일 17시,금요일,충청남도 천안시 동남구 수신면,경상사고,0,0,5,0,차대차 - 기타,안전운전불이행,건조,맑음,단일로 - 기타,승합,남,37세,상해없음,승용,남,34세,경상
2020112700100460,2020년 11월 27일 18시,금요일,충청남도 아산시 온천동,경상사고,0,0,1,0,차대차 - 기타,신호위반,건조,맑음,교차로 - 교차로안,승합,남,59세,상해없음,이륜,남,29세,경상
2020112700100461,2020년 11월 27일 18시,금요일,충청남도 서천군 서천읍,경상사고,0,0,2,0,차대차 - 측면충돌,직진우회전진행방해,건조,맑음,교차로 - 교차로안,승용,여,62세,경상,승용,여,56세,경상
2020112700100462,2020년 11월 27일 18시,금요일,충청남도 당진시 석문면,중상사고,0,3,1,0,차대차 - 측면충돌,직진우회전진행방해,건조,맑음,교차로 - 교차로안,승용,남,62세,중상,승용,남,64세,중상
2020112700100463,2020년 11월 27일 18시,금요일,충청남도 천안시 동남구 풍세면,경상사고,0,0,2,0,차대차 - 기타,안전운전불이행,건조,맑음,단일로 - 기타,기타불명,기타불명,미분류,기타불명,승용,기타불명,미분류,기타불명
2020112700100610,2020년 11월 27일 21시,금요일,충청남도 천안시 서북구 성정동,경상사고,0,0,1,0,차대사람 - 차도통행중,안전운전불이행,건조,맑음,단일로 - 기타,승용,여,50세,상해없음,보행자,남,62세,경상
2020112700100611,2020년 11월 27일 21시,금요일,충청남도 아산시 온천동,경상사고,0,0,1,0,차대차 - 기타,안전운전불이행,건조,맑음,교차로 - 교차로안,화물,남,54세,상해없음,승용,여,22세,상해없음
2020112700100612,2020년 11월 27일 21시,금요일,충청남도 아산시 권곡동,경상사고,0,0,1,0,차대차 - 정면충돌,안전운전불이행,건조,맑음,단일로 - 기타,승용,여,61세,기타불명,승합,남,56세,경상
2020112700100639,2020년 11월 27일 22시,금요일,충청남도 천안시 서북구 쌍용동,중상사고,0,1,0,0,차대사람 - 횡단중,신호위반,건조,맑음,교차로 - 교차로횡단보도내,승용,남,58세,상해없음,보행자,여,21세,중상
2020112700100640,2020년 11월 27일 22시,금요일,충청남도 천안시 서북구 업성동,경상사고,0,0,4,0,차대차 - 추돌,안전운전불이행,건조,맑음,단일로 - 기타,승용,남,33세,상해없음,승용,남,43세,경상
2020112700100641,2020년 11월 27일 22시,금요일,충청남도 아산시 온천동,중상사고,0,1,0,0,차대차 - 추돌,안전운전불이행,건조,맑음,단일로 - 기타,승용,남,44세,상해없음,승용,남,22세,중상
2020112700100642,2020년 11월 27일 22시,금요일,충청남도 아산시 모종동,경상사고,0,0,1,0,차대차 - 기타,안전운전불이행,건조,맑음,단일로 - 기타,승용,남,65세,상해없음,승용,남,23세,경상
2020112800100008,2020년 11월 28일 00시,토요일,충청남도 서산시 해미면,부상신고사고,0,0,0,1,차량단독 - 공작물충돌,안전운전불이행,건조,맑음,교차로 - 교차로안,승용,남,35세,부상신고,,,,
2020112800100032,2020년 11월 28일 04시,토요일,충청남도 천안시 동남구 신방동,경상사고,0,0,2,0,차대차 - 추돌,안전거리미확보,건조,맑음,교차로 - 교차로부근,승용,남,32세,기타불명,승용,남,27세,경상
2020112800100085,2020년 11월 28일 09시,토요일,충청남도 아산시 선장면,경상사고,0,0,1,0,차대차 - 기타,안전운전불이행,건조,맑음,교차로 - 교차로부근,승용,남,60세,상해없음,승용,남,40세,상해없음
2020112800100086,2020년 11월 28일 09시,토요일,충청남도 당진시 시곡리,경상사고,0,0,4,0,차대차 - 추돌,안전운전불이행,건조,맑음,단일로 - 기타,승용,여,23세,상해없음,승용,남,41세,상해없음
2020112800100149,2020년 11월 28일 11시,토요일,충청남도 천안시 동남구 병천면,경상사고,0,0,3,0,차대차 - 기타,직진우회전진행방해,건조,맑음,교차로 - 교차로안,건설기계,남,60세,상해없음,승용,남,23세,경상
2020112800100150,2020년 11월 28일 11시,토요일,충청남도 태안군 원북면,경상사고,0,0,1,0,차대차 - 기타,안전운전불이행,건조,맑음,단일로 - 기타,사륜오토바이(ATV),여,68세,경상,승용,남,58세,상해없음
2020112800100151,2020년 11월 28일 11시,토요일,충청남도 태안군 안면읍,중상사고,0,1,0,0,차대사람 - 기타,안전운전불이행,건조,맑음,기타 - 기타,화물,남,36세,상해없음,보행자,여,62세,중상
2020112800100187,2020년 11월 28일 12시,토요일,충청남도 천안시 서북구 성성동,부상신고사고,0,0,0,1,차대차 - 추돌,중앙선침범,건조,맑음,교차로 - 교차로부근,승용,여,50세,상해없음,승용,남,35세,상해없음
2020112800100188,2020년 11월 28일 12시,토요일,충청남도 천안시 동남구 오룡동,경상사고,0,0,1,0,차대차 - 기타,불법유턴,건조,맑음,단일로 - 기타,승용,여,49세,기타불명,승용,남,59세,경상
2020112800100231,2020년 11월 28일 13시,토요일,충청남도 천안시 서북구 두정동,경상사고,0,0,1,0,차대차 - 기타,안전거리미확보,건조,맑음,단일로 - 기타,승용,남,53세,상해없음,승용,남,45세,경상
2020112800100232,2020년 11월 28일 13시,토요일,충청남도 천안시 서북구 백석동,경상사고,0,0,2,0,차대차 - 추돌,안전운전불이행,건조,맑음,단일로 - 기타,승용,남,40세,상해없음,승용,남,25세,경상
2020112800100233,2020년 11월 28일 13시,토요일,충청남도 논산시 성동면,중상사고,0,1,0,0,차대차 - 측면충돌,직진우회전진행방해,건조,맑음,교차로 - 교차로안,화물,남,25세,상해없음,이륜,남,84세,중상
2020112800100234,2020년 11월 28일 13시,토요일,충청남도 태안군 태안읍,중상사고,0,1,0,0,차대차 - 측면충돌,교차로운행방법위반,건조,맑음,교차로 - 교차로안,승용,남,59세,상해없음,화물,남,26세,중상
2020112800100394,2020년 11월 28일 17시,토요일,충청남도 천안시 서북구 두정동,경상사고,0,0,1,0,차대차 - 추돌,안전운전불이행,건조,맑음,단일로 - 기타,승용,남,58세,상해없음,승용,남,39세,경상
2020112800100395,2020년 11월 28일 17시,토요일,충청남도 아산시 배미동,중상사고,0,1,0,0,차대차 - 측면충돌,안전운전불이행,건조,맑음,교차로 - 교차로안,이륜,남,44세,상해없음,이륜,남,30세,중상
2020112800100441,2020년 11월 28일 18시,토요일,충청남도 금산군 군북면,경상사고,0,0,1,0,차대차 - 후진중충돌,안전운전불이행,건조,맑음,단일로 - 기타,승용,남,60세,상해없음,승용,여,46세,경상
2020112800100496,2020년 11월 28일 20시,토요일,충청남도 천안시 서북구 불당동,경상사고,0,0,1,0,차대사람 - 횡단중,안전운전불이행,건조,맑음,교차로 - 교차로부근,승용,남,48세,상해없음,보행자,남,18세,경상
2020112800100532,2020년 11월 28일 21시,토요일,충청남도 예산군 예산읍,경상사고,0,0,1,0,차대차 - 측면충돌,직진우회전진행방해,건조,맑음,교차로 - 교차로안,승용,남,60세,상해없음,화물,남,30세,상해없음
2020112800100560,2020년 11월 28일 22시,토요일,충청남도 서천군 서천읍,경상사고,0,0,1,0,차대사람 - 기타,안전운전불이행,건조,맑음,교차로 - 교차로안,승용,여,21세,상해없음,보행자,남,58세,경상
2020112800100561,2020년 11월 28일 22시,토요일,충청남도 당진시 사기소리,경상사고,0,0,1,0,차대차 - 추돌,안전운전불이행,건조,맑음,단일로 - 기타,승용,남,34세,상해없음,승용,여,36세,경상
2020112900100019,2020년 11월 29일 01시,일요일,충청남도 아산시 배방읍,사망사고,1,1,0,0,차대사람 - 기타,안전운전불이행,건조,맑음,단일로 - 기타,승용,여,55세,상해없음,보행자,남,60세,사망
2020112900100050,2020년 11월 29일 05시,일요일,충청남도 천안시 서북구 성정동,경상사고,0,0,3,0,차대차 - 측면충돌,중앙선침범,건조,맑음,교차로 - 교차로부근,승용,남,35세,상해없음,승용,남,40세,경상
2020112900100063,2020년 11월 29일 07시,일요일,충청남도 보령시 신흑동,경상사고,0,0,4,0,차대차 - 추돌,안전운전불이행,건조,맑음,교차로 - 교차로안,승용,남,35세,기타불명,승용,남,47세,경상
2020112900100091,2020년 11월 29일 10시,일요일,충청남도 아산시 배방읍,경상사고,0,0,1,0,차대차 - 기타,안전운전불이행,건조,맑음,교차로 - 교차로부근,승용,남,29세,기타불명,승용,여,49세,경상
2020112900100092,2020년 11월 29일 10시,일요일,충청남도 서천군 서천읍,중상사고,0,1,1,0,차대차 - 기타,안전운전불이행,건조,맑음,교차로 - 교차로부근,이륜,남,67세,상해없음,이륜,남,42세,경상
2020112900100093,2020년 11월 29일 10시,일요일,충청남도 보령시 죽정동,경상사고,0,0,1,0,차대차 - 기타,중앙선침범,건조,맑음,단일로 - 기타,승용,남,38세,기타불명,승용,여,60세,경상
2020112900100131,2020년 11월 29일 12시,일요일,충청남도 천안시 동남구 병천면,경상사고,0,0,1,0,차대차 - 기타,안전운전불이행,건조,맑음,교차로 - 교차로안,승용,남,25세,상해없음,화물,남,47세,경상
2020112900100183,2020년 11월 29일 14시,일요일,충청남도 아산시 탕정면,경상사고,0,0,5,0,차대차 - 추돌,안전거리미확보,건조,맑음,단일로 - 기타,승용,남,24세,상해없음,승용,남,43세,경상
2020112900100215,2020년 11월 29일 15시,일요일,충청남도 천안시 서북구 백석동,경상사고,0,0,1,0,차대차 - 측면충돌,기타,건조,맑음,단일로 - 교량,화물,남,54세,상해없음,승용,여,36세,경상
2020112900100216,2020년 11월 29일 15시,일요일,충청남도 천안시 동남구 신방동,경상사고,0,0,3,0,차대차 - 기타,안전운전불이행,건조,맑음,단일로 - 기타,승용,남,28세,상해없음,승용,남,56세,경상
2020112900100240,2020년 11월 29일 16시,일요일,충청남도 서산시 지곡면,중상사고,0,1,0,0,차대차 - 측면충돌,기타,건조,맑음,교차로 - 교차로안,화물,남,70세,상해없음,이륜,남,71세,중상
2020112900100241,2020년 11월 29일 16시,일요일,충청남도 공주시 우성면,부상신고사고,0,0,0,1,차량단독 - 도로외이탈 - 기타,안전운전불이행,건조,맑음,교차로 - 교차로부근,화물,남,61세,부상신고,,,,
2020112900100242,2020년 11월 29일 16시,일요일,충청남도 천안시 동남구 광덕면,경상사고,0,0,1,0,차대차 - 추돌,안전운전불이행,건조,맑음,기타 - 기타,승용,남,29세,상해없음,승용,남,51세,경상
2020112900100270,2020년 11월 29일 17시,일요일,충청남도 천안시 서북구 성정동,경상사고,0,0,1,0,차대차 - 측면충돌,안전운전불이행,건조,맑음,기타 - 기타,승용,남,30세,상해없음,승용,남,22세,경상
2020112900100297,2020년 11월 29일 18시,일요일,충청남도 천안시 서북구 성거읍,사망사고,1,0,0,0,차대사람 - 횡단중,안전운전불이행,건조,맑음,단일로 - 기타,화물,남,47세,상해없음,보행자,여,79세,사망
2020112900100298,2020년 11월 29일 18시,일요일,충청남도 계룡시 두마면,중상사고,0,1,0,0,차량단독 - 전도전복 - 전도,안전운전불이행,건조,맑음,교차로 - 교차로안,이륜,남,33세,중상,,,,
2020112900100299,2020년 11월 29일 18시,일요일,충청남도 아산시 읍내동,중상사고,0,1,0,0,차량단독 - 공작물충돌,안전운전불이행,건조,맑음,단일로 - 기타,승용,남,62세,기타불명,,,,
2020112900100300,2020년 11월 29일 18시,일요일,충청남도 천안시 동남구 신방동,경상사고,0,0,1,0,차대사람 - 기타,불법유턴,건조,맑음,단일로 - 기타,승용,남,24세,상해없음,보행자,남,24세,경상
2020112900100374,2020년 11월 29일 21시,일요일,충청남도 아산시 배방읍,경상사고,0,0,1,0,차대차 - 기타,안전운전불이행,건조,맑음,교차로 - 교차로부근,승용,남,46세,기타불명,이륜,남,27세,경상
2020112900100396,2020년 11월 29일 22시,일요일,충청남도 금산군 추부면,중상사고,0,1,0,0,차대사람 - 차도통행중,안전운전불이행,건조,맑음,단일로 - 기타,승용,남,29세,상해없음,보행자,여,64세,중상
2020112900100408,2020년 11월 29일 23시,일요일,충청남도 천안시 서북구 직산읍,경상사고,0,0,1,0,차량단독 - 공작물충돌,안전운전불이행,건조,맑음,교차로 - 교차로부근,승용,남,34세,상해없음,,,,
2020113000100022,2020년 11월 30일 03시,월요일,충청남도 천안시 서북구 백석동,중상사고,0,1,0,0,차대사람 - 차도통행중,기타,건조,맑음,단일로 - 기타,승용,남,28세,상해없음,보행자,남,59세,중상
2020113000100102,2020년 11월 30일 08시,월요일,충청남도 서산시 해미면,중상사고,0,3,5,0,차대차 - 추돌,안전운전불이행,건조,맑음,단일로 - 기타,승합,남,60세,상해없음,화물,여,48세,중상
2020113000100103,2020년 11월 30일 08시,월요일,충청남도 천안시 서북구 백석동,경상사고,0,0,1,0,차대차 - 추돌,기타,건조,맑음,단일로 - 기타,승용,여,35세,상해없음,승용,남,33세,경상
2020113000100104,2020년 11월 30일 08시,월요일,충청남도 당진시 송산면,경상사고,0,0,1,0,차대차 - 정면충돌,중앙선침범,건조,맑음,단일로 - 기타,승용,여,24세,상해없음,화물,남,56세,경상
2020113000100172,2020년 11월 30일 10시,월요일,충청남도 홍성군 홍성읍,중상사고,0,1,0,0,차대차 - 측면충돌,안전운전불이행,건조,맑음,교차로 - 교차로안,화물,남,61세,상해없음,이륜,여,55세,중상
2020113000100173,2020년 11월 30일 10시,월요일,충청남도 보령시 대천동,경상사고,0,0,1,0,차대차 - 추돌,안전운전불이행,건조,맑음,단일로 - 기타,승용,여,46세,상해없음,원동기,남,50세,경상
2020113000100235,2020년 11월 30일 12시,월요일,충청남도 천안시 서북구 직산읍,경상사고,0,0,1,0,차대차 - 측면충돌,안전운전불이행,건조,맑음,단일로 - 기타,승용,남,76세,상해없음,화물,남,34세,경상
2020113000100272,2020년 11월 30일 13시,월요일,충청남도 아산시 모종동,경상사고,0,0,1,0,차대차 - 정면충돌,안전운전불이행,건조,맑음,단일로 - 기타,승용,여,38세,상해없음,이륜,남,30세,경상
2020113000100307,2020년 11월 30일 14시,월요일,충청남도 공주시 신관동,중상사고,0,1,0,0,차대사람 - 횡단중,보행자보호의무위반,건조,맑음,단일로 - 기타,승용,여,61세,상해없음,보행자,여,23세,중상
2020113000100345,2020년 11월 30일 15시,월요일,충청남도 천안시 서북구 성거읍,경상사고,0,0,2,0,차대차 - 정면충돌,안전운전불이행,건조,맑음,단일로 - 기타,승용,여,57세,경상,승용,남,33세,경상
2020113000100346,2020년 11월 30일 15시,월요일,충청남도 홍성군 광천읍,중상사고,0,1,0,0,차대차 - 측면충돌,안전운전불이행,건조,맑음,교차로 - 교차로안,승용,남,53세,상해없음,자전거,여,76세,중상
2020113000100347,2020년 11월 30일 15시,월요일,충청남도 부여군 부여읍,중상사고,0,1,0,0,차대사람 - 횡단중,보행자보호의무위반,건조,맑음,교차로 - 교차로횡단보도내,승용,여,57세,상해없음,보행자,여,68세,중상
2020113000100348,2020년 11월 30일 15시,월요일,충청남도 당진시 신평면,중상사고,0,1,1,0,차대차 - 측면충돌,안전운전불이행,건조,맑음,교차로 - 교차로안,승용,남,63세,상해없음,승용,남,75세,중상
2020113000100398,2020년 11월 30일 16시,월요일,충청남도 홍성군 서부면,경상사고,0,0,2,0,차대차 - 추돌,안전운전불이행,건조,맑음,교차로 - 교차로안,건설기계,남,60세,경상,화물,남,56세,경상
2020113000100495,2020년 11월 30일 18시,월요일,충청남도 아산시 음봉면,경상사고,0,0,1,0,차대차 - 추돌,안전운전불이행,건조,맑음,교차로 - 교차로부근,승용,남,20세,상해없음,승용,남,47세,경상