사고번호,사고일시,요일,시군구,사고내용,사망자수,중상자수,경상자수,부상신고자수,사고유형,법규위반,노면상태,기상상태,도로형태,가해운전자 차종,가해운전자 성별,가해운전자 연령,가해운전자 상해정도,피해운전자 차종,피해운전자 성별,피해운전자 연령,피해운전자 상해정도
2020113000100496,2020년 11월 30일 18시,월요일,충청남도 공주시 신관동,경상사고,0,0,1,0,차대차 - 기타,직진우회전진행방해,젖음/습기,맑음,교차로 - 교차로안,화물,남,49세,상해없음,이륜,남,38세,경상
2020113000100551,2020년 11월 30일 19시,월요일,충청남도 홍성군 홍성읍,경상사고,0,0,1,0,차대차 - 추돌,안전운전불이행,건조,맑음,단일로 - 기타,승용,남,40세,상해없음,이륜,남,18세,경상
2020113000100552,2020년 11월 30일 19시,월요일,충청남도 금산군 금산읍,중상사고,0,1,0,0,차대사람 - 차도통행중,안전운전불이행,건조,맑음,교차로 - 교차로안,승용,여,61세,상해없음,보행자,여,65세,중상
2020113000100583,2020년 11월 30일 20시,월요일,충청남도 천안시 서북구 성환읍,경상사고,0,0,1,0,차대차 - 측면충돌,안전운전불이행,건조,맑음,단일로 - 기타,승용,남,23세,상해없음,승용,남,28세,경상
2020113000100584,2020년 11월 30일 20시,월요일,충청남도 당진시 송악읍,경상사고,0,0,1,0,차대차 - 기타,안전거리미확보,건조,맑음,기타 - 기타,승용,남,49세,상해없음,화물,남,32세,경상
2020113000100585,2020년 11월 30일 20시,월요일,충청남도 천안시 동남구 신부동,경상사고,0,0,1,0,차대차 - 기타,중앙선침범,건조,맑음,단일로 - 기타,이륜,남,34세,경상,승용,남,49세,상해없음
2020120100100033,2020년 12월 1일 06시,화요일,충청남도 홍성군 광천읍,중상사고,0,1,0,0,차대차 - 측면충돌,안전운전불이행,건조,맑음,단일로 - 기타,승용,남,62세,상해없음,원동기,남,41세,중상
2020120100100060,2020년 12월 1일 07시,화요일,충청남도 아산시 염치읍,중상사고,0,1,0,0,차대사람 - 횡단중,안전운전불이행,건조,맑음,교차로 - 교차로부근,화물,남,63세,상해없음,보행자,남,43세,중상
2020120100100095,2020년 12월 1일 08시,화요일,충청남도 천안시 서북구 백석동,부상신고사고,0,0,0,1,차대차 - 측면충돌,안전운전불이행,건조,맑음,교차로 - 교차로안,승용,여,31세,부상신고,승용,남,21세,상해없음
2020120100100096,2020년 12월 1일 08시,화요일,충청남도 당진시 송악읍,경상사고,0,0,2,0,차대차 - 기타,교차로운행방법위반,건조,맑음,기타 - 기타,승용,여,41세,상해없음,승용,여,30세,경상
2020120100100097,2020년 12월 1일 08시,화요일,충청남도 천안시 동남구 성남면,경상사고,0,0,1,0,차대차 - 측면충돌,안전운전불이행,건조,맑음,교차로 - 교차로안,승용,남,47세,상해없음,승용,여,66세,경상
2020120100100138,2020년 12월 1일 09시,화요일,충청남도 당진시 우강면,중상사고,0,1,0,0,차대차 - 기타,교차로운행방법위반,건조,맑음,교차로 - 교차로안,승용,남,60세,상해없음,이륜,남,77세,중상
2020120100100204,2020년 12월 1일 11시,화요일,충청남도 공주시 반포면,경상사고,0,0,4,0,차대차 - 측면충돌,신호위반,건조,맑음,교차로 - 교차로안,화물,남,31세,상해없음,승용,남,48세,경상
2020120100100237,2020년 12월 1일 12시,화요일,충청남도 서천군 서천읍,경상사고,0,0,1,0,차대차 - 후진중충돌,불법유턴,건조,맑음,단일로 - 기타,승용,남,38세,상해없음,승용,여,60세,경상
2020120100100285,2020년 12월 1일 13시,화요일,충청남도 논산시 강산동,경상사고,0,0,2,0,차대차 - 기타,교차로운행방법위반,건조,맑음,교차로 - 교차로안,승용,남,52세,상해없음,승용,남,29세,경상
2020120100100286,2020년 12월 1일 13시,화요일,충청남도 아산시 탕정면,중상사고,0,1,1,0,차대차 - 측면충돌,과속,건조,맑음,단일로 - 교량,승용,남,64세,중상,화물,남,60세,상해없음
2020120100100287,2020년 12월 1일 13시,화요일,충청남도 아산시 둔포면,경상사고,0,0,1,0,차대차 - 측면충돌,안전운전불이행,건조,맑음,교차로 - 교차로안,승용,남,35세,상해없음,승용,남,26세,경상
2020120100100329,2020년 12월 1일 14시,화요일,충청남도 서산시 석림동,중상사고,0,1,0,0,차대차 - 측면충돌,신호위반,건조,맑음,교차로 - 교차로안,승용,남,32세,상해없음,승용,남,68세,중상
2020120100100367,2020년 12월 1일 15시,화요일,충청남도 천안시 동남구 영성동,중상사고,0,1,0,0,차대사람 - 기타,안전운전불이행,건조,맑음,단일로 - 기타,건설기계,남,52세,상해없음,보행자,남,72세,중상
2020120100100413,2020년 12월 1일 16시,화요일,충청남도 천안시 서북구 쌍용동,경상사고,0,0,1,0,차대차 - 측면충돌,안전운전불이행,건조,맑음,단일로 - 기타,이륜,남,25세,경상,승용,남,68세,상해없음
2020120100100414,2020년 12월 1일 16시,화요일,충청남도 논산시 부적면,경상사고,0,0,2,0,차대차 - 기타,교차로운행방법위반,건조,맑음,교차로 - 교차로안,이륜,남,66세,경상,승용,여,65세,경상
2020120100100457,2020년 12월 1일 17시,화요일,충청남도 천안시 서북구 성거읍,중상사고,0,1,0,0,차대차 - 정면충돌,교차로운행방법위반,건조,맑음,교차로 - 교차로안,화물,남,60세,상해없음,이륜,남,57세,중상
2020120100100458,2020년 12월 1일 17시,화요일,충청남도 홍성군 홍북읍,중상사고,0,1,1,0,차대차 - 추돌,안전운전불이행,건조,맑음,단일로 - 기타,승용,남,50세,경상,이륜,남,24세,중상
2020120100100504,2020년 12월 1일 18시,화요일,충청남도 서산시 석림동,중상사고,0,1,0,0,차대사람 - 횡단중,안전운전불이행,건조,맑음,단일로 - 기타,이륜,남,41세,상해없음,보행자,여,64세,중상
2020120100100505,2020년 12월 1일 18시,화요일,충청남도 천안시 서북구 성정동,중상사고,0,1,1,0,차대차 - 측면충돌,교차로운행방법위반,건조,맑음,교차로 - 교차로안,이륜,남,30세,경상,이륜,남,38세,중상
2020120100100506,2020년 12월 1일 18시,화요일,충청남도 논산시 연무읍,중상사고,0,1,0,0,차대사람 - 횡단중,안전운전불이행,건조,맑음,단일로 - 기타,승용,여,49세,상해없음,보행자,여,57세,중상
2020120100100507,2020년 12월 1일 18시,화요일,충청남도 당진시 송악읍,중상사고,0,1,0,0,차대사람 - 횡단중,보행자보호의무위반,건조,맑음,단일로 - 기타,승용,남,59세,상해없음,보행자,여,34세,중상
2020120100100508,2020년 12월 1일 18시,화요일,충청남도 보령시 천북면,중상사고,0,1,1,0,차대차 - 추돌,안전운전불이행,건조,맑음,기타 - 기타,화물,남,46세,상해없음,화물,남,72세,중상
2020120100100553,2020년 12월 1일 19시,화요일,충청남도 공주시 정안면,경상사고,0,0,1,0,차량단독 - 전도전복 - 전도,안전운전불이행,건조,맑음,단일로 - 기타,화물,남,66세,경상,,,,
2020120100100554,2020년 12월 1일 19시,화요일,충청남도 당진시 읍내리,경상사고,0,0,1,0,차대사람 - 횡단중,중앙선침범,건조,맑음,교차로 - 교차로부근,승용,남,30세,상해없음,보행자,여,35세,경상
2020120100100609,2020년 12월 1일 21시,화요일,충청남도 서산시 지곡면,중상사고,0,1,0,0,차대차 - 추돌,안전운전불이행,건조,맑음,교차로 - 교차로부근,승용,남,38세,상해없음,승용,여,51세,중상
2020120200100029,2020년 12월 2일 06시,수요일,충청남도 천안시 동남구 청당동,중상사고,0,2,3,0,차대차 - 추돌,안전운전불이행,건조,맑음,단일로 - 기타,승합,남,68세,상해없음,건설기계,남,64세,중상
2020120200100047,2020년 12월 2일 07시,수요일,충청남도 서천군 장항읍,중상사고,0,1,1,0,차대차 - 측면충돌,직진우회전진행방해,건조,맑음,교차로 - 교차로안,승용,남,30세,경상,승용,여,54세,중상
2020120200100048,2020년 12월 2일 07시,수요일,충청남도 천안시 동남구 용곡동,중상사고,0,1,0,0,차대사람 - 횡단중,보행자보호의무위반,건조,맑음,교차로 - 교차로횡단보도내,화물,남,53세,상해없음,보행자,여,47세,중상
2020120200100049,2020년 12월 2일 07시,수요일,충청남도 천안시 동남구 북면,중상사고,0,1,0,0,차대차 - 기타,안전운전불이행,건조,맑음,단일로 - 기타,승용,남,56세,상해없음,승용,여,65세,중상
2020120200100076,2020년 12월 2일 08시,수요일,충청남도 보령시 대천동,중상사고,0,2,1,0,차대차 - 추돌,안전운전불이행,건조,맑음,단일로 - 기타,승용,남,46세,상해없음,승용,남,64세,중상
2020120200100129,2020년 12월 2일 10시,수요일,충청남도 아산시 온천동,경상사고,0,0,1,0,차대차 - 측면충돌,안전운전불이행,건조,맑음,교차로 - 교차로안,승용,남,59세,상해없음,승용,여,45세,경상
2020120200100130,2020년 12월 2일 10시,수요일,충청남도 부여군 홍산면,경상사고,0,0,2,0,차대차 - 추돌,과속,건조,맑음,단일로 - 교량,승용,남,23세,상해없음,특수,남,32세,경상
2020120200100131,2020년 12월 2일 10시,수요일,충청남도 천안시 동남구 수신면,경상사고,0,0,1,0,차대사람 - 기타,안전운전불이행,건조,맑음,단일로 - 기타,화물,남,52세,상해없음,보행자,남,70세,경상
2020120200100152,2020년 12월 2일 11시,수요일,충청남도 천안시 동남구 목천읍,중상사고,0,2,0,0,차대차 - 정면충돌,중앙선침범,건조,맑음,단일로 - 기타,승용,남,59세,중상,화물,남,58세,중상
2020120200100189,2020년 12월 2일 12시,수요일,충청남도 천안시 동남구 신부동,중상사고,0,1,0,0,차대차 - 추돌,안전운전불이행,건조,맑음,단일로 - 고가도로위,승용,남,58세,상해없음,이륜,남,37세,중상
2020120200100215,2020년 12월 2일 13시,수요일,충청남도 홍성군 홍성읍,중상사고,0,1,0,0,차대차 - 기타,안전운전불이행,건조,맑음,단일로 - 기타,화물,남,50세,상해없음,화물,남,47세,중상
2020120200100249,2020년 12월 2일 14시,수요일,충청남도 천안시 서북구 불당동,중상사고,0,1,2,0,차대차 - 측면충돌,안전거리미확보,건조,맑음,교차로 - 교차로부근,승용,남,62세,상해없음,승용,여,28세,경상
2020120200100250,2020년 12월 2일 14시,수요일,충청남도 논산시 강경읍,중상사고,0,1,0,0,차대차 - 정면충돌,안전운전불이행,건조,맑음,교차로 - 교차로부근,화물,남,63세,기타불명,승용,여,49세,중상
2020120200100251,2020년 12월 2일 14시,수요일,충청남도 홍성군 홍성읍,중상사고,0,1,0,0,차대차 - 측면충돌,안전운전불이행,건조,맑음,단일로 - 기타,승용,여,26세,기타불명,승용,여,56세,중상
2020120200100283,2020년 12월 2일 15시,수요일,충청남도 서천군 기산면,경상사고,0,0,1,0,차대사람 - 차도통행중,안전운전불이행,건조,맑음,단일로 - 기타,화물,남,81세,상해없음,보행자,여,66세,경상
2020120200100313,2020년 12월 2일 16시,수요일,충청남도 천안시 서북구 입장면,경상사고,0,0,1,0,차대차 - 추돌,안전운전불이행,건조,맑음,교차로 - 교차로부근,화물,남,52세,상해없음,승용,여,53세,경상
2020120200100352,2020년 12월 2일 17시,수요일,충청남도 공주시 산성동,중상사고,0,1,0,0,차대사람 - 차도통행중,안전운전불이행,건조,맑음,단일로 - 기타,승용,여,63세,상해없음,보행자,여,83세,중상
2020120200100484,2020년 12월 2일 19시,수요일,충청남도 천안시 서북구 성성동,경상사고,0,0,1,0,차대차 - 측면충돌,안전운전불이행,건조,맑음,단일로 - 기타,승용,여,39세,상해없음,이륜,남,33세,경상
2020120200100513,2020년 12월 2일 20시,수요일,충청남도 천안시 서북구 불당동,사망사고,1,0,0,0,차대차 - 정면충돌,신호위반,건조,맑음,교차로 - 교차로안,이륜,남,40세,사망,승합,남,49세,상해없음
2020120200100514,2020년 12월 2일 20시,수요일,충청남도 서천군 서면,중상사고,0,2,0,0,차대차 - 정면충돌,중앙선침범,건조,맑음,단일로 - 기타,화물,남,48세,중상,화물,남,42세,중상
2020120200100515,2020년 12월 2일 20시,수요일,충청남도 천안시 동남구 목천읍,경상사고,0,0,3,0,차대차 - 추돌,안전운전불이행,건조,맑음,교차로 - 교차로부근,승용,남,60세,상해없음,이륜,남,52세,경상
2020120200100540,2020년 12월 2일 21시,수요일,충청남도 서산시 읍내동,중상사고,0,1,0,0,차대차 - 기타,차로위반,건조,맑음,교차로 - 교차로부근,승용,남,67세,기타불명,이륜,남,19세,중상
2020120200100541,2020년 12월 2일 21시,수요일,충청남도 천안시 동남구 병천면,부상신고사고,0,0,0,1,차량단독 - 전도전복 - 전도,안전운전불이행,건조,맑음,단일로 - 기타,이륜,남,30세,부상신고,,,,
2020120300100019,2020년 12월 3일 03시,목요일,충청남도 아산시 풍기동,경상사고,0,0,2,0,차대차 - 추돌,안전운전불이행,건조,맑음,교차로 - 교차로부근,승용,남,37세,상해없음,승용,남,31세,경상
2020120300100024,2020년 12월 3일 04시,목요일,충청남도 당진시 신평면,중상사고,0,1,0,0,차대차 - 정면충돌,중앙선침범,건조,맑음,단일로 - 교량,화물,남,34세,상해없음,승용,여,47세,중상
2020120300100038,2020년 12월 3일 06시,목요일,충청남도 공주시 우성면,경상사고,0,0,1,1,차대차 - 정면충돌,중앙선침범,건조,맑음,단일로 - 기타,승용,남,71세,부상신고,승용,남,45세,경상
2020120300100059,2020년 12월 3일 07시,목요일,충청남도 천안시 서북구 업성동,중상사고,0,1,0,0,차대차 - 측면충돌,안전거리미확보,건조,맑음,단일로 - 기타,승용,남,48세,상해없음,승용,여,46세,중상
2020120300100114,2020년 12월 3일 09시,목요일,충청남도 아산시 음봉면,중상사고,0,1,0,0,차대차 - 기타,안전운전불이행,건조,맑음,단일로 - 기타,화물,남,52세,상해없음,승용,남,50세,중상
2020120300100141,2020년 12월 3일 10시,목요일,충청남도 서산시 대산읍,경상사고,0,0,1,0,차대차 - 측면충돌,신호위반,건조,맑음,교차로 - 교차로안,승용,남,32세,상해없음,승용,남,69세,경상
2020120300100142,2020년 12월 3일 10시,목요일,충청남도 당진시 면천면,중상사고,0,1,0,0,차대사람 - 길가장자리구역통행중,안전운전불이행,건조,맑음,교차로 - 교차로안,승용,여,61세,상해없음,보행자,남,70세,중상
2020120300100162,2020년 12월 3일 11시,목요일,충청남도 천안시 서북구 성환읍,경상사고,0,0,1,0,차대차 - 측면충돌,안전운전불이행,건조,맑음,단일로 - 기타,건설기계,남,56세,상해없음,승용,남,27세,경상
2020120300100227,2020년 12월 3일 13시,목요일,충청남도 당진시 고대면,경상사고,0,0,3,0,차대차 - 측면충돌,신호위반,건조,맑음,교차로 - 교차로안,건설기계,남,68세,경상,승합,남,73세,경상
2020120300100228,2020년 12월 3일 13시,목요일,충청남도 천안시 동남구 사직동,경상사고,0,0,1,0,차대사람 - 기타,안전운전불이행,건조,맑음,단일로 - 기타,승용,여,40세,상해없음,보행자,남,43세,경상
2020120300100229,2020년 12월 3일 13시,목요일,충청남도 태안군 이원면,중상사고,0,1,0,0,차량단독 - 기타,안전운전불이행,건조,맑음,기타 - 기타,농기계,남,65세,중상,,,,
2020120300100263,2020년 12월 3일 14시,목요일,충청남도 천안시 서북구 성거읍,경상사고,0,0,1,0,차대차 - 추돌,안전운전불이행,건조,맑음,단일로 - 기타,승용,남,62세,상해없음,농기계,남,66세,경상
2020120300100264,2020년 12월 3일 14시,목요일,충청남도 아산시 풍기동,중상사고,0,1,0,0,차대사람 - 기타,안전운전불이행,건조,맑음,단일로 - 기타,기타불명,기타불명,미분류,기타불명,보행자,남,10세,중상
2020120300100265,2020년 12월 3일 14시,목요일,충청남도 보령시 명천동,경상사고,0,0,1,0,차량단독 - 기타,안전운전불이행,건조,맑음,단일로 - 터널,이륜,남,61세,경상,,,,
2020120300100333,2020년 12월 3일 16시,목요일,충청남도 보령시 주포면,경상사고,0,0,1,0,차대차 - 기타,안전운전불이행,건조,맑음,교차로 - 교차로부근,사륜오토바이(ATV),남,85세,경상,건설기계,남,27세,기타불명
2020120300100334,2020년 12월 3일 16시,목요일,충청남도 공주시 중학동,경상사고,0,0,1,0,차대차 - 기타,안전운전불이행,건조,맑음,교차로 - 교차로안,이륜,남,25세,경상,승용,남,52세,상해없음
2020120300100335,2020년 12월 3일 16시,목요일,충청남도 천안시 동남구 신부동,경상사고,0,0,1,0,차대차 - 기타,안전운전불이행,건조,맑음,교차로 - 교차로부근,승용,남,33세,상해없음,이륜,남,35세,경상
2020120300100375,2020년 12월 3일 17시,목요일,충청남도 서산시 고북면,중상사고,0,1,1,0,차대차 - 추돌,안전거리미확보,건조,맑음,교차로 - 교차로부근,화물,남,75세,상해없음,승용,남,73세,경상
2020120300100376,2020년 12월 3일 17시,목요일,충청남도 서천군 종천면,중상사고,0,2,0,0,차대차 - 추돌,안전운전불이행,건조,맑음,단일로 - 기타,승용,남,69세,상해없음,농기계,남,75세,중상
2020120300100426,2020년 12월 3일 18시,목요일,충청남도 천안시 서북구 성환읍,경상사고,0,0,1,0,차대차 - 추돌,안전운전불이행,건조,맑음,단일로 - 기타,승용,남,36세,상해없음,승용,남,39세,경상
2020120300100427,2020년 12월 3일 18시,목요일,충청남도 천안시 서북구 백석동,경상사고,0,0,1,0,차대차 - 추돌,안전거리미확보,건조,맑음,단일로 - 기타,승용,여,29세,상해없음,승용,남,25세,경상
2020120300100474,2020년 12월 3일 19시,목요일,충청남도 논산시 부적면,중상사고,0,1,0,0,차대사람 - 차도통행중,안전운전불이행,건조,맑음,교차로 - 교차로안,승용,남,66세,상해없음,보행자,여,72세,중상
2020120300100475,2020년 12월 3일 19시,목요일,충청남도 공주시 옥룡동,경상사고,0,0,1,0,차대차 - 측면충돌,직진우회전진행방해,건조,맑음,교차로 - 교차로안,화물,남,65세,상해없음,승용,여,49세,경상
2020120300100476,2020년 12월 3일 19시,목요일,충청남도 부여군 부여읍,경상사고,0,0,1,0,차대차 - 측면충돌,교차로운행방법위반,건조,맑음,교차로 - 교차로안,승용,남,52세,상해없음,이륜,남,27세,경상
2020120300100477,2020년 12월 3일 19시,목요일,충청남도 청양군 청양읍,중상사고,0,1,0,0,차대사람 - 횡단중,보행자보호의무위반,건조,맑음,교차로 - 교차로횡단보도내,승용,남,60세,상해없음,보행자,여,68세,중상
2020120300100497,2020년 12월 3일 20시,목요일,충청남도 서산시 읍내동,중상사고,0,1,0,0,차대차 - 측면충돌,중앙선침범,건조,맑음,단일로 - 기타,승용,남,46세,상해없음,이륜,남,53세,중상
2020120300100498,2020년 12월 3일 20시,목요일,충청남도 천안시 동남구 안서동,경상사고,0,0,1,0,차대사람 - 기타,안전운전불이행,건조,맑음,단일로 - 기타,개인형이동수단(PM),남,19세,상해없음,보행자,남,69세,경상
2020120300100541,2020년 12월 3일 22시,목요일,충청남도 천안시 서북구 성환읍,경상사고,0,0,1,0,차대사람 - 기타,안전운전불이행,건조,맑음,단일로 - 기타,승용,남,38세,상해없음,보행자,여,36세,경상
2020120300100542,2020년 12월 3일 22시,목요일,충청남도 예산군 예산읍,경상사고,0,0,2,0,차대차 - 추돌,안전운전불이행,건조,맑음,단일로 - 기타,화물,남,70세,상해없음,화물,남,46세,경상
2020120400100006,2020년 12월 4일 00시,금요일,충청남도 천안시 서북구 두정동,경상사고,0,0,1,0,차대차 - 추돌,안전운전불이행,건조,맑음,교차로 - 교차로부근,승용,남,24세,상해없음,승용,여,25세,경상
2020120400100007,2020년 12월 4일 00시,금요일,충청남도 공주시 신관동,경상사고,0,0,1,0,차대차 - 추돌,안전운전불이행,건조,맑음,단일로 - 교량,승용,여,46세,상해없음,승용,여,21세,경상
2020120400100054,2020년 12월 4일 06시,금요일,충청남도 서천군 서면,중상사고,0,1,3,0,차대차 - 측면충돌,신호위반,건조,맑음,교차로 - 교차로안,승용,남,27세,경상,화물,남,41세,중상
2020120400100055,2020년 12월 4일 06시,금요일,충청남도 보령시 주교면,경상사고,0,0,1,0,차대사람 - 기타,안전운전불이행,건조,맑음,단일로 - 기타,승용,남,52세,상해없음,보행자,남,50세,경상
2020120400100056,2020년 12월 4일 06시,금요일,충청남도 천안시 동남구 다가동,경상사고,0,0,1,0,차대사람 - 횡단중,보행자보호의무위반,건조,맑음,교차로 - 교차로안,이륜,남,65세,상해없음,보행자,남,76세,경상
2020120400100083,2020년 12월 4일 07시,금요일,충청남도 서산시 대산읍,사망사고,1,0,0,0,차대사람 - 횡단중,안전거리미확보,건조,맑음,교차로 - 교차로부근,승용,여,45세,상해없음,보행자,여,84세,사망
2020120400100084,2020년 12월 4일 07시,금요일,충청남도 천안시 서북구 차암동,중상사고,0,1,0,0,차대차 - 측면충돌,중앙선침범,건조,맑음,단일로 - 기타,승용,남,50세,상해없음,승용,남,38세,중상
2020120400100109,2020년 12월 4일 08시,금요일,충청남도 천안시 서북구 쌍용동,중상사고,0,1,1,0,차대차 - 측면충돌,안전운전불이행,건조,맑음,교차로 - 교차로안,화물,남,56세,상해없음,승용,남,61세,경상
2020120400100110,2020년 12월 4일 08시,금요일,충청남도 보령시 대천동,경상사고,0,0,1,0,차대차 - 기타,기타,건조,맑음,단일로 - 기타,자전거,남,80세,경상,승용,여,41세,상해없음
2020120400100179,2020년 12월 4일 10시,금요일,충청남도 공주시 금성동,중상사고,0,2,2,0,차대차 - 기타,신호위반,건조,맑음,교차로 - 교차로안,승용,남,40세,경상,승용,여,54세,중상
2020120400100180,2020년 12월 4일 10시,금요일,충청남도 예산군 신암면,경상사고,0,0,2,0,차대차 - 측면충돌,직진우회전진행방해,건조,맑음,교차로 - 교차로안,화물,남,75세,경상,화물,남,59세,경상
2020120400100234,2020년 12월 4일 12시,금요일,충청남도 천안시 서북구 불당동,경상사고,0,0,1,0,차대차 - 측면충돌,안전운전불이행,건조,맑음,단일로 - 기타,승용,남,59세,상해없음,이륜,남,42세,경상
2020120400100235,2020년 12월 4일 12시,금요일,충청남도 부여군 부여읍,중상사고,0,1,0,0,차대사람 - 횡단중,안전운전불이행,건조,맑음,교차로 - 교차로부근,승합,남,42세,상해없음,보행자,남,87세,중상
2020120400100236,2020년 12월 4일 12시,금요일,충청남도 천안시 동남구 사직동,경상사고,0,0,1,0,차대사람 - 기타,안전운전불이행,건조,맑음,단일로 - 기타,승용,여,54세,상해없음,보행자,남,64세,경상
2020120400100336,2020년 12월 4일 15시,금요일,충청남도 천안시 서북구 두정동,경상사고,0,0,1,0,차대차 - 기타,안전운전불이행,건조,맑음,교차로 - 교차로안,승용,남,60세,상해없음,승용,여,47세,경상
2020120400100337,2020년 12월 4일 15시,금요일,충청남도 보령시 주산면,중상사고,0,1,0,0,차대차 - 측면충돌,안전운전불이행,건조,맑음,단일로 - 기타,승용,남,83세,상해없음,이륜,남,64세,중상
2020120400100374,2020년 12월 4일 16시,금요일,충청남도 천안시 동남구 광덕면,경상사고,0,0,2,0,차대차 - 추돌,안전운전불이행,건조,맑음,단일로 - 터널,승용,남,53세,상해없음,승용,남,29세,상해없음
2020120400100421,2020년 12월 4일 17시,금요일,충청남도 서산시 성연면,중상사고,0,1,0,0,차대사람 - 횡단중,안전운전불이행,건조,맑음,단일로 - 기타,승용,여,43세,상해없음,보행자,여,58세,중상
2020120400100422,2020년 12월 4일 17시,금요일,충청남도 천안시 서북구 백석동,경상사고,0,0,1,0,차대차 - 기타,교차로운행방법위반,건조,맑음,교차로 - 교차로안,기타불명,기타불명,미분류,기타불명,승용,남,26세,상해없음
2020120400100423,2020년 12월 4일 17시,금요일,충청남도 홍성군 갈산면,경상사고,0,0,1,0,차대차 - 기타,안전운전불이행,건조,맑음,단일로 - 기타,화물,남,59세,상해없음,승용,남,59세,경상
2020120400100424,2020년 12월 4일 17시,금요일,충청남도 아산시 풍기동,중상사고,0,1,0,0,차대차 - 기타,신호위반,건조,맑음,교차로 - 교차로안,승용,남,55세,상해없음,승용,남,26세,상해없음
2020120400100425,2020년 12월 4일 17시,금요일,충청남도 아산시 영인면,중상사고,0,1,0,0,차대사람 - 길가장자리구역통행중,안전운전불이행,건조,맑음,단일로 - 기타,승용,여,62세,상해없음,보행자,여,64세,중상
2020120400100426,2020년 12월 4일 17시,금요일,충청남도 공주시 산성동,경상사고,0,0,1,0,차대사람 - 차도통행중,안전운전불이행,건조,맑음,단일로 - 기타,승용,여,43세,상해없음,보행자,남,65세,경상
2020120400100486,2020년 12월 4일 18시,금요일,충청남도 천안시 서북구 불당동,경상사고,0,0,2,0,차대차 - 추돌,안전운전불이행,건조,맑음,단일로 - 기타,승용,여,27세,상해없음,승용,여,46세,경상
2020120400100487,2020년 12월 4일 18시,금요일,충청남도 천안시 서북구 성환읍,경상사고,0,0,2,0,차대차 - 측면충돌,신호위반,건조,맑음,교차로 - 교차로안,이륜,남,26세,경상,승용,남,69세,경상
2020120400100488,2020년 12월 4일 18시,금요일,충청남도 천안시 서북구 직산읍,경상사고,0,0,2,1,차대차 - 추돌,안전운전불이행,건조,맑음,단일로 - 기타,화물,남,52세,상해없음,승용,남,41세,경상
2020120400100489,2020년 12월 4일 18시,금요일,충청남도 천안시 서북구 입장면,경상사고,0,0,4,0,차대차 - 추돌,안전운전불이행,건조,맑음,단일로 - 기타,승용,남,24세,상해없음,승용,남,40세,경상
2020120400100490,2020년 12월 4일 18시,금요일,충청남도 당진시 석문면,중상사고,0,1,0,0,차대차 - 측면충돌,신호위반,건조,기타,교차로 - 교차로안,승용,남,47세,상해없음,승용,여,69세,중상
2020120400100581,2020년 12월 4일 20시,금요일,충청남도 천안시 동남구 신방동,경상사고,0,0,2,0,차대차 - 측면충돌,안전운전불이행,건조,맑음,단일로 - 기타,승용,남,60세,상해없음,승용,여,41세,경상
2020120400100582,2020년 12월 4일 20시,금요일,충청남도 천안시 동남구 청당동,경상사고,0,0,2,0,차대차 - 추돌,안전운전불이행,건조,맑음,교차로 - 교차로부근,승용,남,63세,상해없음,승용,남,52세,경상
2020120400100583,2020년 12월 4일 20시,금요일,충청남도 천안시 동남구 청수동,경상사고,0,0,2,0,차대차 - 측면충돌,안전거리미확보,건조,맑음,단일로 - 기타,승용,남,54세,상해없음,승용,남,25세,경상
2020120400100620,2020년 12월 4일 21시,금요일,충청남도 당진시 읍내리,경상사고,0,0,1,0,차대차 - 측면충돌,신호위반,건조,기타,교차로 - 교차로안,승용,남,61세,상해없음,화물,남,53세,경상
2020120500100008,2020년 12월 5일 00시,토요일,충청남도 천안시 서북구 쌍용동,경상사고,0,0,1,0,차대차 - 측면충돌,신호위반,건조,맑음,교차로 - 교차로부근,승용,여,44세,상해없음,승용,여,20세,경상
2020120500100051,2020년 12월 5일 06시,토요일,충청남도 예산군 예산읍,경상사고,0,0,1,0,차대사람 - 횡단중,안전운전불이행,건조,맑음,교차로 - 교차로안,화물,남,19세,상해없음,보행자,남,60세,경상
2020120500100058,2020년 12월 5일 07시,토요일,충청남도 당진시 정미면,중상사고,0,2,1,0,차대차 - 추돌,기타,서리/결빙,눈,단일로 - 교량,승용,남,41세,중상,승용,남,42세,경상
2020120500100067,2020년 12월 5일 08시,토요일,충청남도 보령시 주포면,사망사고,1,0,0,0,차대사람 - 기타,안전운전불이행,서리/결빙,맑음,단일로 - 교량,승용,여,65세,상해없음,보행자,남,63세,사망
2020120500100081,2020년 12월 5일 09시,토요일,충청남도 홍성군 광천읍,중상사고,0,1,0,0,차대차 - 추돌,안전운전불이행,서리/결빙,맑음,단일로 - 기타,승합,남,41세,상해없음,승용,남,42세,중상
2020120500100082,2020년 12월 5일 09시,토요일,충청남도 홍성군 광천읍,경상사고,0,0,6,0,차대차 - 추돌,안전운전불이행,건조,맑음,단일로 - 기타,승용,남,60세,상해없음,승용,남,64세,경상
2020120500100083,2020년 12월 5일 09시,토요일,충청남도 예산군 예산읍,중상사고,0,1,0,0,차대사람 - 기타,안전운전불이행,젖음/습기,흐림,기타 - 기타,승용,남,48세,상해없음,보행자,남,68세,중상
2020120500100149,2020년 12월 5일 11시,토요일,충청남도 태안군 태안읍,경상사고,0,0,1,0,차대차 - 측면충돌,차로위반,건조,맑음,단일로 - 기타,승용,여,57세,상해없음,승용,여,34세,경상