사고번호,사고일시,요일,시군구,사고내용,사망자수,중상자수,경상자수,부상신고자수,사고유형,법규위반,노면상태,기상상태,도로형태,가해운전자 차종,가해운전자 성별,가해운전자 연령,가해운전자 상해정도,피해운전자 차종,피해운전자 성별,피해운전자 연령,피해운전자 상해정도
2020120500100193,2020년 12월 5일 12시,토요일,충청남도 서천군 장항읍,경상사고,0,0,1,0,차대차 - 측면충돌,안전운전불이행,건조,맑음,단일로 - 기타,화물,남,60세,상해없음,원동기,남,79세,경상
2020120500100194,2020년 12월 5일 12시,토요일,충청남도 공주시 웅진동,경상사고,0,0,1,0,차대차 - 측면충돌,직진우회전진행방해,건조,맑음,교차로 - 교차로안,건설기계,남,51세,상해없음,승합,남,55세,경상
2020120500100234,2020년 12월 5일 13시,토요일,충청남도 천안시 서북구 불당동,경상사고,0,0,1,0,차대차 - 추돌,안전거리미확보,건조,맑음,단일로 - 기타,이륜,남,32세,상해없음,승용,여,24세,경상
2020120500100235,2020년 12월 5일 13시,토요일,충청남도 논산시 대교동,경상사고,0,0,1,0,차대차 - 추돌,안전운전불이행,건조,맑음,단일로 - 터널,승용,남,77세,상해없음,화물,남,67세,상해없음
2020120500100236,2020년 12월 5일 13시,토요일,충청남도 천안시 동남구 목천읍,경상사고,0,0,8,0,차대차 - 기타,안전운전불이행,건조,맑음,단일로 - 기타,승용,남,61세,경상,승용,남,24세,경상
2020120500100273,2020년 12월 5일 14시,토요일,충청남도 아산시 배방읍,경상사고,0,0,1,0,차대차 - 추돌,교차로운행방법위반,건조,맑음,교차로 - 교차로안,승용,남,56세,상해없음,승용,여,58세,경상
2020120500100274,2020년 12월 5일 14시,토요일,충청남도 보령시 명천동,중상사고,0,1,0,0,차대차 - 기타,안전거리미확보,건조,맑음,교차로 - 교차로안,승용,여,58세,상해없음,승용,여,32세,중상
2020120500100275,2020년 12월 5일 14시,토요일,충청남도 당진시 석문면,중상사고,0,1,2,0,차대차 - 측면충돌,교차로운행방법위반,건조,맑음,교차로 - 교차로안,승용,남,72세,상해없음,화물,남,58세,경상
2020120500100375,2020년 12월 5일 17시,토요일,충청남도 천안시 동남구 신방동,경상사고,0,0,3,0,차대차 - 추돌,안전운전불이행,건조,맑음,교차로 - 교차로부근,화물,남,35세,상해없음,승용,남,29세,경상
2020120500100420,2020년 12월 5일 18시,토요일,충청남도 아산시 영인면,경상사고,0,0,1,0,차대차 - 기타,기타,건조,맑음,단일로 - 기타,화물,남,58세,상해없음,승용,남,53세,경상
2020120500100463,2020년 12월 5일 19시,토요일,충청남도 천안시 서북구 쌍용동,부상신고사고,0,0,0,1,차대차 - 측면충돌,안전운전불이행,건조,맑음,교차로 - 교차로안,기타불명,기타불명,미분류,기타불명,이륜,남,22세,부상신고
2020120500100464,2020년 12월 5일 19시,토요일,충청남도 천안시 서북구 두정동,경상사고,0,0,1,0,차대사람 - 횡단중,중앙선침범,건조,맑음,단일로 - 기타,승용,여,64세,상해없음,보행자,여,44세,경상
2020120500100465,2020년 12월 5일 19시,토요일,충청남도 보령시 명천동,경상사고,0,0,1,0,차대차 - 기타,안전운전불이행,건조,맑음,단일로 - 기타,승용,여,56세,상해없음,승용,남,35세,상해없음
2020120500100519,2020년 12월 5일 21시,토요일,충청남도 서산시 음암면,중상사고,0,1,0,1,차대차 - 기타,차로위반,건조,맑음,단일로 - 기타,승용,여,51세,중상,승용,남,47세,부상신고
2020120500100536,2020년 12월 5일 22시,토요일,충청남도 아산시 배방읍,경상사고,0,0,1,1,차대차 - 측면충돌,안전운전불이행,건조,맑음,교차로 - 교차로안,이륜,남,20세,부상신고,승용,남,23세,경상
2020120500100537,2020년 12월 5일 22시,토요일,충청남도 당진시 신평면,경상사고,0,0,4,0,차대차 - 추돌,안전운전불이행,건조,맑음,단일로 - 기타,승용,남,39세,상해없음,승합,남,55세,경상
2020120600100069,2020년 12월 6일 08시,일요일,충청남도 천안시 동남구 신방동,경상사고,0,0,1,0,차대차 - 추돌,안전운전불이행,건조,맑음,교차로 - 교차로부근,승용,남,25세,상해없음,승용,남,36세,경상
2020120600100226,2020년 12월 6일 15시,일요일,충청남도 천안시 서북구 두정동,경상사고,0,0,1,0,차대차 - 측면충돌,중앙선침범,건조,맑음,단일로 - 기타,승용,남,58세,상해없음,이륜,남,22세,경상
2020120600100227,2020년 12월 6일 15시,일요일,충청남도 천안시 동남구 원성동,중상사고,0,1,1,0,차대차 - 기타,직진우회전진행방해,건조,맑음,교차로 - 교차로안,이륜,남,32세,중상,승용,남,51세,경상
2020120600100228,2020년 12월 6일 15시,일요일,충청남도 천안시 동남구 신방동,부상신고사고,0,0,0,1,차대차 - 기타,안전운전불이행,건조,맑음,교차로 - 교차로부근,이륜,남,26세,부상신고,승용,남,56세,상해없음
2020120600100256,2020년 12월 6일 16시,일요일,충청남도 천안시 서북구 입장면,경상사고,0,0,2,0,차대차 - 측면충돌,안전운전불이행,건조,맑음,교차로 - 교차로안,승합,남,55세,상해없음,승용,여,52세,경상
2020120600100280,2020년 12월 6일 17시,일요일,충청남도 아산시 온천동,경상사고,0,0,3,0,차대차 - 정면충돌,중앙선침범,건조,맑음,교차로 - 교차로부근,화물,남,72세,상해없음,승용,남,54세,경상
2020120600100310,2020년 12월 6일 18시,일요일,충청남도 보령시 명천동,중상사고,0,1,0,0,차대사람 - 횡단중,보행자보호의무위반,건조,맑음,교차로 - 교차로안,승용,남,67세,상해없음,보행자,남,65세,중상
2020120600100341,2020년 12월 6일 19시,일요일,충청남도 천안시 동남구 신부동,경상사고,0,0,1,0,차대차 - 측면충돌,안전거리미확보,건조,맑음,단일로 - 기타,승용,남,47세,상해없음,승용,남,52세,경상
2020120600100384,2020년 12월 6일 21시,일요일,충청남도 아산시 온천동,경상사고,0,0,1,0,차대차 - 추돌,안전운전불이행,건조,맑음,교차로 - 교차로부근,화물,남,48세,상해없음,승용,여,39세,경상
2020120700100041,2020년 12월 7일 06시,월요일,충청남도 서산시 음암면,경상사고,0,0,1,0,차대차 - 측면충돌,안전운전불이행,건조,맑음,교차로 - 교차로안,승용,남,72세,상해없음,이륜,남,62세,경상
2020120700100042,2020년 12월 7일 06시,월요일,충청남도 천안시 서북구 직산읍,경상사고,0,0,1,0,차대사람 - 횡단중,신호위반,건조,맑음,교차로 - 교차로횡단보도내,승용,여,67세,상해없음,보행자,남,27세,경상
2020120700100043,2020년 12월 7일 06시,월요일,충청남도 논산시 양촌면,중상사고,0,1,0,0,차대사람 - 횡단중,안전운전불이행,건조,맑음,단일로 - 기타,승용,남,58세,상해없음,보행자,여,69세,중상
2020120700100044,2020년 12월 7일 06시,월요일,충청남도 당진시 송악읍,경상사고,0,0,1,0,차대차 - 정면충돌,신호위반,건조,맑음,기타 - 기타,승합,남,54세,상해없음,화물,남,64세,경상
2020120700100063,2020년 12월 7일 07시,월요일,충청남도 서산시 대산읍,부상신고사고,0,0,0,1,차대차 - 추돌,안전운전불이행,건조,맑음,교차로 - 교차로안,이륜,남,72세,부상신고,화물,남,36세,상해없음
2020120700100064,2020년 12월 7일 07시,월요일,충청남도 천안시 서북구 두정동,경상사고,0,0,1,1,차대차 - 측면충돌,신호위반,건조,맑음,교차로 - 교차로안,승용,남,76세,상해없음,승용,남,37세,경상
2020120700100065,2020년 12월 7일 07시,월요일,충청남도 아산시 음봉면,경상사고,0,0,1,0,차대차 - 정면충돌,신호위반,건조,맑음,교차로 - 교차로부근,승용,남,26세,상해없음,승용,남,36세,경상
2020120700100111,2020년 12월 7일 09시,월요일,충청남도 천안시 서북구 성환읍,경상사고,0,0,1,0,차대차 - 후진중충돌,안전운전불이행,건조,맑음,단일로 - 기타,화물,남,30세,상해없음,승용,남,36세,경상
2020120700100112,2020년 12월 7일 09시,월요일,충청남도 아산시 도고면,중상사고,0,1,3,0,차대차 - 기타,중앙선침범,건조,맑음,단일로 - 기타,화물,남,66세,상해없음,승용,여,36세,경상
2020120700100143,2020년 12월 7일 10시,월요일,충청남도 당진시 합덕읍,경상사고,0,0,1,0,차대차 - 측면충돌,기타,건조,맑음,교차로 - 교차로안,승합,남,59세,상해없음,이륜,남,84세,경상
2020120700100177,2020년 12월 7일 11시,월요일,충청남도 서산시 동문동,경상사고,0,0,2,0,차대차 - 측면충돌,차로위반,건조,맑음,교차로 - 교차로부근,승용,여,51세,상해없음,승용,여,26세,경상
2020120700100178,2020년 12월 7일 11시,월요일,충청남도 천안시 서북구 성성동,중상사고,0,1,0,0,차대차 - 측면충돌,교차로운행방법위반,건조,맑음,교차로 - 교차로안,승용,남,36세,상해없음,승용,남,68세,중상
2020120700100179,2020년 12월 7일 11시,월요일,충청남도 부여군 옥산면,중상사고,0,1,0,0,차대차 - 측면충돌,안전운전불이행,건조,흐림,교차로 - 교차로부근,승용,남,77세,상해없음,이륜,남,40세,중상
2020120700100199,2020년 12월 7일 12시,월요일,충청남도 홍성군 홍북읍,중상사고,0,1,1,0,차대차 - 측면충돌,과속,건조,맑음,단일로 - 기타,이륜,남,18세,경상,자전거,여,68세,중상
2020120700100246,2020년 12월 7일 14시,월요일,충청남도 천안시 서북구 성정동,경상사고,0,0,1,0,차대사람 - 기타,안전운전불이행,건조,맑음,단일로 - 기타,승용,여,34세,상해없음,보행자,여,32세,경상
2020120700100271,2020년 12월 7일 15시,월요일,충청남도 아산시 모종동,중상사고,0,2,0,0,차대차 - 기타,안전운전불이행,건조,맑음,교차로 - 교차로안,승용,여,42세,상해없음,이륜,남,22세,중상
2020120700100272,2020년 12월 7일 15시,월요일,충청남도 부여군 부여읍,중상사고,0,1,0,0,차대차 - 측면충돌,차로위반,건조,흐림,단일로 - 기타,화물,여,64세,상해없음,승용,여,55세,중상
2020120700100316,2020년 12월 7일 16시,월요일,충청남도 태안군 태안읍,중상사고,0,1,0,0,차대사람 - 횡단중,보행자보호의무위반,건조,맑음,교차로 - 교차로횡단보도내,승용,남,71세,상해없음,보행자,여,69세,중상
2020120700100352,2020년 12월 7일 17시,월요일,충청남도 금산군 추부면,중상사고,0,1,0,0,차대사람 - 차도통행중,안전운전불이행,건조,맑음,단일로 - 기타,승용,여,44세,상해없음,보행자,남,57세,중상
2020120700100396,2020년 12월 7일 18시,월요일,충청남도 홍성군 홍북읍,중상사고,0,1,0,0,차대차 - 추돌,안전운전불이행,건조,맑음,교차로 - 교차로부근,승용,남,45세,상해없음,사륜오토바이(ATV),남,78세,중상
2020120700100397,2020년 12월 7일 18시,월요일,충청남도 천안시 동남구 신방동,경상사고,0,0,1,0,차대사람 - 횡단중,보행자보호의무위반,건조,맑음,교차로 - 교차로부근,승용,남,40세,상해없음,보행자,여,51세,경상
2020120700100441,2020년 12월 7일 19시,월요일,충청남도 아산시 풍기동,중상사고,0,1,0,0,차대차 - 측면충돌,안전운전불이행,건조,맑음,교차로 - 교차로안,승용,여,48세,상해없음,이륜,남,41세,중상
2020120700100518,2020년 12월 7일 22시,월요일,충청남도 서산시 석남동,경상사고,0,0,3,0,차대차 - 추돌,안전운전불이행,건조,맑음,교차로 - 교차로부근,화물,남,49세,상해없음,승용,남,31세,경상
2020120700100519,2020년 12월 7일 22시,월요일,충청남도 천안시 동남구 원성동,경상사고,0,0,3,0,차대차 - 기타,안전운전불이행,건조,맑음,교차로 - 교차로안,승용,남,69세,상해없음,승용,남,19세,경상
2020120700100528,2020년 12월 7일 23시,월요일,충청남도 천안시 동남구 목천읍,경상사고,0,0,2,0,차대차 - 측면충돌,안전운전불이행,건조,맑음,단일로 - 기타,승용,남,38세,상해없음,화물,남,57세,경상
2020120800100003,2020년 12월 8일 00시,화요일,충청남도 태안군 태안읍,경상사고,0,0,1,0,차량단독 - 공작물충돌,안전운전불이행,건조,맑음,단일로 - 기타,승용,남,22세,경상,,,,
2020120800100033,2020년 12월 8일 06시,화요일,충청남도 서산시 성연면,중상사고,0,1,0,0,차대차 - 측면충돌,신호위반,건조,맑음,교차로 - 교차로안,승용,남,39세,상해없음,승용,남,52세,중상
2020120800100051,2020년 12월 8일 07시,화요일,충청남도 예산군 예산읍,경상사고,0,0,2,0,차대차 - 측면충돌,직진우회전진행방해,건조,맑음,교차로 - 교차로안,승용,남,64세,상해없음,승용,여,43세,경상
2020120800100081,2020년 12월 8일 08시,화요일,충청남도 천안시 서북구 성정동,중상사고,0,1,0,0,차대차 - 측면충돌,안전운전불이행,건조,맑음,단일로 - 기타,승용,여,50세,상해없음,이륜,남,43세,중상
2020120800100082,2020년 12월 8일 08시,화요일,충청남도 예산군 예산읍,중상사고,0,1,0,0,차대차 - 추돌,안전거리미확보,서리/결빙,맑음,단일로 - 기타,승용,여,42세,상해없음,이륜,남,75세,중상
2020120800100157,2020년 12월 8일 10시,화요일,충청남도 서산시 잠홍동,경상사고,0,0,2,0,차대차 - 추돌,안전운전불이행,건조,맑음,단일로 - 기타,화물,남,18세,상해없음,승용,여,68세,경상
2020120800100158,2020년 12월 8일 10시,화요일,충청남도 논산시 내동,중상사고,0,2,1,0,차대차 - 측면충돌,직진우회전진행방해,건조,맑음,교차로 - 교차로안,이륜,남,74세,중상,승용,남,62세,경상
2020120800100181,2020년 12월 8일 11시,화요일,충청남도 예산군 오가면,중상사고,0,1,0,0,차대차 - 기타,안전운전불이행,건조,맑음,단일로 - 기타,승용,여,53세,기타불명,화물,남,31세,중상
2020120800100215,2020년 12월 8일 12시,화요일,충청남도 당진시 석문면,경상사고,0,0,1,0,차대차 - 기타,안전운전불이행,건조,맑음,교차로 - 교차로부근,건설기계,남,50세,상해없음,승용,여,70세,경상
2020120800100216,2020년 12월 8일 12시,화요일,충청남도 당진시 읍내리,중상사고,0,1,0,0,차대사람 - 횡단중,보행자보호의무위반,건조,맑음,교차로 - 교차로횡단보도내,화물,남,29세,상해없음,보행자,여,79세,중상
2020120800100247,2020년 12월 8일 13시,화요일,충청남도 논산시 반월동,경상사고,0,0,1,0,차대차 - 후진중충돌,안전운전불이행,건조,맑음,단일로 - 기타,승용,남,60세,상해없음,승용,여,45세,경상
2020120800100248,2020년 12월 8일 13시,화요일,충청남도 당진시 합덕읍,경상사고,0,0,1,0,차대차 - 측면충돌,교차로운행방법위반,건조,맑음,교차로 - 교차로안,승용,남,66세,상해없음,이륜,남,60세,경상
2020120800100300,2020년 12월 8일 14시,화요일,충청남도 당진시 읍내리,중상사고,0,1,0,0,차대사람 - 보도통행중,기타,건조,맑음,교차로 - 교차로부근,화물,남,46세,상해없음,보행자,여,79세,중상
2020120800100301,2020년 12월 8일 14시,화요일,충청남도 태안군 태안읍,중상사고,0,1,0,0,차대사람 - 횡단중,보행자보호의무위반,건조,맑음,교차로 - 교차로부근,화물,남,57세,상해없음,보행자,여,72세,중상
2020120800100339,2020년 12월 8일 15시,화요일,충청남도 천안시 서북구 신당동,경상사고,0,0,1,0,차대차 - 추돌,안전운전불이행,건조,맑음,단일로 - 기타,승용,남,40세,상해없음,승용,여,41세,경상
2020120800100340,2020년 12월 8일 15시,화요일,충청남도 아산시 모종동,중상사고,0,1,0,0,차대사람 - 기타,안전운전불이행,건조,맑음,단일로 - 기타,승용,남,38세,상해없음,보행자,여,79세,중상
2020120800100341,2020년 12월 8일 15시,화요일,충청남도 당진시 신평면,경상사고,0,0,1,0,차대차 - 기타,교차로운행방법위반,건조,맑음,기타 - 기타,화물,남,57세,상해없음,이륜,남,86세,경상
2020120800100372,2020년 12월 8일 16시,화요일,충청남도 서산시 동문동,경상사고,0,0,1,0,차대차 - 측면충돌,안전거리미확보,건조,맑음,단일로 - 기타,이륜,남,27세,상해없음,승용,여,70세,경상
2020120800100373,2020년 12월 8일 16시,화요일,충청남도 부여군 부여읍,경상사고,0,0,2,0,차대차 - 측면충돌,안전운전불이행,건조,맑음,교차로 - 교차로안,화물,남,53세,경상,승용,남,61세,경상
2020120800100413,2020년 12월 8일 17시,화요일,충청남도 천안시 서북구 쌍용동,경상사고,0,0,3,0,차대차 - 측면충돌,신호위반,건조,맑음,교차로 - 교차로부근,승용,여,63세,상해없음,승용,남,39세,경상
2020120800100414,2020년 12월 8일 17시,화요일,충청남도 당진시 송산면,경상사고,0,0,1,0,차대차 - 정면충돌,중앙선침범,건조,맑음,교차로 - 교차로부근,승용,남,30세,기타불명,승용,남,37세,경상
2020120800100415,2020년 12월 8일 17시,화요일,충청남도 천안시 동남구 원성동,경상사고,0,0,1,0,차대사람 - 길가장자리구역통행중,기타,건조,맑음,단일로 - 기타,승용,남,61세,상해없음,보행자,여,47세,경상
2020120800100416,2020년 12월 8일 17시,화요일,충청남도 천안시 동남구 신방동,경상사고,0,0,2,0,차대차 - 측면충돌,직진우회전진행방해,건조,맑음,교차로 - 교차로안,승용,여,51세,경상,화물,남,38세,경상
2020120800100417,2020년 12월 8일 17시,화요일,충청남도 천안시 서북구 입장면,경상사고,0,0,1,0,차대차 - 기타,안전거리미확보,건조,맑음,단일로 - 기타,승용,여,37세,상해없음,승용,여,60세,경상
2020120800100478,2020년 12월 8일 18시,화요일,충청남도 서산시 대산읍,경상사고,0,0,1,0,차대사람 - 횡단중,안전운전불이행,건조,맑음,단일로 - 기타,이륜,남,18세,상해없음,보행자,여,20세,경상
2020120800100479,2020년 12월 8일 18시,화요일,충청남도 천안시 서북구 직산읍,경상사고,0,0,4,0,차대차 - 추돌,안전거리미확보,건조,맑음,단일로 - 기타,화물,남,44세,상해없음,승용,여,50세,경상
2020120800100480,2020년 12월 8일 18시,화요일,충청남도 공주시 정안면,경상사고,0,0,1,0,차대차 - 측면충돌,중앙선침범,건조,흐림,단일로 - 기타,화물,남,69세,기타불명,승용,남,56세,경상
2020120800100481,2020년 12월 8일 18시,화요일,충청남도 부여군 은산면,경상사고,0,0,1,0,차대차 - 추돌,안전거리미확보,건조,맑음,단일로 - 기타,승용,남,22세,상해없음,승용,남,30세,경상
2020120800100557,2020년 12월 8일 20시,화요일,충청남도 천안시 서북구 직산읍,경상사고,0,0,1,0,차대차 - 추돌,안전운전불이행,건조,맑음,단일로 - 기타,승용,남,22세,상해없음,이륜,남,41세,경상
2020120800100558,2020년 12월 8일 20시,화요일,충청남도 천안시 동남구 풍세면,경상사고,0,0,1,0,차대차 - 기타,신호위반,건조,맑음,교차로 - 교차로안,승용,남,26세,상해없음,승용,남,41세,경상
2020120800100559,2020년 12월 8일 20시,화요일,충청남도 태안군 태안읍,중상사고,0,1,1,0,차대차 - 측면충돌,교차로운행방법위반,건조,맑음,교차로 - 교차로안,승용,남,33세,중상,승용,여,28세,경상
2020120800100612,2020년 12월 8일 22시,화요일,충청남도 천안시 서북구 성거읍,중상사고,0,1,0,0,차대사람 - 횡단중,보행자보호의무위반,건조,맑음,교차로 - 교차로횡단보도내,승용,여,47세,상해없음,보행자,남,55세,중상
2020120800100613,2020년 12월 8일 22시,화요일,충청남도 당진시 신평면,경상사고,0,0,1,0,차대차 - 측면충돌,교차로운행방법위반,건조,맑음,교차로 - 교차로안,승용,여,67세,상해없음,승용,남,39세,경상
2020120800100627,2020년 12월 8일 23시,화요일,충청남도 천안시 서북구 성성동,경상사고,0,0,1,0,차대차 - 후진중충돌,안전운전불이행,건조,맑음,단일로 - 기타,승용,남,31세,상해없음,이륜,남,30세,경상
2020120900100020,2020년 12월 9일 05시,수요일,충청남도 금산군 군북면,사망사고,1,15,16,0,차대차 - 추돌,안전운전불이행,건조,맑음,단일로 - 기타,승합,남,57세,상해없음,화물,남,55세,중상
2020120900100030,2020년 12월 9일 06시,수요일,충청남도 천안시 서북구 직산읍,중상사고,0,1,0,0,차대사람 - 횡단중,보행자보호의무위반,건조,맑음,교차로 - 교차로횡단보도내,승용,남,42세,상해없음,보행자,여,27세,중상
2020120900100054,2020년 12월 9일 07시,수요일,충청남도 천안시 동남구 원성동,경상사고,0,0,1,0,차대차 - 기타,신호위반,건조,맑음,교차로 - 교차로안,승용,여,50세,상해없음,승용,남,42세,경상
2020120900100088,2020년 12월 9일 08시,수요일,충청남도 공주시 계룡면,사망사고,1,0,0,0,차대차 - 후진중충돌,불법유턴,건조,맑음,단일로 - 기타,건설기계,남,63세,상해없음,이륜,남,79세,사망
2020120900100089,2020년 12월 9일 08시,수요일,충청남도 부여군 옥산면,중상사고,0,1,0,0,차대차 - 측면충돌,중앙선침범,건조,맑음,단일로 - 기타,화물,남,52세,상해없음,화물,남,65세,중상
2020120900100166,2020년 12월 9일 10시,수요일,충청남도 홍성군 홍성읍,경상사고,0,0,1,0,차대차 - 측면충돌,교차로운행방법위반,건조,맑음,교차로 - 교차로안,승용,남,55세,상해없음,화물,남,25세,경상
2020120900100192,2020년 12월 9일 11시,수요일,충청남도 당진시 송악읍,중상사고,0,1,1,0,차대차 - 기타,교차로운행방법위반,건조,맑음,교차로 - 교차로안,건설기계,남,40세,상해없음,승용,여,49세,중상
2020120900100272,2020년 12월 9일 14시,수요일,충청남도 천안시 서북구 두정동,중상사고,0,1,0,0,차대사람 - 횡단중,안전운전불이행,건조,맑음,단일로 - 기타,승용,남,27세,상해없음,보행자,여,59세,중상
2020120900100299,2020년 12월 9일 15시,수요일,충청남도 서산시 석남동,중상사고,0,1,0,0,차대차 - 기타,안전운전불이행,건조,흐림,교차로 - 교차로안,화물,남,53세,상해없음,자전거,남,64세,중상
2020120900100300,2020년 12월 9일 15시,수요일,충청남도 천안시 서북구 입장면,경상사고,0,0,1,0,차대사람 - 기타,안전운전불이행,건조,맑음,단일로 - 기타,승용,남,45세,상해없음,보행자,남,21세,경상
2020120900100365,2020년 12월 9일 17시,수요일,충청남도 천안시 서북구 두정동,경상사고,0,0,2,0,차대차 - 측면충돌,교차로운행방법위반,건조,맑음,교차로 - 교차로안,승용,여,46세,상해없음,이륜,남,38세,경상
2020120900100366,2020년 12월 9일 17시,수요일,충청남도 천안시 서북구 불당동,경상사고,0,0,1,0,차대차 - 기타,안전운전불이행,건조,맑음,단일로 - 기타,승용,남,75세,상해없음,승용,여,52세,경상
2020120900100367,2020년 12월 9일 17시,수요일,충청남도 보령시 청소면,경상사고,0,0,1,0,차대사람 - 차도통행중,안전운전불이행,건조,맑음,단일로 - 기타,승용,남,58세,상해없음,보행자,남,66세,경상
2020120900100422,2020년 12월 9일 18시,수요일,충청남도 아산시 권곡동,중상사고,0,1,0,0,차대차 - 측면충돌,안전운전불이행,건조,흐림,단일로 - 기타,승용,남,30세,상해없음,이륜,남,50세,중상
2020120900100491,2020년 12월 9일 19시,수요일,충청남도 천안시 서북구 불당동,경상사고,0,0,1,0,차대차 - 측면충돌,안전운전불이행,건조,맑음,교차로 - 교차로부근,승합,남,73세,상해없음,승용,여,30세,경상
2020120900100492,2020년 12월 9일 19시,수요일,충청남도 천안시 서북구 백석동,부상신고사고,0,0,0,1,차대차 - 측면충돌,안전운전불이행,건조,맑음,교차로 - 교차로부근,이륜,남,28세,부상신고,승용,여,54세,상해없음
2020120900100556,2020년 12월 9일 21시,수요일,충청남도 천안시 서북구 성환읍,경상사고,0,0,1,0,차대차 - 기타,중앙선침범,건조,맑음,단일로 - 기타,화물,남,66세,상해없음,화물,여,60세,경상
2020120900100585,2020년 12월 9일 22시,수요일,충청남도 천안시 서북구 두정동,경상사고,0,0,1,0,차대차 - 후진중충돌,안전운전불이행,건조,맑음,교차로 - 교차로안,승용,여,33세,상해없음,승용,남,29세,경상
2020120900100586,2020년 12월 9일 22시,수요일,충청남도 아산시 음봉면,경상사고,0,0,1,0,차대차 - 추돌,안전운전불이행,건조,맑음,단일로 - 기타,승용,남,52세,상해없음,승용,남,36세,경상
2020121000100001,2020년 12월 10일 00시,목요일,충청남도 아산시 염치읍,경상사고,0,0,1,0,차대차 - 측면충돌,안전운전불이행,건조,기타,단일로 - 기타,화물,남,26세,상해없음,승용,여,55세,경상
2020121000100002,2020년 12월 10일 00시,목요일,충청남도 아산시 음봉면,경상사고,0,0,3,0,차대차 - 정면충돌,신호위반,건조,맑음,교차로 - 교차로안,승용,남,41세,상해없음,승용,남,30세,경상
2020121000100003,2020년 12월 10일 00시,목요일,충청남도 공주시 신관동,중상사고,0,2,0,0,차대차 - 측면충돌,신호위반,건조,맑음,교차로 - 교차로안,승용,남,21세,중상,승용,남,25세,중상
2020121000100017,2020년 12월 10일 05시,목요일,충청남도 논산시 내동,중상사고,0,2,0,0,차대차 - 측면충돌,직진우회전진행방해,건조,맑음,교차로 - 교차로안,승용,여,52세,중상,승용,남,54세,중상
2020121000100018,2020년 12월 10일 05시,목요일,충청남도 공주시 신관동,경상사고,0,0,2,0,차대차 - 추돌,안전운전불이행,건조,맑음,단일로 - 기타,승용,남,30세,경상,화물,남,59세,경상
2020121000100047,2020년 12월 10일 07시,목요일,충청남도 천안시 서북구 성정동,경상사고,0,0,1,0,차대차 - 측면충돌,안전운전불이행,건조,맑음,단일로 - 기타,승용,남,66세,상해없음,승용,남,39세,경상
2020121000100048,2020년 12월 10일 07시,목요일,충청남도 천안시 서북구 두정동,중상사고,0,1,0,0,차대차 - 정면충돌,신호위반,건조,맑음,교차로 - 교차로안,승용,여,40세,상해없음,승용,남,32세,중상
2020121000100070,2020년 12월 10일 08시,목요일,충청남도 천안시 동남구 풍세면,경상사고,0,0,1,0,차대차 - 정면충돌,신호위반,건조,맑음,교차로 - 교차로안,승용,여,36세,상해없음,승용,남,55세,경상
2020121000100071,2020년 12월 10일 08시,목요일,충청남도 천안시 동남구 원성동,경상사고,0,0,2,0,차대차 - 기타,안전거리미확보,건조,맑음,교차로 - 교차로부근,승용,남,67세,상해없음,승용,여,42세,경상
2020121000100072,2020년 12월 10일 08시,목요일,충청남도 천안시 서북구 쌍용동,경상사고,0,0,2,0,차대차 - 측면충돌,안전운전불이행,건조,맑음,단일로 - 기타,화물,남,53세,상해없음,승용,남,33세,경상
2020121000100097,2020년 12월 10일 09시,목요일,충청남도 천안시 서북구 입장면,경상사고,0,0,5,0,차대차 - 추돌,안전운전불이행,건조,맑음,단일로 - 기타,화물,남,37세,상해없음,화물,남,59세,경상
2020121000100140,2020년 12월 10일 11시,목요일,충청남도 당진시 읍내리,경상사고,0,0,1,0,차대사람 - 횡단중,안전운전불이행,건조,맑음,교차로 - 교차로안,승용,남,27세,상해없음,보행자,여,78세,경상
2020121000100202,2020년 12월 10일 13시,목요일,충청남도 아산시 영인면,중상사고,0,1,0,0,차대사람 - 기타,안전운전불이행,건조,맑음,교차로 - 교차로안,화물,남,41세,상해없음,보행자,여,65세,중상
2020121000100227,2020년 12월 10일 14시,목요일,충청남도 태안군 태안읍,경상사고,0,0,1,0,차대차 - 측면충돌,안전운전불이행,건조,맑음,단일로 - 기타,화물,남,58세,상해없음,이륜,남,48세,경상
2020121000100245,2020년 12월 10일 15시,목요일,충청남도 천안시 서북구 성거읍,중상사고,0,1,0,0,차대차 - 측면충돌,중앙선침범,건조,맑음,단일로 - 기타,승용,남,44세,상해없음,이륜,남,40세,중상
2020121000100272,2020년 12월 10일 16시,목요일,충청남도 천안시 동남구 광덕면,중상사고,0,2,0,0,차대차 - 정면충돌,중앙선침범,건조,맑음,단일로 - 기타,승용,남,37세,상해없음,화물,여,45세,중상
2020121000100316,2020년 12월 10일 17시,목요일,충청남도 천안시 서북구 직산읍,경상사고,0,0,1,0,차대차 - 측면충돌,신호위반,건조,맑음,교차로 - 교차로안,승용,남,75세,상해없음,승용,여,38세,경상
2020121000100317,2020년 12월 10일 17시,목요일,충청남도 천안시 서북구 두정동,경상사고,0,0,1,0,차대차 - 측면충돌,중앙선침범,건조,맑음,교차로 - 교차로부근,승용,남,60세,상해없음,이륜,남,36세,경상