사고번호,사고일시,요일,시군구,사고내용,사망자수,중상자수,경상자수,부상신고자수,사고유형,법규위반,노면상태,기상상태,도로형태,가해운전자 차종,가해운전자 성별,가해운전자 연령,가해운전자 상해정도,피해운전자 차종,피해운전자 성별,피해운전자 연령,피해운전자 상해정도
2020121600100114,2020년 12월 16일 09시,수요일,충청남도 보령시 웅천읍,중상사고,0,2,1,0,차대차 - 정면충돌,중앙선침범,건조,흐림,단일로 - 기타,승용,남,69세,상해없음,승용,남,33세,경상
2020121600100115,2020년 12월 16일 09시,수요일,충청남도 천안시 동남구 삼룡동,중상사고,0,2,1,0,차대차 - 추돌,안전운전불이행,기타,맑음,교차로 - 교차로안,승용,남,53세,상해없음,승합,남,62세,중상
2020121600100212,2020년 12월 16일 13시,수요일,충청남도 천안시 서북구 쌍용동,경상사고,0,0,1,0,차대차 - 기타,안전거리미확보,건조,맑음,단일로 - 기타,승용,남,70세,상해없음,승용,남,72세,경상
2020121600100213,2020년 12월 16일 13시,수요일,충청남도 아산시 용화동,경상사고,0,0,1,0,차대사람 - 기타,안전운전불이행,건조,맑음,기타 - 기타,승용,남,39세,상해없음,보행자,남,50세,경상
2020121600100248,2020년 12월 16일 14시,수요일,충청남도 천안시 서북구 성정동,경상사고,0,0,2,1,차대차 - 측면충돌,교차로운행방법위반,건조,맑음,교차로 - 교차로안,승용,남,30세,경상,승용,여,54세,부상신고
2020121600100249,2020년 12월 16일 14시,수요일,충청남도 천안시 서북구 성정동,부상신고사고,0,0,0,1,차대사람 - 기타,안전운전불이행,건조,맑음,단일로 - 기타,승용,남,52세,상해없음,보행자,남,35세,부상신고
2020121600100250,2020년 12월 16일 14시,수요일,충청남도 아산시 풍기동,중상사고,0,1,1,0,차대차 - 기타,안전운전불이행,건조,맑음,교차로 - 교차로안,승용,여,44세,상해없음,승용,남,26세,중상
2020121600100251,2020년 12월 16일 14시,수요일,충청남도 천안시 동남구 목천읍,경상사고,0,0,1,0,차대차 - 측면충돌,안전운전불이행,건조,맑음,단일로 - 기타,승용,남,27세,상해없음,승용,남,60세,경상
2020121600100252,2020년 12월 16일 14시,수요일,충청남도 천안시 동남구 구성동,경상사고,0,0,1,0,차대차 - 측면충돌,안전운전불이행,건조,맑음,교차로 - 교차로부근,화물,남,72세,상해없음,이륜,남,55세,경상
2020121600100283,2020년 12월 16일 15시,수요일,충청남도 논산시 강산동,중상사고,0,1,0,0,차대차 - 추돌,안전운전불이행,건조,맑음,교차로 - 교차로부근,승용,남,54세,상해없음,승합,남,50세,중상
2020121600100284,2020년 12월 16일 15시,수요일,충청남도 공주시 우성면,경상사고,0,0,2,0,차대차 - 측면충돌,안전거리미확보,건조,맑음,단일로 - 기타,특수,남,60세,상해없음,승용,남,62세,경상
2020121600100305,2020년 12월 16일 16시,수요일,충청남도 아산시 풍기동,경상사고,0,0,3,0,차대차 - 추돌,안전운전불이행,건조,맑음,단일로 - 기타,승용,남,50세,상해없음,승용,남,31세,경상
2020121600100306,2020년 12월 16일 16시,수요일,충청남도 청양군 정산면,경상사고,0,0,1,0,차량단독 - 전도전복 - 전복,안전운전불이행,기타,맑음,단일로 - 기타,승용,여,69세,경상,,,,
2020121600100343,2020년 12월 16일 17시,수요일,충청남도 논산시 대교동,경상사고,0,0,2,0,차대차 - 측면충돌,직진우회전진행방해,건조,맑음,교차로 - 교차로안,승합,여,54세,상해없음,승용,남,59세,경상
2020121600100344,2020년 12월 16일 17시,수요일,충청남도 당진시 송산면,경상사고,0,0,1,0,차대차 - 측면충돌,안전운전불이행,건조,맑음,교차로 - 교차로안,승용,남,38세,상해없음,승용,여,52세,경상
2020121600100451,2020년 12월 16일 19시,수요일,충청남도 천안시 서북구 불당동,경상사고,0,0,1,0,차대차 - 추돌,안전운전불이행,건조,맑음,단일로 - 기타,승용,남,54세,상해없음,승용,남,46세,경상
2020121600100452,2020년 12월 16일 19시,수요일,충청남도 공주시 신기동,경상사고,0,0,1,0,차대차 - 후진중충돌,안전운전불이행,건조,맑음,기타 - 기타,화물,남,51세,상해없음,승용,남,63세,경상
2020121600100488,2020년 12월 16일 20시,수요일,충청남도 아산시 배방읍,경상사고,0,0,1,0,차대차 - 기타,안전운전불이행,젖음/습기,맑음,교차로 - 교차로부근,승용,남,46세,상해없음,이륜,남,41세,경상
2020121600100529,2020년 12월 16일 21시,수요일,충청남도 천안시 서북구 두정동,경상사고,0,0,1,0,차대차 - 측면충돌,신호위반,건조,맑음,교차로 - 교차로안,이륜,남,28세,상해없음,이륜,남,31세,경상
2020121700100029,2020년 12월 17일 06시,목요일,충청남도 천안시 서북구 직산읍,중상사고,0,1,0,0,차대차 - 측면충돌,교차로운행방법위반,건조,맑음,교차로 - 교차로안,승용,남,64세,상해없음,이륜,남,71세,중상
2020121700100030,2020년 12월 17일 06시,목요일,충청남도 천안시 동남구 원성동,경상사고,0,0,1,0,차대차 - 측면충돌,안전운전불이행,건조,맑음,단일로 - 기타,승용,남,61세,상해없음,승용,남,29세,경상
2020121700100051,2020년 12월 17일 07시,목요일,충청남도 당진시 시곡리,중상사고,0,1,0,0,차대차 - 추돌,안전운전불이행,젖음/습기,맑음,단일로 - 기타,화물,남,48세,상해없음,승용,여,46세,중상
2020121700100052,2020년 12월 17일 07시,목요일,충청남도 당진시 시곡리,경상사고,0,0,1,0,차대차 - 추돌,안전거리미확보,젖음/습기,맑음,단일로 - 기타,승용,여,38세,경상,건설기계,남,51세,상해없음
2020121700100086,2020년 12월 17일 08시,목요일,충청남도 천안시 서북구 두정동,부상신고사고,0,0,0,1,차대사람 - 횡단중,보행자보호의무위반,건조,맑음,교차로 - 교차로안,승용,남,40세,상해없음,보행자,남,7세,부상신고
2020121700100087,2020년 12월 17일 08시,목요일,충청남도 홍성군 홍북읍,경상사고,0,0,1,0,차대사람 - 기타,안전운전불이행,건조,맑음,교차로 - 교차로안,승용,남,31세,상해없음,보행자,여,38세,경상
2020121700100127,2020년 12월 17일 09시,목요일,충청남도 서산시 읍내동,중상사고,0,1,0,0,차대사람 - 횡단중,보행자보호의무위반,건조,맑음,교차로 - 교차로안,승용,여,52세,상해없음,보행자,여,59세,중상
2020121700100128,2020년 12월 17일 09시,목요일,충청남도 금산군 추부면,경상사고,0,0,1,0,차대차 - 측면충돌,안전운전불이행,건조,맑음,단일로 - 기타,승용,여,24세,상해없음,승용,남,32세,경상
2020121700100163,2020년 12월 17일 10시,목요일,충청남도 논산시 강경읍,중상사고,0,1,0,0,차량단독 - 공작물충돌,안전운전불이행,건조,맑음,단일로 - 기타,승용,남,66세,중상,,,,
2020121700100164,2020년 12월 17일 10시,목요일,충청남도 부여군 부여읍,경상사고,0,0,2,0,차대차 - 측면충돌,중앙선침범,건조,맑음,단일로 - 기타,화물,남,77세,상해없음,승용,남,42세,경상
2020121700100195,2020년 12월 17일 11시,목요일,충청남도 아산시 모종동,경상사고,0,0,3,0,차대차 - 추돌,안전운전불이행,건조,맑음,단일로 - 기타,승용,남,37세,경상,승용,남,64세,상해없음
2020121700100226,2020년 12월 17일 12시,목요일,충청남도 서산시 석남동,중상사고,0,1,0,0,차대차 - 측면충돌,불법유턴,건조,맑음,교차로 - 교차로부근,승용,남,71세,상해없음,승용,여,55세,중상
2020121700100227,2020년 12월 17일 12시,목요일,충청남도 천안시 서북구 두정동,경상사고,0,0,1,1,차대사람 - 기타,안전운전불이행,건조,맑음,단일로 - 기타,승합,남,50세,상해없음,보행자,남,17세,경상
2020121700100228,2020년 12월 17일 12시,목요일,충청남도 아산시 탕정면,경상사고,0,0,2,0,차대차 - 기타,안전운전불이행,건조,맑음,교차로 - 교차로부근,승용,남,62세,상해없음,승용,남,33세,경상
2020121700100229,2020년 12월 17일 12시,목요일,충청남도 아산시 탕정면,경상사고,0,0,1,0,차대차 - 추돌,안전운전불이행,건조,맑음,단일로 - 기타,화물,남,39세,상해없음,화물,남,41세,경상
2020121700100230,2020년 12월 17일 12시,목요일,충청남도 아산시 탕정면,경상사고,0,0,1,0,차대차 - 측면충돌,안전운전불이행,건조,맑음,단일로 - 기타,승용,남,38세,상해없음,이륜,남,56세,경상
2020121700100231,2020년 12월 17일 12시,목요일,충청남도 예산군 덕산면,경상사고,0,0,1,0,차대차 - 측면충돌,신호위반,건조,맑음,교차로 - 교차로안,승용,여,45세,상해없음,승용,여,55세,경상
2020121700100267,2020년 12월 17일 13시,목요일,충청남도 천안시 서북구 두정동,중상사고,0,1,0,0,차대차 - 측면충돌,안전거리미확보,건조,맑음,단일로 - 기타,승용,남,45세,상해없음,이륜,남,37세,중상
2020121700100294,2020년 12월 17일 14시,목요일,충청남도 당진시 순성면,경상사고,0,0,1,0,차대차 - 정면충돌,교차로운행방법위반,건조,맑음,교차로 - 교차로안,승용,남,44세,상해없음,승용,남,38세,경상
2020121700100295,2020년 12월 17일 14시,목요일,충청남도 천안시 동남구 풍세면,경상사고,0,0,1,0,차대차 - 측면충돌,안전운전불이행,건조,맑음,기타 - 기타,승용,남,27세,상해없음,승용,남,64세,경상
2020121700100330,2020년 12월 17일 15시,목요일,충청남도 공주시 신관동,중상사고,0,1,0,0,차대사람 - 횡단중,보행자보호의무위반,건조,맑음,교차로 - 교차로횡단보도내,승용,여,56세,상해없음,보행자,남,78세,중상
2020121700100331,2020년 12월 17일 15시,목요일,충청남도 부여군 부여읍,중상사고,0,1,1,0,차대차 - 추돌,안전거리미확보,건조,맑음,교차로 - 교차로부근,화물,남,58세,상해없음,승용,남,53세,경상
2020121700100363,2020년 12월 17일 16시,목요일,충청남도 아산시 탕정면,경상사고,0,0,1,1,차대차 - 기타,안전운전불이행,건조,맑음,단일로 - 기타,화물,남,36세,경상,화물,남,66세,부상신고
2020121700100364,2020년 12월 17일 16시,목요일,충청남도 부여군 장암면,경상사고,0,0,1,0,차대차 - 측면충돌,교차로운행방법위반,건조,맑음,교차로 - 교차로안,이륜,남,92세,경상,화물,남,39세,상해없음
2020121700100391,2020년 12월 17일 17시,목요일,충청남도 아산시 영인면,경상사고,0,0,2,0,차대차 - 추돌,안전운전불이행,건조,기타,단일로 - 기타,승용,남,47세,상해없음,승용,여,49세,경상
2020121700100392,2020년 12월 17일 17시,목요일,충청남도 서천군 마서면,경상사고,0,0,1,0,차량단독 - 공작물충돌,안전운전불이행,건조,맑음,단일로 - 기타,화물,남,71세,경상,,,,
2020121700100393,2020년 12월 17일 17시,목요일,충청남도 당진시 신평면,경상사고,0,0,2,0,차대차 - 추돌,안전운전불이행,건조,맑음,기타 - 기타,승용,남,40세,경상,승용,남,47세,경상
2020121700100437,2020년 12월 17일 18시,목요일,충청남도 보령시 성주면,경상사고,0,0,1,0,차대차 - 정면충돌,교차로운행방법위반,건조,맑음,교차로 - 교차로안,승용,남,35세,상해없음,화물,남,59세,경상
2020121700100438,2020년 12월 17일 18시,목요일,충청남도 청양군 비봉면,중상사고,0,1,0,0,차대사람 - 기타,안전운전불이행,건조,맑음,주차장 - 주차장,승용,여,63세,상해없음,보행자,여,73세,중상
2020121700100439,2020년 12월 17일 18시,목요일,충청남도 천안시 동남구 영성동,중상사고,0,1,0,0,차대차 - 기타,안전운전불이행,건조,맑음,단일로 - 기타,승용,남,25세,상해없음,이륜,여,75세,중상
2020121700100481,2020년 12월 17일 19시,목요일,충청남도 서산시 석림동,경상사고,0,0,1,0,차대차 - 추돌,안전운전불이행,건조,맑음,교차로 - 교차로부근,원동기,남,27세,상해없음,승용,여,40세,경상
2020121700100482,2020년 12월 17일 19시,목요일,충청남도 서산시 운산면,경상사고,0,0,3,0,차대차 - 추돌,안전거리미확보,서리/결빙,맑음,단일로 - 기타,승용,남,46세,상해없음,화물,여,54세,경상
2020121700100517,2020년 12월 17일 20시,목요일,충청남도 서산시 대산읍,경상사고,0,0,2,0,차대차 - 기타,안전운전불이행,건조,맑음,단일로 - 기타,승용,남,48세,상해없음,승용,남,24세,경상
2020121700100518,2020년 12월 17일 20시,목요일,충청남도 아산시 온천동,경상사고,0,0,2,0,차대차 - 기타,안전운전불이행,건조,맑음,단일로 - 기타,승용,남,70세,상해없음,승용,남,30세,경상
2020121700100548,2020년 12월 17일 21시,목요일,충청남도 서산시 동문동,경상사고,0,0,1,0,차대차 - 기타,안전운전불이행,건조,맑음,교차로 - 교차로부근,승용,남,45세,상해없음,이륜,남,54세,경상
2020121700100549,2020년 12월 17일 21시,목요일,충청남도 홍성군 홍북읍,경상사고,0,0,1,0,차대사람 - 횡단중,신호위반,건조,맑음,교차로 - 교차로안,이륜,남,18세,상해없음,보행자,여,36세,경상
2020121700100550,2020년 12월 17일 21시,목요일,충청남도 당진시 채운동,경상사고,0,0,1,0,차대차 - 추돌,안전운전불이행,건조,맑음,교차로 - 교차로안,승용,남,46세,상해없음,승용,남,42세,경상
2020121700100551,2020년 12월 17일 21시,목요일,충청남도 천안시 서북구 성거읍,경상사고,0,0,1,0,차대차 - 측면충돌,차로위반,건조,맑음,단일로 - 기타,승용,남,45세,상해없음,승용,남,29세,경상
2020121800100003,2020년 12월 18일 00시,금요일,충청남도 천안시 서북구 성정동,경상사고,0,0,1,0,차대차 - 측면충돌,안전운전불이행,건조,맑음,교차로 - 교차로안,승용,남,20세,상해없음,이륜,남,32세,경상
2020121800100009,2020년 12월 18일 01시,금요일,충청남도 천안시 동남구 봉명동,중상사고,0,1,0,0,차대차 - 추돌,안전운전불이행,서리/결빙,눈,단일로 - 기타,이륜,남,25세,중상,승용,여,64세,상해없음
2020121800100034,2020년 12월 18일 06시,금요일,충청남도 서산시 성연면,중상사고,0,1,1,0,차대차 - 추돌,안전거리미확보,서리/결빙,맑음,단일로 - 기타,승용,남,52세,상해없음,승용,여,26세,중상
2020121800100035,2020년 12월 18일 06시,금요일,충청남도 서산시 성연면,경상사고,0,0,2,0,차대차 - 추돌,안전거리미확보,건조,맑음,단일로 - 기타,승용,남,30세,상해없음,승용,남,29세,경상
2020121800100060,2020년 12월 18일 07시,금요일,충청남도 아산시 영인면,경상사고,0,0,1,0,차대차 - 기타,안전운전불이행,적설,눈,교차로 - 교차로안,승용,남,30세,상해없음,승용,남,25세,경상
2020121800100061,2020년 12월 18일 07시,금요일,충청남도 서천군 마서면,경상사고,0,0,3,0,차대차 - 측면충돌,직진우회전진행방해,젖음/습기,눈,교차로 - 교차로안,승용,남,49세,경상,화물,남,66세,경상
2020121800100062,2020년 12월 18일 07시,금요일,충청남도 당진시 순성면,중상사고,0,1,1,0,차대차 - 추돌,안전운전불이행,서리/결빙,흐림,교차로 - 교차로부근,승용,남,26세,상해없음,승용,여,48세,중상
2020121800100094,2020년 12월 18일 08시,금요일,충청남도 천안시 서북구 성정동,경상사고,0,0,1,0,차대차 - 추돌,안전운전불이행,젖음/습기,흐림,교차로 - 교차로부근,화물,남,60세,상해없음,승용,여,24세,경상
2020121800100095,2020년 12월 18일 08시,금요일,충청남도 천안시 서북구 성정동,경상사고,0,0,1,0,차대차 - 측면충돌,안전거리미확보,서리/결빙,눈,단일로 - 기타,화물,남,46세,상해없음,승용,남,60세,경상
2020121800100096,2020년 12월 18일 08시,금요일,충청남도 천안시 동남구 신부동,경상사고,0,0,1,0,차대차 - 기타,안전거리미확보,적설,눈,기타 - 기타,승용,여,48세,기타불명,승용,남,33세,경상
2020121800100118,2020년 12월 18일 09시,금요일,충청남도 천안시 서북구 성정동,경상사고,0,0,1,0,차대차 - 측면충돌,안전운전불이행,적설,눈,단일로 - 기타,승용,여,52세,상해없음,승용,여,46세,경상
2020121800100119,2020년 12월 18일 09시,금요일,충청남도 천안시 서북구 백석동,경상사고,0,0,2,0,차대차 - 측면충돌,안전운전불이행,적설,눈,교차로 - 교차로안,특수,남,28세,상해없음,승용,남,30세,경상
2020121800100120,2020년 12월 18일 09시,금요일,충청남도 천안시 서북구 불당동,경상사고,0,0,1,0,차대차 - 측면충돌,안전거리미확보,적설,눈,단일로 - 기타,화물,남,26세,상해없음,승용,여,25세,경상
2020121800100121,2020년 12월 18일 09시,금요일,충청남도 천안시 동남구 신방동,경상사고,0,0,1,0,차대차 - 추돌,안전운전불이행,적설,흐림,교차로 - 교차로부근,승용,여,31세,상해없음,승용,여,63세,경상
2020121800100138,2020년 12월 18일 10시,금요일,충청남도 천안시 서북구 성정동,경상사고,0,0,3,0,차대차 - 측면충돌,직진우회전진행방해,서리/결빙,흐림,교차로 - 교차로안,승용,남,33세,상해없음,승용,남,29세,경상
2020121800100139,2020년 12월 18일 10시,금요일,충청남도 천안시 동남구 병천면,경상사고,0,0,1,0,차대차 - 기타,안전운전불이행,적설,눈,단일로 - 기타,승용,남,44세,상해없음,건설기계,남,61세,경상
2020121800100175,2020년 12월 18일 11시,금요일,충청남도 서산시 팔봉면,경상사고,0,0,2,0,차대차 - 추돌,안전거리미확보,건조,흐림,단일로 - 기타,화물,남,47세,상해없음,화물,남,71세,경상
2020121800100176,2020년 12월 18일 11시,금요일,충청남도 천안시 동남구 신부동,중상사고,0,1,0,0,차대차 - 추돌,안전거리미확보,젖음/습기,눈,단일로 - 기타,화물,남,40세,상해없음,화물,남,62세,중상
2020121800100228,2020년 12월 18일 13시,금요일,충청남도 논산시 취암동,경상사고,0,0,1,0,차대사람 - 기타,안전운전불이행,건조,맑음,교차로 - 교차로부근,승용,남,52세,상해없음,보행자,남,38세,경상
2020121800100229,2020년 12월 18일 13시,금요일,충청남도 홍성군 홍북읍,경상사고,0,0,1,0,차대차 - 측면충돌,안전운전불이행,건조,맑음,단일로 - 기타,특수,남,48세,상해없음,승용,남,56세,경상
2020121800100263,2020년 12월 18일 14시,금요일,충청남도 천안시 서북구 성정동,경상사고,0,0,1,0,차대차 - 추돌,안전운전불이행,건조,맑음,단일로 - 기타,승용,여,47세,상해없음,승용,여,48세,경상
2020121800100308,2020년 12월 18일 15시,금요일,충청남도 천안시 서북구 성환읍,경상사고,0,0,2,0,차대차 - 정면충돌,신호위반,건조,맑음,교차로 - 교차로안,승용,남,51세,상해없음,승용,남,64세,경상
2020121800100309,2020년 12월 18일 15시,금요일,충청남도 아산시 배방읍,경상사고,0,0,1,0,차대차 - 추돌,안전운전불이행,건조,맑음,교차로 - 교차로안,승용,남,33세,상해없음,이륜,남,47세,경상
2020121800100310,2020년 12월 18일 15시,금요일,충청남도 서천군 장항읍,경상사고,0,0,1,0,차대차 - 측면충돌,안전운전불이행,건조,맑음,교차로 - 교차로안,자전거,남,71세,경상,승용,남,47세,상해없음
2020121800100349,2020년 12월 18일 16시,금요일,충청남도 천안시 서북구 성환읍,중상사고,0,1,0,0,차대사람 - 기타,안전운전불이행,건조,맑음,교차로 - 교차로안,화물,남,65세,상해없음,보행자,남,50세,중상
2020121800100350,2020년 12월 18일 16시,금요일,충청남도 천안시 서북구 불당동,중상사고,0,1,0,0,차대차 - 측면충돌,신호위반,건조,맑음,교차로 - 교차로안,화물,남,56세,상해없음,승용,남,27세,중상
2020121800100397,2020년 12월 18일 17시,금요일,충청남도 서산시 대산읍,중상사고,0,1,0,0,차대차 - 기타,기타,건조,흐림,교차로 - 교차로안,이륜,남,51세,중상,승합,남,48세,상해없음
2020121800100398,2020년 12월 18일 17시,금요일,충청남도 아산시 탕정면,중상사고,0,2,0,0,차대차 - 측면충돌,안전운전불이행,건조,맑음,교차로 - 교차로안,승용,남,56세,상해없음,승용,남,23세,중상
2020121800100399,2020년 12월 18일 17시,금요일,충청남도 천안시 동남구 신부동,경상사고,0,0,1,0,차대차 - 기타,신호위반,건조,맑음,단일로 - 기타,기타불명,기타불명,미분류,기타불명,승용,여,37세,상해없음
2020121800100400,2020년 12월 18일 17시,금요일,충청남도 태안군 태안읍,경상사고,0,0,2,0,차대차 - 측면충돌,교차로운행방법위반,건조,맑음,교차로 - 교차로안,승합,남,56세,상해없음,승용,여,48세,경상
2020121800100472,2020년 12월 18일 18시,금요일,충청남도 논산시 강경읍,중상사고,0,1,1,0,차대사람 - 기타,기타,건조,맑음,교차로 - 교차로안,화물,남,66세,경상,보행자,남,63세,중상
2020121800100473,2020년 12월 18일 18시,금요일,충청남도 서천군 장항읍,경상사고,0,0,1,0,차대차 - 측면충돌,안전운전불이행,건조,맑음,교차로 - 교차로안,자전거,남,62세,경상,승용,남,61세,상해없음
2020121800100474,2020년 12월 18일 18시,금요일,충청남도 천안시 동남구 병천면,사망사고,1,0,0,0,차대사람 - 기타,안전운전불이행,기타,맑음,단일로 - 기타,승용,남,51세,상해없음,보행자,여,88세,사망
2020121800100534,2020년 12월 18일 19시,금요일,충청남도 당진시 송악읍,경상사고,0,0,1,0,차대차 - 정면충돌,교차로운행방법위반,건조,맑음,단일로 - 기타,승용,남,47세,상해없음,승합,남,56세,경상
2020121800100535,2020년 12월 18일 19시,금요일,충청남도 당진시 송산면,경상사고,0,0,1,0,차대차 - 정면충돌,중앙선침범,건조,맑음,단일로 - 기타,승용,남,60세,상해없음,승용,남,39세,경상
2020121800100584,2020년 12월 18일 20시,금요일,충청남도 천안시 동남구 청수동,경상사고,0,0,2,0,차대차 - 기타,안전운전불이행,건조,맑음,교차로 - 교차로안,승용,여,51세,상해없음,승용,남,63세,상해없음
2020121800100585,2020년 12월 18일 20시,금요일,충청남도 천안시 동남구 신부동,경상사고,0,0,2,0,차대차 - 추돌,안전거리미확보,건조,맑음,교차로 - 교차로부근,승합,남,48세,상해없음,승용,여,61세,경상
2020121800100637,2020년 12월 18일 21시,금요일,충청남도 천안시 동남구 신부동,경상사고,0,0,1,0,차대사람 - 기타,안전운전불이행,건조,맑음,기타 - 기타,승용,남,44세,상해없음,보행자,남,18세,경상
2020121800100672,2020년 12월 18일 22시,금요일,충청남도 천안시 서북구 성환읍,경상사고,0,0,1,0,차대차 - 추돌,안전운전불이행,건조,맑음,교차로 - 교차로부근,승용,남,38세,상해없음,승용,여,49세,경상
2020121800100673,2020년 12월 18일 22시,금요일,충청남도 천안시 동남구 신방동,경상사고,0,0,1,0,차대차 - 추돌,안전운전불이행,건조,맑음,교차로 - 교차로부근,승용,남,49세,상해없음,이륜,남,44세,경상
2020121900100025,2020년 12월 19일 04시,토요일,충청남도 공주시 반포면,경상사고,0,0,1,0,차량단독 - 공작물충돌,안전운전불이행,건조,흐림,단일로 - 기타,승용,남,25세,기타불명,,,,
2020121900100041,2020년 12월 19일 06시,토요일,충청남도 예산군 덕산면,사망사고,1,0,0,0,차대사람 - 차도통행중,과속,건조,맑음,교차로 - 교차로안,승용,남,74세,상해없음,보행자,남,68세,사망
2020121900100055,2020년 12월 19일 07시,토요일,충청남도 당진시 합덕읍,경상사고,0,0,1,0,차대차 - 기타,직진우회전진행방해,건조,맑음,교차로 - 교차로안,승용,남,49세,상해없음,승용,남,55세,경상
2020121900100062,2020년 12월 19일 08시,토요일,충청남도 천안시 서북구 쌍용동,경상사고,0,0,1,0,차대차 - 측면충돌,안전운전불이행,건조,맑음,단일로 - 기타,화물,남,58세,상해없음,승용,남,28세,경상
2020121900100063,2020년 12월 19일 08시,토요일,충청남도 공주시 정안면,경상사고,0,0,4,0,차대차 - 기타,안전운전불이행,건조,맑음,단일로 - 기타,승합,남,51세,상해없음,승용,여,54세,경상
2020121900100102,2020년 12월 19일 10시,토요일,충청남도 공주시 탄천면,중상사고,0,1,0,0,차대사람 - 기타,안전운전불이행,건조,맑음,교차로 - 교차로부근,화물,남,54세,상해없음,보행자,남,64세,중상
2020121900100103,2020년 12월 19일 10시,토요일,충청남도 예산군 예산읍,경상사고,0,0,3,0,차대차 - 측면충돌,차로위반,건조,맑음,단일로 - 기타,승합,남,43세,상해없음,승용,남,36세,경상
2020121900100133,2020년 12월 19일 11시,토요일,충청남도 아산시 배방읍,경상사고,0,0,1,0,차대차 - 기타,안전운전불이행,건조,맑음,단일로 - 기타,승용,여,27세,상해없음,승용,남,29세,상해없음
2020121900100134,2020년 12월 19일 11시,토요일,충청남도 공주시 우성면,중상사고,0,1,0,0,차대차 - 기타,신호위반,건조,맑음,교차로 - 교차로부근,승합,남,57세,상해없음,화물,남,36세,상해없음
2020121900100164,2020년 12월 19일 12시,토요일,충청남도 당진시 송악읍,경상사고,0,0,1,0,차대차 - 기타,안전운전불이행,건조,맑음,교차로 - 교차로부근,승용,여,40세,상해없음,승용,남,38세,경상
2020121900100165,2020년 12월 19일 12시,토요일,충청남도 천안시 동남구 신부동,경상사고,0,0,1,0,차대차 - 측면충돌,직진우회전진행방해,건조,맑음,교차로 - 교차로안,승용,남,84세,상해없음,승용,남,53세,경상
2020121900100202,2020년 12월 19일 13시,토요일,충청남도 당진시 합덕읍,경상사고,0,0,1,0,차대사람 - 횡단중,안전운전불이행,건조,맑음,교차로 - 교차로부근,화물,남,40세,상해없음,보행자,여,78세,경상
2020121900100231,2020년 12월 19일 14시,토요일,충청남도 논산시 채운면,사망사고,1,0,2,0,차대차 - 기타,중앙선침범,건조,맑음,교차로 - 교차로안,승용,남,72세,사망,승용,여,54세,경상
2020121900100269,2020년 12월 19일 15시,토요일,충청남도 부여군 세도면,경상사고,0,0,5,0,차대차 - 측면충돌,중앙선침범,건조,맑음,단일로 - 기타,화물,남,56세,상해없음,승용,남,51세,경상
2020121900100390,2020년 12월 19일 18시,토요일,충청남도 아산시 풍기동,중상사고,0,1,0,0,차대차 - 정면충돌,안전운전불이행,건조,맑음,교차로 - 교차로안,승용,남,45세,상해없음,승용,남,40세,중상
2020121900100391,2020년 12월 19일 18시,토요일,충청남도 아산시 온천동,경상사고,0,0,1,0,차대사람 - 차도통행중,안전운전불이행,건조,맑음,단일로 - 기타,승용,남,46세,상해없음,보행자,남,63세,경상
2020121900100392,2020년 12월 19일 18시,토요일,충청남도 예산군 고덕면,경상사고,0,0,3,0,차대차 - 정면충돌,안전운전불이행,건조,맑음,단일로 - 기타,승용,남,31세,상해없음,화물,남,61세,경상
2020121900100393,2020년 12월 19일 18시,토요일,충청남도 보령시 남곡동,중상사고,0,4,0,0,차대차 - 측면충돌,안전운전불이행,건조,맑음,기타 - 기타,승용,남,71세,상해없음,화물,남,59세,중상
2020121900100454,2020년 12월 19일 19시,토요일,충청남도 천안시 서북구 두정동,경상사고,0,0,1,0,차대차 - 기타,중앙선침범,건조,맑음,단일로 - 기타,화물,남,47세,상해없음,이륜,남,43세,경상
2020121900100455,2020년 12월 19일 19시,토요일,충청남도 태안군 태안읍,경상사고,0,0,2,0,차대차 - 측면충돌,신호위반,건조,맑음,교차로 - 교차로안,승용,남,20세,상해없음,승용,남,27세,경상
2020121900100492,2020년 12월 19일 20시,토요일,충청남도 논산시 내동,경상사고,0,0,2,0,차대차 - 측면충돌,안전운전불이행,건조,맑음,교차로 - 교차로안,이륜,남,25세,경상,승용,남,57세,경상
2020121900100493,2020년 12월 19일 20시,토요일,충청남도 아산시 용화동,경상사고,0,0,1,0,차대차 - 기타,교차로운행방법위반,건조,맑음,교차로 - 교차로안,승용,남,58세,상해없음,승용,남,28세,경상
2020121900100532,2020년 12월 19일 21시,토요일,충청남도 공주시 신관동,경상사고,0,0,1,0,차대사람 - 기타,기타,건조,맑음,교차로 - 교차로횡단보도내,승용,남,25세,상해없음,보행자,여,29세,경상
2020121900100588,2020년 12월 19일 23시,토요일,충청남도 홍성군 홍성읍,경상사고,0,0,1,0,차량단독 - 공작물충돌,안전운전불이행,건조,맑음,교차로 - 교차로안,승용,남,62세,경상,,,,
2020122000100023,2020년 12월 20일 03시,일요일,충청남도 서산시 해미면,사망사고,1,0,0,0,차대사람 - 횡단중,안전운전불이행,건조,맑음,단일로 - 기타,승용,남,38세,상해없음,보행자,여,69세,사망