사고번호,사고일시,요일,시군구,사고내용,사망자수,중상자수,경상자수,부상신고자수,사고유형,법규위반,노면상태,기상상태,도로형태,가해운전자 차종,가해운전자 성별,가해운전자 연령,가해운전자 상해정도,피해운전자 차종,피해운전자 성별,피해운전자 연령,피해운전자 상해정도
2020122500100208,2020년 12월 25일 16시,금요일,충청남도 천안시 서북구 불당동,경상사고,0,0,1,0,차대차 - 기타,안전거리미확보,건조,맑음,단일로 - 기타,승용,여,40세,상해없음,이륜,남,30세,경상
2020122500100209,2020년 12월 25일 16시,금요일,충청남도 아산시 풍기동,부상신고사고,0,0,0,1,차대차 - 기타,차로위반,건조,맑음,단일로 - 기타,이륜,남,53세,부상신고,승용,남,31세,상해없음
2020122500100235,2020년 12월 25일 17시,금요일,충청남도 천안시 서북구 성정동,중상사고,0,1,1,0,차대사람 - 횡단중,보행자보호의무위반,건조,맑음,단일로 - 기타,이륜,남,38세,상해없음,보행자,여,53세,중상
2020122500100236,2020년 12월 25일 17시,금요일,충청남도 천안시 동남구 구성동,경상사고,0,0,1,0,차대차 - 기타,안전거리미확보,건조,맑음,단일로 - 기타,자전거,남,74세,경상,승용,남,33세,상해없음
2020122500100265,2020년 12월 25일 18시,금요일,충청남도 천안시 서북구 성정동,경상사고,0,0,1,0,차대차 - 기타,중앙선침범,건조,맑음,단일로 - 기타,승용,남,29세,상해없음,승용,여,23세,경상
2020122500100266,2020년 12월 25일 18시,금요일,충청남도 아산시 온천동,경상사고,0,0,1,0,차대사람 - 횡단중,보행자보호의무위반,건조,기타,교차로 - 교차로안,승용,남,55세,상해없음,보행자,남,68세,경상
2020122500100299,2020년 12월 25일 19시,금요일,충청남도 천안시 동남구 구성동,경상사고,0,0,2,0,차대차 - 추돌,안전운전불이행,건조,맑음,교차로 - 교차로부근,승용,남,69세,상해없음,승용,남,57세,경상
2020122500100326,2020년 12월 25일 20시,금요일,충청남도 서산시 동문동,경상사고,0,0,2,0,차대차 - 추돌,안전운전불이행,건조,맑음,교차로 - 교차로부근,승용,남,36세,상해없음,승용,남,26세,경상
2020122500100327,2020년 12월 25일 20시,금요일,충청남도 당진시 신평면,사망사고,1,1,0,0,차대차 - 추돌,안전운전불이행,건조,맑음,단일로 - 기타,승용,남,34세,중상,특수,남,44세,기타불명
2020122500100328,2020년 12월 25일 20시,금요일,충청남도 태안군 태안읍,중상사고,0,1,0,0,차대차 - 측면충돌,안전운전불이행,건조,맑음,단일로 - 기타,승용,남,57세,상해없음,이륜,남,39세,중상
2020122500100359,2020년 12월 25일 21시,금요일,충청남도 아산시 인주면,경상사고,0,0,1,0,차대차 - 기타,안전운전불이행,건조,맑음,단일로 - 기타,승용,남,40세,상해없음,승용,남,52세,경상
2020122500100360,2020년 12월 25일 21시,금요일,충청남도 당진시 수청리,경상사고,0,0,2,0,차대차 - 추돌,안전운전불이행,건조,맑음,교차로 - 교차로부근,승용,남,47세,상해없음,승용,남,35세,경상
2020122500100361,2020년 12월 25일 21시,금요일,충청남도 금산군 금성면,경상사고,0,0,2,0,차대차 - 기타,안전운전불이행,건조,맑음,단일로 - 기타,승용,남,61세,상해없음,승용,남,49세,경상
2020122600100008,2020년 12월 26일 00시,토요일,충청남도 천안시 서북구 불당동,경상사고,0,0,1,0,차대차 - 기타,교차로운행방법위반,건조,맑음,교차로 - 교차로안,기타불명,기타불명,미분류,기타불명,승용,남,62세,상해없음
2020122600100011,2020년 12월 26일 01시,토요일,충청남도 서산시 석림동,경상사고,0,0,2,0,차대차 - 측면충돌,안전운전불이행,건조,맑음,단일로 - 기타,화물,남,40세,상해없음,승합,남,47세,경상
2020122600100036,2020년 12월 26일 06시,토요일,충청남도 당진시 송악읍,경상사고,0,0,1,0,차대차 - 후진중충돌,안전운전불이행,건조,맑음,기타 - 기타,화물,남,73세,상해없음,승용,여,50세,상해없음
2020122600100050,2020년 12월 26일 08시,토요일,충청남도 아산시 권곡동,경상사고,0,0,1,0,차대차 - 측면충돌,신호위반,건조,흐림,교차로 - 교차로안,건설기계,남,63세,상해없음,승용,남,45세,경상
2020122600100065,2020년 12월 26일 09시,토요일,충청남도 천안시 서북구 쌍용동,경상사고,0,0,1,0,차대차 - 측면충돌,안전거리미확보,건조,맑음,단일로 - 기타,화물,남,63세,상해없음,승용,남,53세,경상
2020122600100066,2020년 12월 26일 09시,토요일,충청남도 공주시 중동,중상사고,0,1,0,0,차대사람 - 기타,안전운전불이행,건조,맑음,주차장 - 주차장,승용,남,60세,상해없음,보행자,여,79세,중상
2020122600100084,2020년 12월 26일 10시,토요일,충청남도 당진시 원당리,중상사고,0,1,0,0,차대차 - 기타,차로위반,건조,맑음,단일로 - 기타,승용,남,53세,상해없음,이륜,남,37세,중상
2020122600100109,2020년 12월 26일 11시,토요일,충청남도 천안시 동남구 신부동,중상사고,0,2,7,0,차대차 - 추돌,기타,건조,맑음,단일로 - 기타,승용,여,55세,상해없음,승용,남,46세,경상
2020122600100149,2020년 12월 26일 13시,토요일,충청남도 천안시 동남구 신방동,중상사고,0,1,0,0,차대사람 - 기타,안전운전불이행,건조,맑음,단일로 - 기타,승용,남,56세,상해없음,보행자,여,78세,중상
2020122600100227,2020년 12월 26일 16시,토요일,충청남도 공주시 정안면,경상사고,0,0,1,0,차대차 - 추돌,안전운전불이행,건조,맑음,단일로 - 기타,승용,남,50세,상해없음,승용,남,45세,경상
2020122600100259,2020년 12월 26일 17시,토요일,충청남도 천안시 서북구 쌍용동,경상사고,0,0,4,0,차대차 - 추돌,안전운전불이행,건조,맑음,단일로 - 기타,승용,남,48세,상해없음,승용,여,28세,경상
2020122600100260,2020년 12월 26일 17시,토요일,충청남도 천안시 동남구 영성동,경상사고,0,0,4,0,차대차 - 추돌,안전운전불이행,건조,맑음,단일로 - 기타,승용,남,60세,상해없음,승용,남,54세,경상
2020122600100261,2020년 12월 26일 17시,토요일,충청남도 천안시 동남구 신부동,경상사고,0,0,1,0,차대차 - 기타,안전운전불이행,서리/결빙,맑음,교차로 - 교차로부근,승용,남,32세,상해없음,이륜,남,52세,경상
2020122600100410,2020년 12월 26일 22시,토요일,충청남도 홍성군 홍성읍,중상사고,0,1,0,0,차대차 - 측면충돌,안전거리미확보,건조,맑음,단일로 - 기타,승용,남,54세,상해없음,이륜,남,25세,중상
2020122600100411,2020년 12월 26일 22시,토요일,충청남도 천안시 동남구 대흥동,경상사고,0,0,2,0,차대차 - 추돌,안전운전불이행,건조,맑음,교차로 - 교차로부근,승용,남,43세,상해없음,승용,남,31세,경상
2020122600100427,2020년 12월 26일 23시,토요일,충청남도 서산시 석림동,중상사고,0,1,0,0,차대차 - 측면충돌,교차로운행방법위반,건조,맑음,교차로 - 교차로안,승용,남,46세,상해없음,이륜,남,37세,중상
2020122600100428,2020년 12월 26일 23시,토요일,충청남도 아산시 방축동,중상사고,0,1,0,0,차대차 - 기타,안전운전불이행,건조,맑음,교차로 - 교차로안,승용,남,41세,상해없음,이륜,남,52세,중상
2020122600100429,2020년 12월 26일 23시,토요일,충청남도 보령시 동대동,중상사고,0,1,1,0,차대차 - 기타,신호위반,건조,맑음,교차로 - 교차로안,승용,남,30세,상해없음,승용,남,46세,중상
2020122700100025,2020년 12월 27일 06시,일요일,충청남도 공주시 금성동,경상사고,0,0,1,0,차대차 - 측면충돌,신호위반,젖음/습기,안개,교차로 - 교차로안,승용,여,67세,상해없음,승용,남,46세,경상
2020122700100030,2020년 12월 27일 07시,일요일,충청남도 천안시 동남구 구성동,중상사고,0,1,0,0,차대사람 - 횡단중,보행자보호의무위반,건조,맑음,교차로 - 교차로안,승용,남,69세,상해없음,보행자,여,68세,중상
2020122700100060,2020년 12월 27일 11시,일요일,충청남도 홍성군 홍성읍,중상사고,0,1,0,0,차대차 - 기타,안전운전불이행,서리/결빙,맑음,단일로 - 기타,이륜,남,80세,중상,승용,남,57세,상해없음
2020122700100067,2020년 12월 27일 12시,일요일,충청남도 천안시 동남구 신부동,경상사고,0,0,4,0,차대차 - 측면충돌,안전운전불이행,건조,맑음,교차로 - 교차로안,승용,남,74세,경상,승용,남,29세,경상
2020122700100103,2020년 12월 27일 14시,일요일,충청남도 태안군 소원면,중상사고,0,2,2,0,차대차 - 측면충돌,교차로운행방법위반,건조,맑음,교차로 - 교차로안,승용,여,40세,중상,승용,남,21세,경상
2020122700100120,2020년 12월 27일 15시,일요일,충청남도 천안시 서북구 백석동,중상사고,0,1,0,0,차대차 - 측면충돌,중앙선침범,건조,맑음,단일로 - 기타,화물,남,60세,상해없음,승용,남,54세,중상
2020122700100121,2020년 12월 27일 15시,일요일,충청남도 아산시 탕정면,중상사고,0,1,0,0,차대사람 - 기타,안전운전불이행,건조,맑음,단일로 - 기타,승용,여,58세,상해없음,보행자,남,68세,중상
2020122700100146,2020년 12월 27일 16시,일요일,충청남도 공주시 계룡면,경상사고,0,0,2,0,차대차 - 기타,직진우회전진행방해,건조,맑음,교차로 - 교차로안,승용,남,63세,상해없음,승용,여,37세,경상
2020122700100147,2020년 12월 27일 16시,일요일,충청남도 태안군 태안읍,중상사고,0,1,0,0,차대사람 - 횡단중,안전운전불이행,건조,맑음,기타 - 기타,승용,여,67세,상해없음,보행자,여,70세,중상
2020122700100169,2020년 12월 27일 17시,일요일,충청남도 당진시 신평면,경상사고,0,0,4,0,차대차 - 추돌,안전거리미확보,건조,맑음,교차로 - 교차로안,승용,남,57세,상해없음,승용,남,37세,경상
2020122700100170,2020년 12월 27일 17시,일요일,충청남도 천안시 동남구 청당동,중상사고,0,1,0,0,차대차 - 기타,안전거리미확보,건조,맑음,단일로 - 기타,이륜,남,21세,중상,승용,남,55세,상해없음
2020122700100171,2020년 12월 27일 17시,일요일,충청남도 태안군 태안읍,경상사고,0,0,1,0,차대차 - 기타,안전운전불이행,건조,맑음,기타 - 기타,승용,여,51세,상해없음,승용,남,36세,경상
2020122700100235,2020년 12월 27일 19시,일요일,충청남도 서산시 읍내동,경상사고,0,0,1,0,차대차 - 추돌,안전운전불이행,건조,맑음,교차로 - 교차로부근,승용,남,58세,상해없음,승용,여,43세,경상
2020122700100236,2020년 12월 27일 19시,일요일,충청남도 천안시 서북구 쌍용동,경상사고,0,0,1,0,차대차 - 측면충돌,신호위반,건조,맑음,교차로 - 교차로안,사륜오토바이(ATV),남,67세,상해없음,승용,남,54세,경상
2020122700100237,2020년 12월 27일 19시,일요일,충청남도 천안시 동남구 광덕면,경상사고,0,0,3,0,차대차 - 측면충돌,안전운전불이행,건조,맑음,단일로 - 기타,승용,남,40세,상해없음,승용,남,31세,경상
2020122800100018,2020년 12월 28일 04시,월요일,충청남도 예산군 예산읍,경상사고,0,0,1,0,차대차 - 측면충돌,신호위반,건조,맑음,교차로 - 교차로안,승용,남,51세,상해없음,승용,여,61세,경상
2020122800100034,2020년 12월 28일 06시,월요일,충청남도 천안시 서북구 성정동,경상사고,0,0,1,0,차대차 - 측면충돌,안전운전불이행,건조,맑음,교차로 - 교차로부근,승용,여,62세,상해없음,승용,남,43세,경상
2020122800100060,2020년 12월 28일 07시,월요일,충청남도 천안시 서북구 불당동,경상사고,0,0,1,0,차대차 - 측면충돌,안전운전불이행,건조,맑음,단일로 - 기타,승용,남,36세,상해없음,승용,남,32세,경상
2020122800100061,2020년 12월 28일 07시,월요일,충청남도 천안시 서북구 성성동,경상사고,0,0,1,0,차대차 - 측면충돌,신호위반,건조,맑음,교차로 - 교차로안,승용,여,48세,상해없음,승용,남,66세,경상
2020122800100119,2020년 12월 28일 09시,월요일,충청남도 공주시 계룡면,경상사고,0,0,4,0,차대차 - 추돌,안전운전불이행,건조,맑음,단일로 - 기타,화물,남,60세,상해없음,승용,남,60세,경상
2020122800100153,2020년 12월 28일 10시,월요일,충청남도 서산시 동문동,경상사고,0,0,1,0,차대사람 - 기타,안전운전불이행,건조,맑음,단일로 - 기타,승용,남,83세,상해없음,보행자,남,60세,경상
2020122800100154,2020년 12월 28일 10시,월요일,충청남도 예산군 응봉면,경상사고,0,0,2,0,차대차 - 정면충돌,신호위반,건조,맑음,교차로 - 교차로안,승용,여,46세,상해없음,승용,남,39세,경상
2020122800100286,2020년 12월 28일 14시,월요일,충청남도 천안시 동남구 봉명동,중상사고,0,1,1,0,차대차 - 기타,안전운전불이행,건조,맑음,단일로 - 기타,이륜,남,23세,중상,승용,남,64세,경상
2020122800100331,2020년 12월 28일 15시,월요일,충청남도 천안시 동남구 신방동,경상사고,0,0,1,0,차대차 - 측면충돌,직진우회전진행방해,건조,맑음,교차로 - 교차로안,이륜,남,15세,경상,승합,남,51세,상해없음
2020122800100359,2020년 12월 28일 16시,월요일,충청남도 서산시 대산읍,경상사고,0,0,1,0,차대사람 - 기타,안전운전불이행,건조,맑음,단일로 - 기타,건설기계,남,28세,상해없음,보행자,남,42세,경상
2020122800100360,2020년 12월 28일 16시,월요일,충청남도 천안시 서북구 성정동,경상사고,0,0,1,0,차대차 - 측면충돌,안전운전불이행,건조,맑음,교차로 - 교차로안,승용,여,40세,상해없음,자전거,남,77세,경상
2020122800100361,2020년 12월 28일 16시,월요일,충청남도 논산시 상월면,경상사고,0,0,1,0,차대사람 - 기타,안전운전불이행,건조,맑음,단일로 - 기타,농기계,남,69세,상해없음,보행자,남,47세,경상
2020122800100398,2020년 12월 28일 17시,월요일,충청남도 홍성군 홍성읍,경상사고,0,0,1,0,차대차 - 정면충돌,안전운전불이행,건조,맑음,단일로 - 기타,승합,남,26세,상해없음,승용,남,54세,경상
2020122800100399,2020년 12월 28일 17시,월요일,충청남도 홍성군 홍성읍,중상사고,0,1,0,0,차대차 - 측면충돌,교차로운행방법위반,건조,맑음,교차로 - 교차로안,화물,남,84세,상해없음,승용,여,27세,중상
2020122800100400,2020년 12월 28일 17시,월요일,충청남도 금산군 추부면,중상사고,0,1,1,0,차대차 - 추돌,안전운전불이행,건조,맑음,단일로 - 터널,승용,남,29세,경상,특수,남,67세,중상
2020122800100458,2020년 12월 28일 18시,월요일,충청남도 천안시 서북구 성환읍,경상사고,0,0,1,0,차대사람 - 횡단중,안전운전불이행,건조,맑음,단일로 - 기타,승용,여,51세,상해없음,보행자,남,38세,경상
2020122800100459,2020년 12월 28일 18시,월요일,충청남도 아산시 탕정면,중상사고,0,1,0,0,차대사람 - 횡단중,신호위반,건조,맑음,교차로 - 교차로횡단보도내,이륜,남,48세,상해없음,보행자,남,40세,중상
2020122800100487,2020년 12월 28일 19시,월요일,충청남도 천안시 서북구 두정동,경상사고,0,0,1,0,차대사람 - 횡단중,중앙선침범,건조,맑음,단일로 - 기타,승용,남,55세,상해없음,보행자,여,24세,경상
2020122800100488,2020년 12월 28일 19시,월요일,충청남도 논산시 연산면,부상신고사고,0,0,0,1,차대사람 - 길가장자리구역통행중,중앙선침범,건조,맑음,단일로 - 기타,이륜,남,38세,상해없음,보행자,남,19세,부상신고
2020122800100517,2020년 12월 28일 20시,월요일,충청남도 아산시 둔포면,중상사고,0,1,0,0,차대차 - 기타,안전운전불이행,건조,맑음,단일로 - 기타,승용,남,25세,중상,건설기계,남,48세,기타불명
2020122800100561,2020년 12월 28일 23시,월요일,충청남도 천안시 서북구 두정동,경상사고,0,0,1,0,차대차 - 추돌,안전운전불이행,건조,맑음,단일로 - 기타,승용,남,40세,상해없음,승용,남,29세,경상
2020122800100562,2020년 12월 28일 23시,월요일,충청남도 천안시 서북구 쌍용동,경상사고,0,0,1,0,차대차 - 기타,중앙선침범,건조,맑음,교차로 - 교차로부근,승용,여,48세,상해없음,승용,남,33세,경상
2020122800100563,2020년 12월 28일 23시,월요일,충청남도 천안시 동남구 신방동,부상신고사고,0,0,0,1,차대차 - 추돌,안전운전불이행,건조,맑음,단일로 - 기타,원동기,남,47세,부상신고,승용,남,53세,상해없음
2020122900100061,2020년 12월 29일 08시,화요일,충청남도 서천군 서면,경상사고,0,0,1,0,차대차 - 측면충돌,안전운전불이행,건조,맑음,교차로 - 교차로안,화물,남,79세,상해없음,승용,남,53세,경상
2020122900100090,2020년 12월 29일 10시,화요일,충청남도 보령시 죽정동,경상사고,0,0,1,0,차대차 - 기타,중앙선침범,건조,흐림,단일로 - 기타,승용,남,33세,상해없음,승용,남,61세,경상
2020122900100110,2020년 12월 29일 11시,화요일,충청남도 보령시 대천동,중상사고,0,1,0,0,차대차 - 기타,안전운전불이행,건조,맑음,단일로 - 기타,승용,남,84세,상해없음,이륜,남,64세,중상
2020122900100156,2020년 12월 29일 13시,화요일,충청남도 청양군 장평면,중상사고,0,1,0,0,차량단독 - 공작물충돌,안전운전불이행,건조,맑음,단일로 - 기타,화물,남,57세,중상,,,,
2020122900100157,2020년 12월 29일 13시,화요일,충청남도 천안시 동남구 병천면,중상사고,0,1,0,0,차대차 - 측면충돌,신호위반,젖음/습기,맑음,교차로 - 교차로부근,건설기계,남,53세,상해없음,화물,남,65세,중상
2020122900100175,2020년 12월 29일 14시,화요일,충청남도 천안시 동남구 신방동,경상사고,0,0,1,0,차대차 - 측면충돌,안전운전불이행,건조,맑음,교차로 - 교차로안,승용,남,25세,상해없음,이륜,남,25세,경상
2020122900100205,2020년 12월 29일 15시,화요일,충청남도 보령시 명천동,중상사고,0,1,2,0,차대차 - 기타,신호위반,건조,맑음,교차로 - 교차로안,승용,남,22세,상해없음,승용,남,69세,경상
2020122900100273,2020년 12월 29일 17시,화요일,충청남도 천안시 서북구 성정동,경상사고,0,0,1,0,차대차 - 측면충돌,기타,건조,맑음,기타 - 기타,개인형이동수단(PM),여,27세,경상,승용,여,28세,상해없음
2020122900100316,2020년 12월 29일 18시,화요일,충청남도 천안시 서북구 와촌동,경상사고,0,0,1,0,차대사람 - 차도통행중,기타,젖음/습기,맑음,교차로 - 교차로안,승합,남,55세,상해없음,보행자,여,42세,경상
2020122900100317,2020년 12월 29일 18시,화요일,충청남도 아산시 탕정면,경상사고,0,0,5,0,차대차 - 추돌,안전운전불이행,젖음/습기,흐림,단일로 - 기타,승용,남,43세,경상,화물,남,69세,경상
2020122900100318,2020년 12월 29일 18시,화요일,충청남도 아산시 배방읍,경상사고,0,0,1,0,차대차 - 추돌,안전운전불이행,건조,맑음,단일로 - 기타,승용,남,34세,상해없음,승용,남,27세,경상
2020122900100319,2020년 12월 29일 18시,화요일,충청남도 예산군 덕산면,경상사고,0,0,1,0,차대사람 - 횡단중,보행자보호의무위반,젖음/습기,눈,교차로 - 교차로횡단보도내,화물,남,46세,상해없음,보행자,여,71세,경상
2020122900100320,2020년 12월 29일 18시,화요일,충청남도 청양군 청양읍,경상사고,0,0,1,0,차량단독 - 전도전복 - 전도,안전운전불이행,젖음/습기,눈,단일로 - 기타,이륜,남,16세,경상,,,,
2020122900100321,2020년 12월 29일 18시,화요일,충청남도 천안시 동남구 신방동,중상사고,0,1,2,0,차대차 - 추돌,안전운전불이행,젖음/습기,비,단일로 - 기타,원동기,남,17세,중상,승용,남,58세,경상
2020122900100322,2020년 12월 29일 18시,화요일,충청남도 태안군 남면,경상사고,0,0,3,0,차대차 - 추돌,안전운전불이행,건조,흐림,교차로 - 교차로안,승용,남,49세,경상,승용,여,32세,경상
2020122900100401,2020년 12월 29일 20시,화요일,충청남도 천안시 서북구 쌍용동,경상사고,0,0,1,0,차대차 - 기타,안전운전불이행,젖음/습기,눈,교차로 - 교차로안,승용,남,57세,상해없음,이륜,남,51세,경상
2020122900100402,2020년 12월 29일 20시,화요일,충청남도 아산시 온천동,경상사고,0,0,2,0,차대차 - 기타,교차로운행방법위반,건조,흐림,교차로 - 교차로안,승용,여,46세,경상,승용,남,42세,경상
2020122900100438,2020년 12월 29일 21시,화요일,충청남도 천안시 서북구 성정동,부상신고사고,0,0,0,1,차대차 - 추돌,교차로운행방법위반,건조,맑음,교차로 - 교차로안,이륜,남,30세,부상신고,승용,여,25세,상해없음
2020122900100439,2020년 12월 29일 21시,화요일,충청남도 천안시 서북구 불당동,경상사고,0,0,1,0,차대차 - 추돌,안전운전불이행,젖음/습기,눈,교차로 - 교차로안,승용,여,59세,상해없음,승용,여,56세,경상
2020123000100124,2020년 12월 30일 10시,수요일,충청남도 천안시 서북구 성정동,경상사고,0,0,1,0,차대차 - 측면충돌,안전운전불이행,건조,맑음,단일로 - 기타,화물,남,58세,상해없음,이륜,남,38세,경상
2020123000100125,2020년 12월 30일 10시,수요일,충청남도 금산군 금산읍,중상사고,0,1,2,0,차대차 - 정면충돌,중앙선침범,서리/결빙,흐림,단일로 - 기타,화물,남,75세,경상,승합,남,63세,중상
2020123000100310,2020년 12월 30일 16시,수요일,충청남도 아산시 배방읍,경상사고,0,0,1,0,차대차 - 기타,안전운전불이행,적설,흐림,단일로 - 기타,화물,남,45세,상해없음,승용,남,60세,경상
2020123000100504,2020년 12월 30일 21시,수요일,충청남도 서산시 동문동,경상사고,0,0,2,0,차대차 - 측면충돌,안전운전불이행,건조,흐림,교차로 - 교차로부근,승용,남,58세,상해없음,승용,남,38세,경상
2020123000100505,2020년 12월 30일 21시,수요일,충청남도 천안시 서북구 쌍용동,경상사고,0,0,1,0,차대차 - 정면충돌,중앙선침범,적설,눈,단일로 - 기타,승용,여,64세,상해없음,승용,남,36세,경상
2020123000100506,2020년 12월 30일 21시,수요일,충청남도 아산시 배방읍,경상사고,0,0,2,0,차대차 - 추돌,안전운전불이행,적설,눈,교차로 - 교차로부근,승용,남,30세,상해없음,승용,남,36세,경상
2020123000100507,2020년 12월 30일 21시,수요일,충청남도 예산군 오가면,경상사고,0,0,1,0,차대차 - 측면충돌,신호위반,젖음/습기,눈,교차로 - 교차로안,승용,남,29세,상해없음,승용,여,49세,경상
2020123000100532,2020년 12월 30일 22시,수요일,충청남도 천안시 서북구 두정동,경상사고,0,0,2,0,차대차 - 추돌,안전운전불이행,건조,흐림,단일로 - 기타,승용,남,55세,경상,승용,남,57세,경상
2020123000100547,2020년 12월 30일 23시,수요일,충청남도 공주시 신관동,중상사고,0,1,0,0,차대사람 - 기타,안전운전불이행,젖음/습기,눈,단일로 - 기타,승용,남,56세,상해없음,보행자,남,52세,중상
2020123000100548,2020년 12월 30일 23시,수요일,충청남도 천안시 동남구 성남면,중상사고,0,1,0,0,차대차 - 추돌,안전운전불이행,젖음/습기,흐림,단일로 - 기타,특수,남,53세,상해없음,화물,남,68세,중상
2020123100100025,2020년 12월 31일 06시,목요일,충청남도 천안시 서북구 쌍용동,경상사고,0,0,1,0,차대차 - 측면충돌,중앙선침범,건조,맑음,단일로 - 기타,승용,남,32세,상해없음,승용,여,34세,경상
2020123100100070,2020년 12월 31일 09시,목요일,충청남도 당진시 읍내리,경상사고,0,0,1,0,차대차 - 기타,교차로운행방법위반,서리/결빙,눈,교차로 - 교차로안,승용,남,35세,상해없음,승용,여,64세,경상
2020123100100093,2020년 12월 31일 10시,목요일,충청남도 천안시 서북구 성거읍,경상사고,0,0,2,0,차대차 - 측면충돌,안전운전불이행,건조,맑음,단일로 - 기타,승용,남,34세,상해없음,승용,여,30세,경상
2020123100100128,2020년 12월 31일 11시,목요일,충청남도 부여군 부여읍,중상사고,0,1,0,0,차대차 - 정면충돌,교차로운행방법위반,건조,맑음,교차로 - 교차로부근,승용,여,61세,상해없음,승용,남,41세,중상
2020123100100161,2020년 12월 31일 12시,목요일,충청남도 천안시 서북구 쌍용동,경상사고,0,0,1,0,차대차 - 측면충돌,안전운전불이행,서리/결빙,흐림,단일로 - 기타,승용,남,58세,상해없음,승용,여,49세,경상
2020123100100162,2020년 12월 31일 12시,목요일,충청남도 천안시 동남구 신부동,경상사고,0,0,1,0,차대차 - 추돌,안전운전불이행,건조,맑음,단일로 - 기타,승용,남,35세,상해없음,승용,남,30세,경상
2020123100100163,2020년 12월 31일 12시,목요일,충청남도 천안시 동남구 신부동,경상사고,0,0,2,0,차대차 - 후진중충돌,안전운전불이행,건조,맑음,교차로 - 교차로부근,승용,남,51세,상해없음,승용,남,29세,경상
2020123100100230,2020년 12월 31일 14시,목요일,충청남도 천안시 서북구 성환읍,경상사고,0,0,1,0,차대차 - 기타,교차로운행방법위반,건조,맑음,교차로 - 교차로안,화물,남,67세,상해없음,자전거,남,33세,경상
2020123100100291,2020년 12월 31일 16시,목요일,충청남도 보령시 신흑동,경상사고,0,0,2,0,차대차 - 정면충돌,중앙선침범,적설,눈,단일로 - 기타,승용,여,33세,경상,화물,남,30세,경상
2020123100100292,2020년 12월 31일 16시,목요일,충청남도 당진시 석문면,중상사고,0,2,0,0,차대차 - 정면충돌,중앙선침범,서리/결빙,눈,단일로 - 기타,승용,남,22세,상해없음,화물,남,60세,중상
2020123100100293,2020년 12월 31일 16시,목요일,충청남도 천안시 동남구 신방동,경상사고,0,0,1,0,차량단독 - 기타,안전운전불이행,건조,맑음,교차로 - 교차로안,승용,남,52세,상해없음,,,,
2020123100100342,2020년 12월 31일 17시,목요일,충청남도 홍성군 홍성읍,중상사고,0,1,1,0,차대차 - 측면충돌,교차로운행방법위반,젖음/습기,비,교차로 - 교차로안,승용,여,32세,경상,화물,남,20세,중상
2020123100100343,2020년 12월 31일 17시,목요일,충청남도 청양군 정산면,경상사고,0,0,1,0,차대차 - 정면충돌,중앙선침범,건조,맑음,단일로 - 기타,화물,남,67세,경상,승용,남,59세,상해없음
2020123100100410,2020년 12월 31일 18시,목요일,충청남도 천안시 서북구 두정동,경상사고,0,0,1,0,차대차 - 측면충돌,교차로운행방법위반,건조,맑음,교차로 - 교차로안,승용,남,36세,상해없음,이륜,남,30세,경상
2020123100100411,2020년 12월 31일 18시,목요일,충청남도 천안시 서북구 백석동,경상사고,0,0,1,0,차대차 - 기타,안전거리미확보,건조,맑음,교차로 - 교차로부근,승용,남,66세,상해없음,원동기,남,33세,경상
2020123100100471,2020년 12월 31일 19시,목요일,충청남도 홍성군 홍성읍,중상사고,0,1,1,0,차대차 - 측면충돌,안전운전불이행,건조,흐림,단일로 - 기타,승용,남,38세,경상,승용,여,53세,중상
2020123100100515,2020년 12월 31일 20시,목요일,충청남도 논산시 연산면,중상사고,0,1,0,0,차대차 - 기타,안전운전불이행,서리/결빙,흐림,단일로 - 기타,승용,남,51세,상해없음,승용,남,33세,상해없음
2020123100100516,2020년 12월 31일 20시,목요일,충청남도 아산시 용화동,중상사고,0,1,0,0,차대차 - 정면충돌,신호위반,건조,맑음,교차로 - 교차로안,이륜,남,42세,중상,승용,남,50세,상해없음
2020123100100517,2020년 12월 31일 20시,목요일,충청남도 당진시 송악읍,경상사고,0,0,1,0,차대차 - 기타,안전운전불이행,서리/결빙,눈,단일로 - 기타,승용,남,38세,상해없음,이륜,남,40세,경상
2020123100100551,2020년 12월 31일 21시,목요일,충청남도 태안군 근흥면,경상사고,0,0,2,1,차대차 - 정면충돌,중앙선침범,적설,눈,단일로 - 기타,승용,여,53세,부상신고,승용,남,39세,경상
2020123100100552,2020년 12월 31일 21시,목요일,충청남도 청양군 장평면,경상사고,0,0,2,0,차대차 - 추돌,차로위반,건조,흐림,단일로 - 기타,승용,남,28세,상해없음,승용,남,28세,경상
2020123100100580,2020년 12월 31일 22시,목요일,충청남도 부여군 부여읍,경상사고,0,0,1,0,차대차 - 추돌,안전운전불이행,적설,맑음,교차로 - 교차로부근,승용,남,43세,기타불명,승용,여,45세,경상
2020123100100600,2020년 12월 31일 23시,목요일,충청남도 서산시 잠홍동,중상사고,0,1,0,0,차대차 - 추돌,안전운전불이행,서리/결빙,눈,교차로 - 교차로부근,승용,여,56세,상해없음,승용,남,64세,중상